season_number,season_id,team_id,team_name,is_ai,league_id,league_level,position,points,played,won,drawn,lost,goals_for,goals_against,goal_difference,roster_count,avg_ovr,top8_ovr,max_ovr,contracts_signed,rookie_contracts,academy_signings,rookie_market_signings,free_market_signings,auto_fill_signings,wage_cap,wage_bill,wage_pressure_pct,balance,financial_health,overspend_level
1,1becb771-63d7-4552-9955-44e42acf801f,006a6948-c022-4140-9f09-55496c717ec8,美丽游戏,True,9c6d0d26-d73b-4e64-a24b-07ecc3e24dcf,1,7,15,14,4,3,7,38,41,-3,15,78.33,86.5,97,5,0,0,0,0,0,4200000.0,2423779.0,57.71,19367767.02,A,none
1,1becb771-63d7-4552-9955-44e42acf801f,0242f21a-8b9b-4208-aadb-86fb1fd449a2,里约狂欢,True,72fb7b0c-5295-4288-b728-03f98b7d97f1,3,4,25,14,7,4,3,35,28,7,14,67.93,73.75,87,4,0,0,0,0,0,2250000.0,1226767.0,54.52,11856789.02,A,none
1,1becb771-63d7-4552-9955-44e42acf801f,03f5bd09-801f-446a-926d-429a38dcb222,蓝衣军团,True,811f9c6d-a4b4-4ab1-91f1-8817977993e7,4,8,9,14,3,0,11,16,36,-20,14,61.43,67.0,84,5,0,0,0,0,0,1600000.0,797082.0,49.82,7902925.0,A,none
1,1becb771-63d7-4552-9955-44e42acf801f,041b9c14-53cd-47e2-ba36-44074062a571,莫莫之王,True,72fb7b0c-5295-4288-b728-03f98b7d97f1,3,8,5,14,0,5,9,19,38,-19,15,66.2,71.88,81,4,0,0,0,0,0,2250000.0,1193820.0,53.06,11899581.98,A,none
1,1becb771-63d7-4552-9955-44e42acf801f,05f34921-c348-4f0f-a858-a424b12b7083,十字军东,True,5223ef74-be5a-4ff0-a3bc-6f00f60b2290,4,4,22,14,6,4,4,34,27,7,15,62.93,69.88,76,4,0,0,0,0,0,1600000.0,960537.0,60.03,7783010.02,A,none
1,1becb771-63d7-4552-9955-44e42acf801f,06f191f9-a375-41b6-bc60-7e8b63676e15,苍穹雄鹰,True,a8fde632-9f65-467d-bc44-32641788bb66,3,2,28,14,9,1,4,41,28,13,15,71.27,75.38,80,4,0,0,0,0,0,2250000.0,1507954.0,67.02,11740857.02,A,none
1,1becb771-63d7-4552-9955-44e42acf801f,07056dfd-f9c6-4791-8d63-f69d100f6743,绿白贝蒂,True,f6133552-fe86-45c0-b38c-2db8b01a5519,3,4,17,14,4,5,5,23,31,-8,14,67.79,72.25,83,4,0,0,0,0,0,2250000.0,1198604.0,53.27,11917540.0,A,none
1,1becb771-63d7-4552-9955-44e42acf801f,07965bb2-7a10-4607-8b8a-330288c20759,波斯猫王,True,0ffb4d3f-f9b6-4842-89bd-f17abe7c33e0,4,5,18,14,6,0,8,30,33,-3,15,63.33,69.0,80,6,0,0,0,0,0,1600000.0,875009.0,54.69,7833421.0,A,none
1,1becb771-63d7-4552-9955-44e42acf801f,08daac9b-7379-41a6-89f9-0175a30a57f0,金字塔尖,True,ae1face9-61aa-4db8-8abd-3463c41992ac,1,6,16,14,5,1,8,33,33,0,14,81.14,86.75,93,4,0,0,0,0,0,4200000.0,2695897.0,64.19,19063212.02,A,none
1,1becb771-63d7-4552-9955-44e42acf801f,0a73c2c3-2dee-40ab-961d-65ad1418d3c0,金毛狮王,True,4ccb4dce-5cb6-41ee-9b8f-130355d57f46,4,7,13,14,4,1,9,24,37,-13,15,59.4,65.0,69,1,0,0,0,0,0,1600000.0,648787.0,40.55,8087212.98,A,none
1,1becb771-63d7-4552-9955-44e42acf801f,0a7fa292-ac6f-4bc4-b708-941a6d83305f,桑布露族,True,822ee6f8-be94-43c1-8460-850fe5293ff6,4,8,10,14,2,4,8,23,33,-10,15,63.47,69.38,77,5,0,0,0,0,0,1600000.0,898446.0,56.15,7779244.0,A,none
1,1becb771-63d7-4552-9955-44e42acf801f,0b9e1fa2-9a0a-4e0e-8791-db8fcdeab4a5,猫眼石闪,True,eb81a4ce-e24f-492d-917f-7b0ebba15a78,4,2,29,14,9,2,3,33,23,10,15,63.93,70.12,75,4,0,0,0,0,0,1600000.0,964928.0,60.31,7858596.02,A,none
1,1becb771-63d7-4552-9955-44e42acf801f,0c8053f3-c52d-40b3-a3b1-af7fb78cbbf3,斯图加特,True,b785d06a-d78a-428c-91f0-ff4a9f469f4b,4,7,11,14,3,2,9,16,34,-18,15,61.2,66.62,73,5,0,0,0,0,0,1600000.0,789007.0,49.31,7914484.98,A,none
1,1becb771-63d7-4552-9955-44e42acf801f,0e512073-f2d2-4b58-8843-a5362f428a15,青云直上,True,8b1656f4-7d18-4b1d-aebc-370c7d2d9fb7,4,8,13,14,3,4,7,18,23,-5,15,60.4,67.25,76,6,0,0,0,0,0,1600000.0,703401.0,43.96,7938078.0,A,none
1,1becb771-63d7-4552-9955-44e42acf801f,0f6be741-99a1-4685-827b-e1b02c706da7,草原战狼,True,ba46fa64-5997-4e5b-89db-5d48b7c51e8a,3,1,34,14,11,1,2,34,17,17,15,69.33,75.0,79,3,0,0,0,0,0,2250000.0,1423042.0,63.25,11902536.0,A,none
1,1becb771-63d7-4552-9955-44e42acf801f,0fa74f65-e7fb-4f14-8c52-7b634a95dee8,狼堡沃尔夫,True,de56c9e6-63b1-4370-bc29-6517a02f70cd,4,3,22,14,6,4,4,34,29,5,15,61.13,69.5,80,2,0,0,0,0,0,1600000.0,973581.0,60.85,7840235.98,A,none
1,1becb771-63d7-4552-9955-44e42acf801f,102ce65e-e59d-4863-8e67-aa514fed7602,老鹰水晶宫,True,9367e21b-6e3a-4531-8dfb-0af639ae6a0d,2,4,21,14,6,3,5,31,31,0,15,71.73,80.0,96,2,0,0,0,0,0,3100000.0,1825789.0,58.9,15668650.98,A,none
1,1becb771-63d7-4552-9955-44e42acf801f,119e7558-6e26-466f-96d7-37a30d765b77,阿拉维斯,True,f6133552-fe86-45c0-b38c-2db8b01a5519,3,8,10,14,2,4,8,23,33,-10,15,65.73,70.62,77,5,0,0,0,0,0,2250000.0,1129549.0,50.2,11949281.02,A,none
1,1becb771-63d7-4552-9955-44e42acf801f,11fbf46f-5233-405a-83dc-0e6238a4b678,霍村霍芬,True,b785d06a-d78a-428c-91f0-ff4a9f469f4b,4,8,8,14,1,5,8,17,34,-17,14,61.93,68.88,75,6,0,0,0,0,0,1600000.0,829067.0,51.82,7840652.02,A,none
1,1becb771-63d7-4552-9955-44e42acf801f,13ad2944-3ec7-4ec5-87d6-19e0eb43b2e3,红军利物浦,True,2d17195f-6693-4497-b01a-83f4fc30c946,1,6,14,14,4,2,8,31,40,-9,15,75.13,80.38,91,2,0,0,0,0,0,4200000.0,1929813.0,45.95,19880695.0,A,none
1,1becb771-63d7-4552-9955-44e42acf801f,14af1578-ce27-4594-9477-7fb7fcc2df95,乞力马扎,True,1124dfd9-90be-479e-a29f-a23303cd7902,4,2,28,14,8,4,2,28,18,10,15,64.73,71.38,84,4,0,0,0,0,0,1600000.0,1119761.0,69.99,7709420.0,A,none
1,1becb771-63d7-4552-9955-44e42acf801f,16eb7054-eb6c-45c9-8764-2d42ec8efaac,设拉子酒,True,0ffb4d3f-f9b6-4842-89bd-f17abe7c33e0,4,1,34,14,11,1,2,39,17,22,15,65.93,76.25,91,5,0,0,0,0,0,1600000.0,1368994.0,85.56,7526938.02,B,none
1,1becb771-63d7-4552-9955-44e42acf801f,179def1b-c245-42c7-a39c-6de91882b237,智利红酒,True,698db303-c978-44e4-a85a-c086ddf13168,3,4,22,14,7,1,6,33,29,4,15,67.53,74.12,80,5,0,0,0,0,0,2250000.0,1192118.0,52.98,11868902.0,A,none
1,1becb771-63d7-4552-9955-44e42acf801f,17c25bce-2abb-4a31-93bf-c49aa9a583ab,三狮军团,True,2d17195f-6693-4497-b01a-83f4fc30c946,1,2,29,14,9,2,3,46,29,17,15,79.67,88.25,95,6,0,0,0,0,0,4200000.0,2798388.0,66.63,19316017.02,A,none
1,1becb771-63d7-4552-9955-44e42acf801f,1810d612-ed34-4743-b1b9-1548cf7e56a5,水手桑普,True,e300379f-18d3-4ef4-84e4-ba515ccb5d34,4,8,8,14,2,2,10,17,34,-17,15,59.27,63.5,72,4,0,0,0,0,0,1600000.0,681795.0,42.61,8035108.0,A,none
1,1becb771-63d7-4552-9955-44e42acf801f,18aee98c-a0f2-490f-9876-7caf88dd0f08,大流士王,True,0ffb4d3f-f9b6-4842-89bd-f17abe7c33e0,4,7,15,14,5,0,9,28,34,-6,15,56.33,62.62,81,4,0,0,0,0,0,1600000.0,643688.0,40.23,8082210.0,A,none
1,1becb771-63d7-4552-9955-44e42acf801f,19e3f4c4-6b77-4626-8851-46bf9cd3f50d,足球精灵,True,9c6d0d26-d73b-4e64-a24b-07ecc3e24dcf,1,3,18,14,5,3,6,23,23,0,15,77.2,83.88,91,5,0,0,0,0,0,4200000.0,2362578.0,56.25,19694188.98,A,none
1,1becb771-63d7-4552-9955-44e42acf801f,1a88743d-0b20-492d-add3-6a8961184f81,驼峰运输,True,a14c4617-240a-46a6-990f-37f821870474,3,4,24,14,7,3,4,33,33,0,15,65.0,71.12,85,4,0,0,0,0,0,2250000.0,1071401.0,47.62,12061470.02,A,none
1,1becb771-63d7-4552-9955-44e42acf801f,1ac3e675-afac-466f-a9fd-4f806bf7c6f3,狼队伍尔弗,True,9367e21b-6e3a-4531-8dfb-0af639ae6a0d,2,8,7,14,2,1,11,19,45,-26,14,69.43,74.38,85,3,0,0,0,0,0,3100000.0,1306354.0,42.14,16110985.0,A,none
1,1becb771-63d7-4552-9955-44e42acf801f,1af119e0-e593-4062-88fb-92dc16a57205,土耳其近,True,5223ef74-be5a-4ff0-a3bc-6f00f60b2290,4,7,16,14,4,4,6,21,33,-12,15,59.13,64.88,79,4,0,0,0,0,0,1600000.0,745580.0,46.6,7980486.0,A,none
1,1becb771-63d7-4552-9955-44e42acf801f,1b2cba45-5a62-4e16-9152-784ae9932f6c,阿根廷梦,True,b34e5953-6ecc-49f9-b231-ac8b8d7f89da,2,7,15,14,4,3,7,22,26,-4,15,71.0,76.62,86,3,0,0,0,0,0,3100000.0,1546336.0,49.88,15844808.02,A,none
1,1becb771-63d7-4552-9955-44e42acf801f,1b4e22b3-444a-49bd-bb80-33b02310ae6e,沙滩足球,True,9c6d0d26-d73b-4e64-a24b-07ecc3e24dcf,1,8,11,14,3,2,9,24,34,-10,15,81.53,88.5,97,5,0,0,0,0,0,4200000.0,3027279.0,72.08,18789671.02,A,none
1,1becb771-63d7-4552-9955-44e42acf801f,1d51a369-b074-4981-ae75-b1502605df6b,沙漠孤鹰,True,a8fde632-9f65-467d-bc44-32641788bb66,3,5,18,14,5,3,6,38,35,3,15,65.93,72.62,85,4,0,0,0,0,0,2250000.0,1165220.0,51.79,11973865.0,A,none
1,1becb771-63d7-4552-9955-44e42acf801f,1d876db7-4a41-422c-b698-ef8b431b2072,铁锤帮西汉,True,9367e21b-6e3a-4531-8dfb-0af639ae6a0d,2,2,25,14,8,1,5,41,25,16,15,74.8,81.62,99,4,0,0,0,0,0,3100000.0,1999730.0,64.51,15567447.98,A,none
1,1becb771-63d7-4552-9955-44e42acf801f,1e858fc7-b407-4cf1-ae63-7b50797fd677,星月传奇,True,a214dae7-f210-4978-a373-8769b832bee7,3,3,22,14,7,1,6,28,25,3,15,71.07,76.25,84,6,0,0,0,0,0,2250000.0,1540352.0,68.46,11664049.0,A,none
1,1becb771-63d7-4552-9955-44e42acf801f,1e9dd6c4-5654-43b9-b015-820e6b746148,绿茵魔术师,True,9c6d0d26-d73b-4e64-a24b-07ecc3e24dcf,1,1,29,14,9,2,3,44,28,16,15,80.93,87.12,96,3,0,0,0,0,0,4200000.0,2831823.0,67.42,19481312.98,A,none
1,1becb771-63d7-4552-9955-44e42acf801f,1fc6b440-f3a0-40a8-9da9-6aeb7511c6f2,沙漠玫瑰,True,d0849cc4-a873-4461-bd7f-b6932ad21180,4,6,16,14,4,4,6,22,30,-8,14,59.43,63.88,69,4,0,0,0,0,0,1600000.0,672376.0,42.02,8014517.02,A,none
1,1becb771-63d7-4552-9955-44e42acf801f,2057008e-e99c-4efd-9acf-ff25f2ea4cff,尼罗河神,True,ae1face9-61aa-4db8-8abd-3463c41992ac,1,2,25,14,8,1,5,37,25,12,14,75.57,82.0,92,5,0,0,0,0,0,4200000.0,2283136.0,54.36,19644759.98,A,none
1,1becb771-63d7-4552-9955-44e42acf801f,208710dc-1c42-4656-a917-fa2cf48be7b1,中原飞虎,True,d20b9cee-18bd-4a8d-be78-a5b2681775bc,2,3,24,14,8,0,6,40,37,3,15,70.6,76.38,84,4,0,0,0,0,0,3100000.0,1487155.0,47.97,16097878.98,A,none
1,1becb771-63d7-4552-9955-44e42acf801f,22a97709-e9b7-47c7-a868-436c9fc04b53,青龙偃月,True,4464c52b-5a24-426c-b8f4-ab59a28259ce,1,7,12,14,3,3,8,26,37,-11,15,76.4,83.5,89,5,0,0,0,0,0,4200000.0,2256079.0,53.72,19613328.98,A,none
1,1becb771-63d7-4552-9955-44e42acf801f,23e14ca1-58d8-4e82-8320-1660f2004670,石化巨人,True,1e16da56-65f9-4e5d-ac82-71ca951a25e5,2,4,20,14,6,2,6,28,37,-9,14,70.64,75.88,85,5,0,0,0,0,0,3100000.0,1478267.0,47.69,15984074.0,A,none
1,1becb771-63d7-4552-9955-44e42acf801f,25b85fb1-f46c-41b1-a611-99b7b0e5f623,撒丁岛卡,True,e300379f-18d3-4ef4-84e4-ba515ccb5d34,4,5,17,14,5,2,7,23,25,-2,15,60.4,68.0,74,3,0,0,0,0,0,1600000.0,809375.0,50.59,7920348.02,A,none
1,1becb771-63d7-4552-9955-44e42acf801f,263cf029-6ac6-4387-9c0e-3b60159bfbbf,紫电龙骑,True,4464c52b-5a24-426c-b8f4-ab59a28259ce,1,8,11,14,3,2,9,23,38,-15,15,77.0,82.5,94,3,0,0,0,0,0,4200000.0,2383843.0,56.76,19411736.02,A,none
1,1becb771-63d7-4552-9955-44e42acf801f,26592c57-70eb-43ac-89fe-cbb2e4fd7d1d,一千零一夜,True,ae1face9-61aa-4db8-8abd-3463c41992ac,1,7,15,14,5,0,9,39,48,-9,15,77.73,83.88,93,3,0,0,0,0,0,4200000.0,2469819.0,58.81,19354759.0,A,none
1,1becb771-63d7-4552-9955-44e42acf801f,27106979-3665-4b74-bc64-256babe7ad2e,沙漠之舟,True,a14c4617-240a-46a6-990f-37f821870474,3,5,21,14,6,3,5,37,28,9,15,69.27,74.5,92,3,0,0,0,0,0,2250000.0,1422731.0,63.23,11724202.02,A,none
1,1becb771-63d7-4552-9955-44e42acf801f,285bca99-7be9-4c07-aecf-8920c07367ef,大津巴布,True,822ee6f8-be94-43c1-8460-850fe5293ff6,4,3,23,14,6,5,3,33,27,6,15,59.0,64.0,71,5,0,0,0,0,0,1600000.0,667474.0,41.72,8084524.98,A,none
1,1becb771-63d7-4552-9955-44e42acf801f,28991d5a-e175-4eb8-bbc7-c095ebf0f15b,马里帝国,True,822ee6f8-be94-43c1-8460-850fe5293ff6,4,1,26,14,8,2,4,29,18,11,15,62.27,68.75,78,1,0,0,0,0,0,1600000.0,916542.0,57.28,8005058.0,A,none
1,1becb771-63d7-4552-9955-44e42acf801f,29b4a156-ad50-45be-b832-939e9765d81b,长颈鹿颈,True,426c3e38-63b3-4ee0-85dd-85525974bfdf,4,1,31,14,10,1,3,44,20,24,15,64.6,70.88,81,4,0,0,0,0,0,1600000.0,972866.0,60.8,7866057.98,A,none
1,1becb771-63d7-4552-9955-44e42acf801f,2b9219d9-b8c2-4228-98e5-48a7d54225fc,狂熊撼地,True,a0107e47-d545-415a-877e-a250b12b72a3,4,1,30,14,10,0,4,24,10,14,15,64.13,69.62,83,5,0,0,0,0,0,1600000.0,1018709.0,63.67,7868489.98,A,none
1,1becb771-63d7-4552-9955-44e42acf801f,2c041a01-f53d-4641-af0a-38f385a707e5,奥格斯堡,True,b785d06a-d78a-428c-91f0-ff4a9f469f4b,4,6,18,14,6,0,8,28,26,2,14,57.71,62.62,70,4,0,0,0,0,0,1600000.0,598208.0,37.39,8129326.98,A,none
1,1becb771-63d7-4552-9955-44e42acf801f,2d6a3b35-37d0-44ab-a002-979bebd4030c,太妃糖埃弗,True,9367e21b-6e3a-4531-8dfb-0af639ae6a0d,2,6,19,14,6,1,7,36,39,-3,15,75.33,83.25,96,6,0,0,0,0,0,3100000.0,2258698.0,72.86,15188628.0,A,none
1,1becb771-63d7-4552-9955-44e42acf801f,2f517220-de2d-4a97-a5a8-a2aa2aa43099,弯月之星,True,a214dae7-f210-4978-a373-8769b832bee7,3,4,21,14,7,0,7,30,27,3,15,66.93,74.0,86,2,0,0,0,0,0,2250000.0,1248642.0,55.5,11912006.0,A,none
1,1becb771-63d7-4552-9955-44e42acf801f,30a13eaf-88ed-44c7-a6c0-c1af40a1d699,小海马萨,True,e300379f-18d3-4ef4-84e4-ba515ccb5d34,4,4,25,14,8,1,5,32,29,3,15,60.07,66.38,84,3,0,0,0,0,0,1600000.0,805311.0,50.33,7980204.98,A,none
1,1becb771-63d7-4552-9955-44e42acf801f,312637f2-889f-449d-8f76-1193fefa25ed,印加帝国,True,698db303-c978-44e4-a85a-c086ddf13168,3,2,27,14,8,3,3,40,27,13,15,67.53,75.75,80,4,0,0,0,0,0,2250000.0,1346745.0,59.86,11887211.0,A,none
1,1becb771-63d7-4552-9955-44e42acf801f,313c5422-c185-43ac-92fe-56acd302f71c,红宝石矿,True,eb81a4ce-e24f-492d-917f-7b0ebba15a78,4,5,18,14,5,3,6,35,33,2,14,61.79,67.25,72,6,0,0,0,0,0,1600000.0,774004.0,48.38,7902946.0,A,none
1,1becb771-63d7-4552-9955-44e42acf801f,3185911f-f4fc-497f-bc6b-93fdadaf8157,天然气王,True,1e16da56-65f9-4e5d-ac82-71ca951a25e5,2,6,14,14,4,2,8,16,24,-8,14,75.36,81.25,96,5,0,0,0,0,0,3100000.0,2053465.0,66.24,15404323.02,A,none
1,1becb771-63d7-4552-9955-44e42acf801f,331ecd59-bd3c-469a-bb81-f4487353bc2c,非洲大象,True,426c3e38-63b3-4ee0-85dd-85525974bfdf,4,8,9,14,3,0,11,22,37,-15,15,59.47,64.62,72,4,0,0,0,0,0,1600000.0,655673.0,40.98,8050983.0,A,none
1,1becb771-63d7-4552-9955-44e42acf801f,3432cf5d-c3c5-46b6-86fa-36eea4852056,罗马狼王,True,811f9c6d-a4b4-4ab1-91f1-8817977993e7,4,5,17,14,4,5,5,23,23,0,15,61.27,68.88,78,5,0,0,0,0,0,1600000.0,882623.0,55.16,7844940.98,A,none
1,1becb771-63d7-4552-9955-44e42acf801f,345ce64a-0eff-45c3-892e-171f6803a8b3,农场主富勒,True,9367e21b-6e3a-4531-8dfb-0af639ae6a0d,2,5,20,14,6,2,6,34,35,-1,15,71.67,78.25,97,5,0,0,0,0,0,3100000.0,1660109.0,53.55,15757843.0,A,none
1,1becb771-63d7-4552-9955-44e42acf801f,3611c1c7-91f0-4613-aaa5-3f05046a7cfd,金石为开,True,8b1656f4-7d18-4b1d-aebc-370c7d2d9fb7,4,7,16,14,4,4,6,26,33,-7,14,60.93,66.25,74,7,0,0,0,0,0,1600000.0,718696.0,44.92,7938217.02,A,none
1,1becb771-63d7-4552-9955-44e42acf801f,3689a578-7989-4145-80c8-239c51782ffa,祖母绿光,True,eb81a4ce-e24f-492d-917f-7b0ebba15a78,4,6,12,14,3,3,8,23,32,-9,13,62.62,66.38,73,5,0,0,0,0,0,1600000.0,795026.0,49.69,7919423.0,A,none
1,1becb771-63d7-4552-9955-44e42acf801f,36c5314f-4d79-4654-be87-9464aafb9690,宇宙巴萨,True,eb1ba9bc-fe8f-4b5b-92bd-dff3e3a1f2f3,3,2,26,14,8,2,4,43,25,18,14,69.93,77.25,91,4,0,0,0,0,0,2250000.0,1638409.0,72.82,11397015.0,A,none
1,1becb771-63d7-4552-9955-44e42acf801f,377ee383-a7cf-47f7-8718-3bc97b4813c7,华山剑客,True,37e412c4-f66b-421e-b6ab-73ffbe132649,4,1,27,14,8,3,3,36,22,14,15,64.8,71.88,77,1,0,0,0,0,0,1600000.0,1065288.0,66.58,7850712.0,A,none
1,1becb771-63d7-4552-9955-44e42acf801f,37cc4353-9dc6-4541-ad33-63c9fbca518f,克鲁格园,True,1124dfd9-90be-479e-a29f-a23303cd7902,4,6,17,14,5,2,7,18,29,-11,15,64.33,68.88,85,3,0,0,0,0,0,1600000.0,978143.0,61.13,7760642.98,A,none
1,1becb771-63d7-4552-9955-44e42acf801f,384f01a0-83ea-4923-b450-d4672f0661fe,刚果王国,True,822ee6f8-be94-43c1-8460-850fe5293ff6,4,2,24,14,7,3,4,27,24,3,15,59.47,64.25,78,5,0,0,0,0,0,1600000.0,695155.0,43.45,8083490.0,A,none
1,1becb771-63d7-4552-9955-44e42acf801f,389f1e5e-36a4-4017-a979-387a050ce412,伊斯法罕,True,0ffb4d3f-f9b6-4842-89bd-f17abe7c33e0,4,3,24,14,7,3,4,31,26,5,15,64.33,69.5,77,7,0,0,0,0,0,1600000.0,985687.0,61.61,7804371.98,A,none
1,1becb771-63d7-4552-9955-44e42acf801f,38b4ca23-fcd0-4146-b82e-d14302fc77d5,辛巴达航,True,ae1face9-61aa-4db8-8abd-3463c41992ac,1,5,17,14,5,2,7,38,39,-1,15,74.53,82.5,90,3,0,0,0,0,0,4200000.0,1974128.0,47.0,19881131.0,A,none
1,1becb771-63d7-4552-9955-44e42acf801f,3b2eeeaf-91a3-4139-96c7-9d9a3c506324,草原猎鹰,True,a8fde632-9f65-467d-bc44-32641788bb66,3,3,26,14,8,2,4,39,26,13,14,67.29,72.88,82,3,0,0,0,0,0,2250000.0,1134983.0,50.44,12011809.02,A,none
1,1becb771-63d7-4552-9955-44e42acf801f,3cc08543-1d2e-45a9-a1a4-2bfc049ceae3,阿里巴巴,True,d0849cc4-a873-4461-bd7f-b6932ad21180,4,1,35,14,11,2,1,40,21,19,15,63.87,68.5,79,5,0,0,0,0,0,1600000.0,879859.0,54.99,7920246.98,A,none
1,1becb771-63d7-4552-9955-44e42acf801f,401342f0-c394-4c39-a137-a6ca18f3f59b,西域雪狼,True,ba46fa64-5997-4e5b-89db-5d48b7c51e8a,3,4,21,14,6,3,5,31,24,7,15,68.27,76.5,85,5,0,0,0,0,0,2250000.0,1463294.0,65.04,11703785.02,A,none
1,1becb771-63d7-4552-9955-44e42acf801f,404a75f0-a644-464b-b83c-456ebf6d2c33,Medina之光,True,a214dae7-f210-4978-a373-8769b832bee7,3,5,20,14,6,2,6,33,29,4,15,65.4,71.88,85,3,0,0,0,0,0,2250000.0,1150930.0,51.15,11934750.02,A,none
1,1becb771-63d7-4552-9955-44e42acf801f,408f6ba6-09fe-4598-87f1-c1f3ac3d8e98,单峰快驼,True,a14c4617-240a-46a6-990f-37f821870474,3,8,6,14,1,3,10,25,48,-23,15,62.73,68.88,74,4,0,0,0,0,0,2250000.0,913331.0,40.59,12132961.02,A,none
1,1becb771-63d7-4552-9955-44e42acf801f,41501a6a-5951-4b09-a411-c409b9319f7d,美洲豹王,True,84f55ea0-ff15-4d41-be07-1ac16be52c96,4,3,24,14,7,3,4,24,20,4,15,62.0,70.88,77,2,0,0,0,0,0,1600000.0,869609.0,54.35,7917398.98,A,none
1,1becb771-63d7-4552-9955-44e42acf801f,42fbdc5a-8c40-4bde-9235-322d4558de50,蓝月亮城,True,2d17195f-6693-4497-b01a-83f4fc30c946,1,1,30,14,9,3,2,46,26,20,15,82.53,86.62,93,6,0,0,0,0,0,4200000.0,2939322.0,69.98,19253640.0,A,none
1,1becb771-63d7-4552-9955-44e42acf801f,43fabbee-b584-4985-9119-627445998a83,居鲁士帝,True,0ffb4d3f-f9b6-4842-89bd-f17abe7c33e0,4,6,16,14,5,1,8,26,35,-9,15,59.47,67.25,79,5,0,0,0,0,0,1600000.0,797690.0,49.86,7922191.02,A,none
1,1becb771-63d7-4552-9955-44e42acf801f,4610e88a-e065-4c39-a833-c971e47191a1,五人制王,True,9c6d0d26-d73b-4e64-a24b-07ecc3e24dcf,1,5,18,14,4,6,4,26,30,-4,15,76.2,84.25,91,4,0,0,0,0,0,4200000.0,2373897.0,56.52,19508413.0,A,none
1,1becb771-63d7-4552-9955-44e42acf801f,47de49d5-fdca-4d81-b80e-b55a79bd3ced,黑虎掏心,True,d20b9cee-18bd-4a8d-be78-a5b2681775bc,2,7,8,14,2,2,10,19,30,-11,15,68.8,75.88,89,3,0,0,0,0,0,3100000.0,1265577.0,40.83,16107330.98,A,none
1,1becb771-63d7-4552-9955-44e42acf801f,4812c221-b983-4262-8849-407bd855fee7,汉诺威红,True,b785d06a-d78a-428c-91f0-ff4a9f469f4b,4,4,24,14,7,3,4,22,20,2,15,60.87,67.88,78,4,0,0,0,0,0,1600000.0,840751.0,52.55,7898047.0,A,none
1,1becb771-63d7-4552-9955-44e42acf801f,4827bcfa-ad0c-4570-a1bb-e73e4531857d,角马迁徙,True,426c3e38-63b3-4ee0-85dd-85525974bfdf,4,6,16,14,5,1,8,17,30,-13,14,61.43,66.88,83,5,0,0,0,0,0,1600000.0,848341.0,53.02,7880628.0,A,none
1,1becb771-63d7-4552-9955-44e42acf801f,48831857-1b6a-413e-bda8-5719fd283efc,绿松石绿,True,eb81a4ce-e24f-492d-917f-7b0ebba15a78,4,8,9,14,3,0,11,19,34,-15,14,63.93,67.62,80,6,0,0,0,0,0,1600000.0,888400.0,55.53,7816671.0,A,none
1,1becb771-63d7-4552-9955-44e42acf801f,4956aca2-3f90-4766-a4e5-19d273ef1806,汽油骑士,True,1e16da56-65f9-4e5d-ac82-71ca951a25e5,2,8,10,14,3,1,10,21,38,-17,14,66.07,73.38,84,2,0,0,0,0,0,3100000.0,1217730.0,39.28,16196322.0,A,none
1,1becb771-63d7-4552-9955-44e42acf801f,496db78f-db3a-4429-8849-d9230914b4d9,麦加朝圣,True,a214dae7-f210-4978-a373-8769b832bee7,3,8,5,14,1,2,11,14,41,-27,14,63.86,70.88,83,5,0,0,0,0,0,2250000.0,1024117.0,45.52,12036400.0,A,none
1,1becb771-63d7-4552-9955-44e42acf801f,49c653c0-8e28-46ca-9ce2-4d84c9ec42ac,玛瑙石红,True,eb81a4ce-e24f-492d-917f-7b0ebba15a78,4,7,11,14,3,2,9,20,32,-12,15,61.67,67.38,73,4,0,0,0,0,0,1600000.0,809909.0,50.62,7888009.02,A,none
1,1becb771-63d7-4552-9955-44e42acf801f,4c1ec84b-28ed-4dec-a64f-a657a0f7cb52,能源霸主,True,1e16da56-65f9-4e5d-ac82-71ca951a25e5,2,7,13,14,4,1,9,28,41,-13,15,75.13,82.5,92,5,0,0,0,0,0,3100000.0,2087289.0,67.33,15317751.98,A,none
1,1becb771-63d7-4552-9955-44e42acf801f,4cfa84d7-a28d-4fa7-b027-e46898055965,北方苍狼,True,ba46fa64-5997-4e5b-89db-5d48b7c51e8a,3,3,23,14,6,5,3,32,24,8,15,68.93,74.88,88,3,0,0,0,0,0,2250000.0,1440768.0,64.03,11771321.02,A,none
1,1becb771-63d7-4552-9955-44e42acf801f,4d472da3-7b92-49fc-906f-9f552ddf60a9,蜜蜂布伦特,True,9367e21b-6e3a-4531-8dfb-0af639ae6a0d,2,3,25,14,8,1,5,37,31,6,15,74.53,81.25,91,5,0,0,0,0,0,3100000.0,2036752.0,65.7,15565914.02,A,none
1,1becb771-63d7-4552-9955-44e42acf801f,4e3da93e-5b37-4581-85e2-917f1832c0a4,萨拉丁军,True,5223ef74-be5a-4ff0-a3bc-6f00f60b2290,4,5,18,14,4,6,4,30,26,4,15,62.33,69.62,82,4,0,0,0,0,0,1600000.0,924677.0,57.79,7814144.0,A,none
1,1becb771-63d7-4552-9955-44e42acf801f,4f99cfc0-1d1f-4119-ae38-03748d6dbda6,金虎啸月,True,d20b9cee-18bd-4a8d-be78-a5b2681775bc,2,2,28,14,9,1,4,40,30,10,15,72.93,79.75,90,3,0,0,0,0,0,3100000.0,1808025.0,58.32,15794039.0,A,none
1,1becb771-63d7-4552-9955-44e42acf801f,4fc413c0-dc02-4f5b-a7b0-885cc875a227,圣保罗彩,True,72fb7b0c-5295-4288-b728-03f98b7d97f1,3,7,8,14,1,5,8,24,40,-16,15,66.47,73.62,83,2,0,0,0,0,0,2250000.0,1174118.0,52.18,11914021.98,A,none
1,1becb771-63d7-4552-9955-44e42acf801f,502f7b1b-fa02-4b4f-805a-7634322229c7,凤凰涅槃,True,a0107e47-d545-415a-877e-a250b12b72a3,4,5,18,14,5,3,6,22,21,1,15,62.4,68.62,79,4,0,0,0,0,0,1600000.0,916818.0,57.3,7827806.98,A,none
1,1becb771-63d7-4552-9955-44e42acf801f,511869fc-0d4a-4a9d-874f-672bf7b73d7b,西海金龙,True,4464c52b-5a24-426c-b8f4-ab59a28259ce,1,5,19,14,6,1,7,29,30,-1,14,78.5,84.12,96,5,0,0,0,0,0,4200000.0,2722160.0,64.81,19070537.0,A,none
1,1becb771-63d7-4552-9955-44e42acf801f,52026170-7ab6-4175-828f-f374212fe06f,尼罗河源,True,1124dfd9-90be-479e-a29f-a23303cd7902,4,5,17,14,4,5,5,22,26,-4,15,65.67,71.88,82,4,0,0,0,0,0,1600000.0,1054643.0,65.92,7614038.98,A,none
1,1becb771-63d7-4552-9955-44e42acf801f,52b387be-648a-4fa3-a51e-5c34309c7310,凯门鳄凶,True,84f55ea0-ff15-4d41-be07-1ac16be52c96,4,8,9,14,2,3,9,18,37,-19,14,57.93,60.88,65,3,0,0,0,0,0,1600000.0,600614.0,37.54,8097496.0,A,none
1,1becb771-63d7-4552-9955-44e42acf801f,53139716-38aa-4fc3-9533-84ac7c0503b4,红魔曼联,True,2d17195f-6693-4497-b01a-83f4fc30c946,1,7,11,14,2,5,7,32,44,-12,15,78.27,84.0,89,3,0,0,0,0,0,4200000.0,2405626.0,57.28,19379674.02,A,none
1,1becb771-63d7-4552-9955-44e42acf801f,532aa483-fbd2-4aaf-a3f8-83e0fee2a797,贝都因骑,True,5223ef74-be5a-4ff0-a3bc-6f00f60b2290,4,8,5,14,1,2,11,18,39,-21,15,62.47,67.62,74,2,0,0,0,0,0,1600000.0,877195.0,54.82,7851284.98,A,none
1,1becb771-63d7-4552-9955-44e42acf801f,53f3c6c3-c12d-41d2-a3ad-58b6b94a6dea,维多利亚,True,1124dfd9-90be-479e-a29f-a23303cd7902,4,4,19,14,6,1,7,35,34,1,15,66.33,72.25,80,5,0,0,0,0,0,1600000.0,1137978.0,71.12,7640011.02,A,none
1,1becb771-63d7-4552-9955-44e42acf801f,556d3a6a-e537-4d72-873b-01c32bb956b2,布宜诺斯,True,b34e5953-6ecc-49f9-b231-ac8b8d7f89da,2,5,16,14,4,4,6,22,26,-4,15,74.8,78.62,85,4,0,0,0,0,0,3100000.0,1906670.0,61.51,15572972.0,A,none
1,1becb771-63d7-4552-9955-44e42acf801f,5579ed94-d42c-43b0-b0cf-6db8a4f10f36,探戈情人,True,b34e5953-6ecc-49f9-b231-ac8b8d7f89da,2,2,25,14,8,1,5,44,29,15,15,73.07,79.88,95,5,0,0,0,0,0,3100000.0,1896807.0,61.19,15747291.02,A,none
1,1becb771-63d7-4552-9955-44e42acf801f,5756d9a0-5fed-40dc-9981-af7fd1b0a0a9,清真寺塔,True,a214dae7-f210-4978-a373-8769b832bee7,3,1,35,14,11,2,1,42,14,28,15,69.87,76.38,82,4,0,0,0,0,0,2250000.0,1398767.0,62.17,11850689.98,A,none
1,1becb771-63d7-4552-9955-44e42acf801f,578d8ca9-f619-4b00-b2e8-81e6079f18dd,食蚁兽长,True,84f55ea0-ff15-4d41-be07-1ac16be52c96,4,1,26,14,8,2,4,35,21,14,15,64.33,70.12,78,1,0,0,0,0,0,1600000.0,1085834.0,67.86,7844566.02,A,none
1,1becb771-63d7-4552-9955-44e42acf801f,57e9792f-f898-4f1f-bf63-d4122fc0d1a8,武当太极,True,37e412c4-f66b-421e-b6ab-73ffbe132649,4,4,21,14,6,3,5,33,31,2,15,66.27,71.75,84,2,0,0,0,0,0,1600000.0,1188241.0,74.27,7598114.02,A,none
1,1becb771-63d7-4552-9955-44e42acf801f,57fe450c-b28d-419d-a0b3-63e5cc902728,矿工沙尔,True,b785d06a-d78a-428c-91f0-ff4a9f469f4b,4,2,27,14,8,3,3,36,21,15,14,65.14,71.0,75,1,0,0,0,0,0,1600000.0,1036743.0,64.8,7822657.0,A,none
1,1becb771-63d7-4552-9955-44e42acf801f,58bcbf0c-3e33-411b-a10b-b48ebb72c0fd,波斯勇士,True,0ffb4d3f-f9b6-4842-89bd-f17abe7c33e0,4,2,28,14,9,1,4,32,21,11,14,65.14,70.12,79,5,0,0,0,0,0,1600000.0,1046802.0,65.43,7699505.0,A,none
1,1becb771-63d7-4552-9955-44e42acf801f,5bf54cba-5b7a-4632-bf59-503ac4f493ab,双峰巨驼,True,a14c4617-240a-46a6-990f-37f821870474,3,7,9,14,2,3,9,23,47,-24,15,66.33,73.62,81,4,0,0,0,0,0,2250000.0,1227920.0,54.57,11850657.98,A,none
1,1becb771-63d7-4552-9955-44e42acf801f,5ed5e12b-ec53-4677-a4b5-8d74e21bb98b,复活节岛,True,698db303-c978-44e4-a85a-c086ddf13168,3,7,11,14,3,2,9,19,34,-15,15,64.4,70.25,81,2,0,0,0,0,0,2250000.0,1068585.0,47.49,12013410.98,A,none
1,1becb771-63d7-4552-9955-44e42acf801f,5f7f8f8e-9ab2-434c-b005-fc3c5893a4ad,小辣椒莱,True,e300379f-18d3-4ef4-84e4-ba515ccb5d34,4,2,30,14,9,3,2,31,23,8,13,62.62,68.62,89,3,0,0,0,0,0,1600000.0,874695.0,54.67,7967412.02,A,none
1,1becb771-63d7-4552-9955-44e42acf801f,60485f7e-4f7c-45e4-b748-faadb1b6bf75,阿拉伯夜,True,ae1face9-61aa-4db8-8abd-3463c41992ac,1,8,10,14,3,1,10,21,49,-28,14,73.0,79.25,92,4,0,0,0,0,0,4200000.0,1726887.0,41.12,20041815.98,A,none
1,1becb771-63d7-4552-9955-44e42acf801f,608be585-2b1a-4d51-b0cb-5465c3010436,沙漠之狐,True,ae1face9-61aa-4db8-8abd-3463c41992ac,1,1,34,14,10,4,0,50,24,26,15,81.67,87.62,97,3,0,0,0,0,0,4200000.0,3063157.0,72.93,19193025.0,A,none
1,1becb771-63d7-4552-9955-44e42acf801f,61e6e3a1-cfd5-426a-8e11-1ea02f56fd8b,街球之王,True,9c6d0d26-d73b-4e64-a24b-07ecc3e24dcf,1,6,17,14,5,2,7,28,33,-5,14,78.93,84.75,90,2,0,0,0,0,0,4200000.0,2507109.0,59.69,19335448.0,A,none
1,1becb771-63d7-4552-9955-44e42acf801f,624a04b6-7550-4b86-9fd9-b2a25e6bbe7f,流水无痕,True,8b1656f4-7d18-4b1d-aebc-370c7d2d9fb7,4,3,22,14,6,4,4,27,29,-2,15,60.13,65.25,72,4,0,0,0,0,0,1600000.0,692499.0,43.28,8103101.98,A,none
1,1becb771-63d7-4552-9955-44e42acf801f,644b825c-9b2b-4383-b22c-725aa1e9152e,非洲野牛,True,426c3e38-63b3-4ee0-85dd-85525974bfdf,4,5,19,14,5,4,5,24,29,-5,14,62.36,68.0,77,7,0,0,0,0,0,1600000.0,779436.0,48.71,7952456.98,A,none
1,1becb771-63d7-4552-9955-44e42acf801f,64c011af-bca9-45ee-bf83-f1fb6dc1ca14,雪虎踏山,True,d20b9cee-18bd-4a8d-be78-a5b2681775bc,2,8,6,14,1,3,10,26,48,-22,15,68.0,74.75,84,4,0,0,0,0,0,3100000.0,1305420.0,42.11,16086353.0,A,none
1,1becb771-63d7-4552-9955-44e42acf801f,650c94ec-9237-4067-be84-258d382203ec,少林武僧,True,37e412c4-f66b-421e-b6ab-73ffbe132649,4,3,23,14,6,5,3,24,21,3,14,62.86,68.88,81,5,0,0,0,0,0,1600000.0,897996.0,56.12,7833869.98,A,none
1,1becb771-63d7-4552-9955-44e42acf801f,673799c9-ad32-40e2-b497-1fe6ac04f5d1,药厂勒沃,True,de56c9e6-63b1-4370-bc29-6517a02f70cd,4,6,17,14,4,5,5,20,20,0,15,61.73,67.0,69,5,0,0,0,0,0,1600000.0,796995.0,49.81,7914719.98,A,none
1,1becb771-63d7-4552-9955-44e42acf801f,6793d666-1351-4faf-bc46-e23b72f29f1b,雪豹冰山,True,4ccb4dce-5cb6-41ee-9b8f-130355d57f46,4,8,7,14,2,1,11,14,28,-14,15,62.73,68.0,81,4,0,0,0,0,0,1600000.0,930988.0,58.19,7788956.02,A,none
1,1becb771-63d7-4552-9955-44e42acf801f,67b81d51-8b4d-41fd-ae45-b1fadea3676b,斑马条纹,True,426c3e38-63b3-4ee0-85dd-85525974bfdf,4,7,10,14,3,1,10,23,43,-20,15,61.53,66.88,73,2,0,0,0,0,0,1600000.0,821427.0,51.34,7907122.98,A,none
1,1becb771-63d7-4552-9955-44e42acf801f,67e432d7-2e54-4ee4-a770-f40e630e6bc8,马赛马拉,True,1124dfd9-90be-479e-a29f-a23303cd7902,4,7,14,14,4,2,8,19,29,-10,15,63.47,69.88,80,3,0,0,0,0,0,1600000.0,1007659.0,62.98,7717416.02,A,none
1,1becb771-63d7-4552-9955-44e42acf801f,6ae6ba0d-e837-4519-bdd8-9ef6d56e8053,管道巨头,True,1e16da56-65f9-4e5d-ac82-71ca951a25e5,2,3,22,14,7,1,6,32,27,5,15,75.4,82.38,88,6,0,0,0,0,0,3100000.0,2139288.0,69.01,15460302.02,A,none
1,1becb771-63d7-4552-9955-44e42acf801f,6b42d32b-f885-4450-b48c-233e1b1a494f,喜鹊纽卡,True,2d17195f-6693-4497-b01a-83f4fc30c946,1,8,7,14,1,4,9,17,42,-25,14,73.0,76.62,80,4,0,0,0,0,0,4200000.0,1651443.0,39.32,20099112.98,A,none
1,1becb771-63d7-4552-9955-44e42acf801f,6c0dba72-2837-4453-8f69-63f1d3886e9f,马赛勇士,True,822ee6f8-be94-43c1-8460-850fe5293ff6,4,6,20,14,6,2,6,26,30,-4,15,61.33,67.75,78,5,0,0,0,0,0,1600000.0,854223.0,53.39,7891493.98,A,none
1,1becb771-63d7-4552-9955-44e42acf801f,6d8e0c3f-f699-4dc0-aff2-9fa21ee26e74,纳斯卡线,True,698db303-c978-44e4-a85a-c086ddf13168,3,5,21,14,6,3,5,20,27,-7,15,64.2,71.25,77,5,0,0,0,0,0,2250000.0,1005626.0,44.69,12112458.0,A,none
1,1becb771-63d7-4552-9955-44e42acf801f,6e247ef0-57b1-4282-90bd-e7ac11d50e3a,火狼焚原,True,ba46fa64-5997-4e5b-89db-5d48b7c51e8a,3,8,12,14,3,3,8,22,38,-16,15,68.4,74.12,79,3,0,0,0,0,0,2250000.0,1365378.0,60.68,11693229.0,A,none
1,1becb771-63d7-4552-9955-44e42acf801f,6e6bb008-2263-40ed-9a77-e9e836378fda,黑金帝国,True,1e16da56-65f9-4e5d-ac82-71ca951a25e5,2,2,28,14,9,1,4,49,28,21,15,72.6,78.5,94,2,0,0,0,0,0,3100000.0,1873067.0,60.42,15782335.02,A,none
1,1becb771-63d7-4552-9955-44e42acf801f,7012880c-807c-4190-90f7-0e644aad825e,石油大亨,True,1e16da56-65f9-4e5d-ac82-71ca951a25e5,2,1,37,14,12,1,1,49,27,22,15,73.2,82.5,91,6,0,0,0,0,0,3100000.0,1825860.0,58.9,15752411.0,A,none
1,1becb771-63d7-4552-9955-44e42acf801f,70f67bd4-e206-4287-85f3-c9769b03c861,银龙出海,True,4464c52b-5a24-426c-b8f4-ab59a28259ce,1,6,14,14,4,2,8,25,36,-11,15,73.33,80.38,92,5,0,0,0,0,0,4200000.0,1895624.0,45.13,19984328.98,A,none
1,1becb771-63d7-4552-9955-44e42acf801f,718f50ad-1cfa-496b-88a9-ac1e32eb7a25,塞维利业,True,eb1ba9bc-fe8f-4b5b-92bd-dff3e3a1f2f3,3,6,17,14,5,2,7,27,34,-7,14,68.43,74.75,89,3,0,0,0,0,0,2250000.0,1420927.0,63.15,11648623.02,A,none
1,1becb771-63d7-4552-9955-44e42acf801f,71ac4da1-b9e4-40d5-995b-467d0669c7ad,冰狼踏雪,True,ba46fa64-5997-4e5b-89db-5d48b7c51e8a,3,7,13,14,3,4,7,12,22,-10,15,64.27,69.38,78,3,0,0,0,0,0,2250000.0,900064.0,40.0,12149196.02,A,none
1,1becb771-63d7-4552-9955-44e42acf801f,7330de8d-2325-4d92-9e0f-b40c1901fc29,安第斯山,True,b34e5953-6ecc-49f9-b231-ac8b8d7f89da,2,8,9,14,2,3,9,16,35,-19,15,69.13,75.0,94,4,0,0,0,0,0,3100000.0,1474619.0,47.57,15901251.98,A,none
1,1becb771-63d7-4552-9955-44e42acf801f,74be8e1c-e27c-4cd1-8aaf-e0182af4a72b,巨象踏天,True,a0107e47-d545-415a-877e-a250b12b72a3,4,3,22,14,6,4,4,27,32,-5,15,62.07,69.38,82,2,0,0,0,0,0,1600000.0,955682.0,59.73,7853052.0,A,none
1,1becb771-63d7-4552-9955-44e42acf801f,74dc07ee-0898-40a0-a0d6-8daee888090b,麒麟踏云,True,a0107e47-d545-415a-877e-a250b12b72a3,4,2,22,14,6,4,4,30,23,7,15,62.67,70.75,82,6,0,0,0,0,0,1600000.0,1048692.0,65.54,7737620.0,A,none
1,1becb771-63d7-4552-9955-44e42acf801f,753fa88c-427d-4800-8add-ac9451df3fe9,天方夜谭,True,d0849cc4-a873-4461-bd7f-b6932ad21180,4,4,17,14,4,5,5,21,23,-2,15,65.07,69.88,79,6,0,0,0,0,0,1600000.0,1010960.0,63.19,7716806.02,A,none
1,1becb771-63d7-4552-9955-44e42acf801f,754dcbe3-7865-4512-8487-d94ec7a83789,阿散蒂金,True,822ee6f8-be94-43c1-8460-850fe5293ff6,4,4,21,14,6,3,5,38,31,7,15,58.4,64.0,70,4,0,0,0,0,0,1600000.0,676250.0,42.27,8075558.02,A,none
1,1becb771-63d7-4552-9955-44e42acf801f,779059e3-52dd-41b9-87e5-c8044b7c1811,薛西斯军,True,0ffb4d3f-f9b6-4842-89bd-f17abe7c33e0,4,8,9,14,3,0,11,11,26,-15,15,62.47,68.88,76,5,0,0,0,0,0,1600000.0,873328.0,54.58,7841858.98,A,none
1,1becb771-63d7-4552-9955-44e42acf801f,7792e428-9917-4402-9eec-fe0f7b5a05f2,萨尔瓦多,True,72fb7b0c-5295-4288-b728-03f98b7d97f1,3,5,18,14,4,6,4,26,26,0,15,66.33,74.12,82,2,0,0,0,0,0,2250000.0,1208574.0,53.71,11903409.98,A,none
1,1becb771-63d7-4552-9955-44e42acf801f,77948078-1021-4d64-8798-5a3e304f3ccf,阿拉丁灯,True,d0849cc4-a873-4461-bd7f-b6932ad21180,4,7,14,14,2,8,4,15,18,-3,15,58.2,63.0,66,2,0,0,0,0,0,1600000.0,614339.0,38.4,8122403.0,A,none
1,1becb771-63d7-4552-9955-44e42acf801f,77a08a4b-acdc-4506-9b20-0336d460f726,雪山神鹰,True,a8fde632-9f65-467d-bc44-32641788bb66,3,8,8,14,2,2,10,16,40,-24,15,64.33,70.38,78,3,0,0,0,0,0,2250000.0,1027524.0,45.67,12045754.0,A,none
1,1becb771-63d7-4552-9955-44e42acf801f,77c6fe93-150d-4b73-b3d3-cb0be4c5c867,金狼逐日,True,ba46fa64-5997-4e5b-89db-5d48b7c51e8a,3,2,25,14,8,1,5,30,22,8,15,68.93,78.75,96,5,0,0,0,0,0,2250000.0,1749887.0,77.77,11550907.0,A,none
1,1becb771-63d7-4552-9955-44e42acf801f,79441db3-4b4b-436b-b258-482eb5263da2,热带雨林,True,698db303-c978-44e4-a85a-c086ddf13168,3,8,9,14,2,3,9,20,36,-16,15,70.0,73.38,78,1,0,0,0,0,0,2250000.0,1376553.0,61.18,11687447.0,A,none
1,1becb771-63d7-4552-9955-44e42acf801f,7ad15046-be76-4e8a-b62f-260481133ed3,寒冰领域,True,37e412c4-f66b-421e-b6ab-73ffbe132649,4,7,13,14,3,4,7,21,25,-4,15,64.47,70.25,84,3,0,0,0,0,0,1600000.0,1016435.0,63.53,7751293.02,A,none
1,1becb771-63d7-4552-9955-44e42acf801f,7b8f9873-2cf9-440e-9638-4e5498d4d9ae,图西胡图,True,822ee6f8-be94-43c1-8460-850fe5293ff6,4,5,21,14,7,0,7,29,32,-3,15,65.33,70.62,79,4,0,0,0,0,0,1600000.0,1038762.0,64.92,7677053.98,A,none
1,1becb771-63d7-4552-9955-44e42acf801f,7be612ad-7273-430a-8cbb-9efaccee934a,铁翼飞鹰,True,a8fde632-9f65-467d-bc44-32641788bb66,3,4,24,14,8,0,6,25,26,-1,15,66.73,73.62,84,0,0,0,0,0,0,2250000.0,1236232.0,54.94,11897767.98,A,none
1,1becb771-63d7-4552-9955-44e42acf801f,7e1a4614-824a-4ce5-8436-aaee8aaa7ea1,美因茨红,True,b785d06a-d78a-428c-91f0-ff4a9f469f4b,4,5,19,14,6,1,7,27,28,-1,15,62.33,69.25,81,5,0,0,0,0,0,1600000.0,979420.0,61.21,7778694.98,A,none
1,1becb771-63d7-4552-9955-44e42acf801f,80f3ff36-0a44-4d20-958f-ad9eb4159f56,玄武镇海,True,a0107e47-d545-415a-877e-a250b12b72a3,4,8,13,14,3,4,7,23,33,-10,15,60.93,67.75,80,6,0,0,0,0,0,1600000.0,860571.0,53.79,7857758.02,A,none
1,1becb771-63d7-4552-9955-44e42acf801f,830e3531-1a9f-4e2a-adcf-6ad465166617,北海苍龙,True,4464c52b-5a24-426c-b8f4-ab59a28259ce,1,2,26,14,8,2,4,34,23,11,15,76.07,82.75,96,5,0,0,0,0,0,4200000.0,2127181.0,50.65,20024856.98,A,none
1,1becb771-63d7-4552-9955-44e42acf801f,841e1477-b251-4fd0-9f25-99ec2c47b283,乌拉圭牛,True,698db303-c978-44e4-a85a-c086ddf13168,3,3,26,14,8,2,4,31,20,11,15,66.13,73.38,81,3,0,0,0,0,0,2250000.0,1182129.0,52.54,12004731.0,A,none
1,1becb771-63d7-4552-9955-44e42acf801f,8480866e-e4ec-48f0-ab82-b52115112311,沙漠商队,True,a14c4617-240a-46a6-990f-37f821870474,3,1,28,14,8,4,2,42,27,15,15,69.53,78.38,93,2,0,0,0,0,0,2250000.0,1674013.0,74.4,11673208.98,A,none
1,1becb771-63d7-4552-9955-44e42acf801f,8553c06a-9ed5-48c8-bad0-2a8a14d72fe0,云豹穿林,True,4ccb4dce-5cb6-41ee-9b8f-130355d57f46,4,3,26,14,7,5,2,28,21,7,15,62.87,68.88,86,3,0,0,0,0,0,1600000.0,1000805.0,62.55,7777075.0,A,none
1,1becb771-63d7-4552-9955-44e42acf801f,8702cbe5-5e21-42c9-8582-88af9bb6ebac,东方巨龙,True,4464c52b-5a24-426c-b8f4-ab59a28259ce,1,1,29,14,9,2,3,52,27,25,14,83.36,90.12,96,2,0,0,0,0,0,4200000.0,3239897.0,77.14,19060737.0,A,none
1,1becb771-63d7-4552-9955-44e42acf801f,87b0b70d-b0f6-44a0-bf9b-4659642ca4e0,紫百合佛,True,811f9c6d-a4b4-4ab1-91f1-8817977993e7,4,7,12,14,3,3,8,17,26,-9,14,59.64,66.75,75,2,0,0,0,0,0,1600000.0,791860.0,49.49,7922314.98,A,none
1,1becb771-63d7-4552-9955-44e42acf801f,89364c43-5038-44cc-8d25-5c9654a4d96c,水蟒巨蛇,True,84f55ea0-ff15-4d41-be07-1ac16be52c96,4,2,26,14,8,2,4,29,19,10,15,60.67,68.75,77,4,0,0,0,0,0,1600000.0,855221.0,53.45,7975387.98,A,none
1,1becb771-63d7-4552-9955-44e42acf801f,8a755662-f362-44e9-adf1-03d30362d1d3,幽冥鬼狼,True,ba46fa64-5997-4e5b-89db-5d48b7c51e8a,3,6,15,14,5,0,9,24,28,-4,15,67.4,74.62,88,4,0,0,0,0,0,2250000.0,1376821.0,61.19,11688396.02,A,none
1,1becb771-63d7-4552-9955-44e42acf801f,8bee1147-d70c-4661-ac27-751bee6ae252,库尔德勇,True,5223ef74-be5a-4ff0-a3bc-6f00f60b2290,4,3,23,14,7,2,5,25,26,-1,15,62.0,67.88,87,4,0,0,0,0,0,1600000.0,950393.0,59.4,7847457.0,A,none
1,1becb771-63d7-4552-9955-44e42acf801f,8c5eb8a4-b906-488b-a572-9372caac7188,咖啡起源,True,d0849cc4-a873-4461-bd7f-b6932ad21180,4,8,9,14,2,3,9,14,27,-13,15,59.73,65.25,80,3,0,0,0,0,0,1600000.0,758113.0,47.38,7953790.0,A,none
1,1becb771-63d7-4552-9955-44e42acf801f,8f2abd86-22c1-4fc7-946e-7e8b508f5163,阿拉伯军,True,5223ef74-be5a-4ff0-a3bc-6f00f60b2290,4,2,24,14,7,3,4,38,30,8,15,62.4,69.75,86,3,0,0,0,0,0,1600000.0,967499.0,60.47,7747015.0,A,none
1,1becb771-63d7-4552-9955-44e42acf801f,930a9201-3b38-4f02-a0d5-86134340c38d,累西腓鼓,True,72fb7b0c-5295-4288-b728-03f98b7d97f1,3,1,29,14,9,2,3,40,24,16,14,68.5,73.88,94,4,0,0,0,0,0,2250000.0,1365225.0,60.68,11949943.98,A,none
1,1becb771-63d7-4552-9955-44e42acf801f,93ff00a3-339b-42ba-af04-9e5d7977938a,红牛莱比,True,de56c9e6-63b1-4370-bc29-6517a02f70cd,4,4,22,14,5,7,2,28,24,4,15,63.67,70.75,75,5,0,0,0,0,0,1600000.0,985888.0,61.62,7777907.98,A,none
1,1becb771-63d7-4552-9955-44e42acf801f,94ca1798-7f60-4177-ae15-53d2ee5ce741,撒哈拉南,True,1124dfd9-90be-479e-a29f-a23303cd7902,4,8,8,14,2,2,10,26,33,-7,14,60.5,65.75,71,4,0,0,0,0,0,1600000.0,778116.0,48.63,7919899.02,A,none
1,1becb771-63d7-4552-9955-44e42acf801f,95400555-b9c3-425d-8232-8b86e0a91ca5,撒哈拉驼,True,ae1face9-61aa-4db8-8abd-3463c41992ac,1,4,21,14,7,0,7,33,37,-4,15,75.53,84.0,93,4,0,0,0,0,0,4200000.0,2350761.0,55.97,19554587.0,A,none
1,1becb771-63d7-4552-9955-44e42acf801f,9626f86a-0547-4858-9221-b5f9802e677f,食人鱼群,True,84f55ea0-ff15-4d41-be07-1ac16be52c96,4,6,17,14,4,5,5,18,20,-2,15,59.8,63.5,69,5,0,0,0,0,0,1600000.0,665059.0,41.57,8077484.02,A,none
1,1becb771-63d7-4552-9955-44e42acf801f,975356c9-9f62-4341-88c9-a4053cfdc83b,骆驼骑士,True,a14c4617-240a-46a6-990f-37f821870474,3,2,27,14,8,3,3,36,24,12,15,67.8,74.38,83,4,0,0,0,0,0,2250000.0,1291116.0,57.38,11935116.02,A,none
1,1becb771-63d7-4552-9955-44e42acf801f,98068a5b-2c14-4cf1-8fc4-71315d4612bb,丝路驼铃,True,a14c4617-240a-46a6-990f-37f821870474,3,3,26,14,8,2,4,41,27,14,14,69.79,75.0,84,4,0,0,0,0,0,2250000.0,1435493.0,63.8,11776431.02,A,none
1,1becb771-63d7-4552-9955-44e42acf801f,985a0d05-17d7-4738-9803-a27293bee01c,桑巴舞者,True,9c6d0d26-d73b-4e64-a24b-07ecc3e24dcf,1,2,29,14,9,2,3,39,31,8,15,77.0,84.38,97,4,0,0,0,0,0,4200000.0,2392872.0,56.97,19770277.0,A,none
1,1becb771-63d7-4552-9955-44e42acf801f,9886ea0a-4057-4d36-b78c-2126261c9a7c,金豹捕猎,True,4ccb4dce-5cb6-41ee-9b8f-130355d57f46,4,6,14,14,4,2,8,29,35,-6,15,61.93,68.5,74,5,0,0,0,0,0,1600000.0,834076.0,52.13,7910342.98,A,none
1,1becb771-63d7-4552-9955-44e42acf801f,98d39bde-fee3-4efe-87ac-46691e943297,银河战舰,True,eb1ba9bc-fe8f-4b5b-92bd-dff3e3a1f2f3,3,1,32,14,10,2,2,49,25,24,15,70.67,75.38,85,3,0,0,0,0,0,2250000.0,1523015.0,67.69,11810694.98,A,none
1,1becb771-63d7-4552-9955-44e42acf801f,98d60360-641a-4660-9b8b-b5f71d43fd5e,香料之路,True,d0849cc4-a873-4461-bd7f-b6932ad21180,4,2,22,14,5,7,2,30,23,7,14,58.79,64.75,75,6,0,0,0,0,0,1600000.0,711075.0,44.44,8121786.02,A,none
1,1becb771-63d7-4552-9955-44e42acf801f,9a1a3711-6fa4-4f3b-af9b-de4a1462fd5f,飞驴切沃,True,e300379f-18d3-4ef4-84e4-ba515ccb5d34,4,3,26,14,8,2,4,35,25,10,15,63.2,68.88,77,4,0,0,0,0,0,1600000.0,951354.0,59.46,7851313.0,A,none
1,1becb771-63d7-4552-9955-44e42acf801f,9ad3f058-4fc7-4b60-b359-1471322a5ba5,绿洲明珠,True,ae1face9-61aa-4db8-8abd-3463c41992ac,1,3,25,14,8,1,5,40,36,4,14,77.0,86.75,91,6,0,0,0,0,0,4200000.0,2548851.0,60.69,19507525.98,A,none
1,1becb771-63d7-4552-9955-44e42acf801f,9bfa2387-fa4b-4af5-b711-01ab4f6897d1,花车巡游,True,72fb7b0c-5295-4288-b728-03f98b7d97f1,3,6,13,14,3,4,7,20,40,-20,15,64.67,69.62,76,4,0,0,0,0,0,2250000.0,945550.0,42.02,12161056.98,A,none
1,1becb771-63d7-4552-9955-44e42acf801f,9c66c481-40ae-438f-bb00-d9193b9b43a9,南海蛟龙,True,4464c52b-5a24-426c-b8f4-ab59a28259ce,1,3,25,14,8,1,5,40,35,5,14,80.0,87.75,93,3,0,0,0,0,0,4200000.0,2730868.0,65.02,19274524.02,A,none
1,1becb771-63d7-4552-9955-44e42acf801f,9c873d8e-fca9-467e-8683-a4ae9db21978,大黄蜂多,True,de56c9e6-63b1-4370-bc29-6517a02f70cd,4,8,11,14,2,5,7,23,34,-11,14,63.71,72.5,85,2,0,0,0,0,0,1600000.0,1095399.0,68.46,7629247.0,A,none
1,1becb771-63d7-4552-9955-44e42acf801f,9d2a4c4a-c612-4cf1-bad2-125b621c8e0d,赤龙焚天,True,4464c52b-5a24-426c-b8f4-ab59a28259ce,1,4,25,14,8,1,5,35,38,-3,15,76.87,87.12,99,6,0,0,0,0,0,4200000.0,2726479.0,64.92,19250922.98,A,none
1,1becb771-63d7-4552-9955-44e42acf801f,9d43d8cd-57ef-4dca-8721-ac695acb87bf,圣徒南安普,True,9367e21b-6e3a-4531-8dfb-0af639ae6a0d,2,7,18,14,5,3,6,30,34,-4,15,72.4,78.25,87,3,0,0,0,0,0,3100000.0,1690958.0,54.55,15763237.02,A,none
1,1becb771-63d7-4552-9955-44e42acf801f,9ffa92ba-7961-424c-82d3-0cb957ec5ce8,日耳曼战,True,de56c9e6-63b1-4370-bc29-6517a02f70cd,4,2,23,14,7,2,5,29,20,9,15,61.27,67.12,78,5,0,0,0,0,0,1600000.0,812490.0,50.78,7930675.0,A,none
1,1becb771-63d7-4552-9955-44e42acf801f,a4caae20-4eb1-4398-a208-2e6966f3ae81,飓风之眼,True,37e412c4-f66b-421e-b6ab-73ffbe132649,4,6,17,14,5,2,7,27,30,-3,15,60.4,64.0,71,4,0,0,0,0,0,1600000.0,669917.0,41.87,8054977.0,A,none
1,1becb771-63d7-4552-9955-44e42acf801f,a66992cb-c66d-4ecd-80c2-2a589d31bc28,蓝鹰拉齐,True,811f9c6d-a4b4-4ab1-91f1-8817977993e7,4,4,19,14,6,1,7,23,24,-1,15,62.67,69.38,74,5,0,0,0,0,0,1600000.0,928584.0,58.04,7826591.02,A,none
1,1becb771-63d7-4552-9955-44e42acf801f,a7a0cccb-3297-423e-9a93-a8f112824245,水晶石透,True,eb81a4ce-e24f-492d-917f-7b0ebba15a78,4,3,26,14,8,2,4,29,31,-2,15,61.0,66.38,71,6,0,0,0,0,0,1600000.0,779051.0,48.69,7994044.0,A,none
1,1becb771-63d7-4552-9955-44e42acf801f,a7f2c6d0-1868-47db-a1bd-84e2484ef5d6,塞尔塔天,True,f6133552-fe86-45c0-b38c-2db8b01a5519,3,2,27,14,8,3,3,30,19,11,14,65.79,70.25,80,4,0,0,0,0,0,2250000.0,1085769.0,48.26,12146879.98,A,none
1,1becb771-63d7-4552-9955-44e42acf801f,a81aa0de-818e-4fd0-ae1f-56a79f50533c,犀牛冲撞,True,a0107e47-d545-415a-877e-a250b12b72a3,4,6,18,14,6,0,8,21,26,-5,15,62.87,69.75,77,4,0,0,0,0,0,1600000.0,899863.0,56.24,7754183.98,A,none
1,1becb771-63d7-4552-9955-44e42acf801f,a9bea15d-145c-4e47-b625-c5ffc0b9b161,南部之星,True,de56c9e6-63b1-4370-bc29-6517a02f70cd,4,5,21,14,6,3,5,25,29,-4,15,65.6,71.5,85,5,0,0,0,0,0,1600000.0,1072449.0,67.03,7661997.98,A,none
1,1becb771-63d7-4552-9955-44e42acf801f,aac1d957-2aa9-4742-9a46-9de762268d05,白虎啸天,True,d20b9cee-18bd-4a8d-be78-a5b2681775bc,2,4,22,14,6,4,4,34,32,2,15,71.47,78.88,84,3,0,0,0,0,0,3100000.0,1572854.0,50.74,15866913.98,A,none
1,1becb771-63d7-4552-9955-44e42acf801f,aaf997c0-ab27-4381-9357-c0ff681628d1,烈焰红唇,True,37e412c4-f66b-421e-b6ab-73ffbe132649,4,2,25,14,8,1,5,30,32,-2,14,62.29,67.62,85,4,0,0,0,0,0,1600000.0,962600.0,60.16,7843805.0,A,none
1,1becb771-63d7-4552-9955-44e42acf801f,ab2722bd-8a6d-4efa-823b-286c6773b0b8,东北虎啸,True,d20b9cee-18bd-4a8d-be78-a5b2681775bc,2,1,34,14,11,1,2,48,23,25,15,78.8,84.88,95,3,0,0,0,0,0,3100000.0,2599040.0,83.84,15164056.98,B,none
1,1becb771-63d7-4552-9955-44e42acf801f,ae477957-abee-431d-b5f1-29d65f2d5b6c,大地之力,True,8b1656f4-7d18-4b1d-aebc-370c7d2d9fb7,4,1,24,14,7,3,4,25,15,10,15,64.53,68.75,79,3,0,0,0,0,0,1600000.0,963873.0,60.24,7939216.0,A,none
1,1becb771-63d7-4552-9955-44e42acf801f,ae5e1af9-5f9a-4fcd-99d7-ba2b613dd9a4,白百合热,True,2d17195f-6693-4497-b01a-83f4fc30c946,1,5,20,14,5,5,4,42,41,1,15,79.4,85.38,91,4,0,0,0,0,0,4200000.0,2629170.0,62.6,19323687.98,A,none
1,1becb771-63d7-4552-9955-44e42acf801f,aea2865c-c8df-4aa3-8fe7-256edbb160a1,快乐足球,True,9c6d0d26-d73b-4e64-a24b-07ecc3e24dcf,1,4,18,14,4,6,4,26,28,-2,15,79.27,88.12,96,4,0,0,0,0,0,4200000.0,2986923.0,71.12,18996319.0,A,none
1,1becb771-63d7-4552-9955-44e42acf801f,b0c2f2f4-cf26-4ba4-ad7b-fed70310cadc,魔毯飞行,True,d0849cc4-a873-4461-bd7f-b6932ad21180,4,3,19,14,5,4,5,26,26,0,15,61.67,67.88,80,2,0,0,0,0,0,1600000.0,891093.0,55.69,7909544.98,A,none
1,1becb771-63d7-4552-9955-44e42acf801f,b1fccedd-f7f5-4e1a-b20d-03941bdbfd8e,非洲犀牛,True,426c3e38-63b3-4ee0-85dd-85525974bfdf,4,3,26,14,8,2,4,32,20,12,15,61.13,66.88,74,4,0,0,0,0,0,1600000.0,815562.0,50.97,7977179.02,A,none
1,1becb771-63d7-4552-9955-44e42acf801f,b3dbdf88-1463-46cc-b570-748b06c3cde9,床单军团,True,eb1ba9bc-fe8f-4b5b-92bd-dff3e3a1f2f3,3,4,22,14,7,1,6,22,25,-3,15,71.73,76.62,83,5,0,0,0,0,0,2250000.0,1618741.0,71.94,11552303.02,A,none
1,1becb771-63d7-4552-9955-44e42acf801f,b4c660cb-31aa-4245-bc8d-3b635c5e8c0b,东方雄狮,True,4ccb4dce-5cb6-41ee-9b8f-130355d57f46,4,4,23,14,7,2,5,32,29,3,15,64.47,72.75,79,3,0,0,0,0,0,1600000.0,1077096.0,67.32,7647332.98,A,none
1,1becb771-63d7-4552-9955-44e42acf801f,b4f3c189-e714-43f5-bd3e-d5709925fe1d,绿洲驼队,True,a14c4617-240a-46a6-990f-37f821870474,3,6,14,14,3,5,6,25,28,-3,15,66.67,71.88,78,6,0,0,0,0,0,2250000.0,1040064.0,46.23,11955167.0,A,none
1,1becb771-63d7-4552-9955-44e42acf801f,b4fdaf05-975d-4005-bbf0-0d0b5bbfdf8d,树懒慢动,True,84f55ea0-ff15-4d41-be07-1ac16be52c96,4,5,19,14,4,7,3,25,27,-2,14,61.93,67.5,74,7,0,0,0,0,0,1600000.0,760682.0,47.54,7942556.02,A,none
1,1becb771-63d7-4552-9955-44e42acf801f,b4fff948-b70d-4f6f-9aa2-1470587d7839,清真美食,True,a214dae7-f210-4978-a373-8769b832bee7,3,2,26,14,8,2,4,36,25,11,15,71.27,77.88,96,5,0,0,0,0,0,2250000.0,1771905.0,78.75,11526180.02,A,none
1,1becb771-63d7-4552-9955-44e42acf801f,b766a608-e35e-4487-b5ba-4752916a87c6,蓝黑战士,True,811f9c6d-a4b4-4ab1-91f1-8817977993e7,4,3,25,14,7,4,3,34,26,8,15,62.47,68.38,77,4,0,0,0,0,0,1600000.0,854114.0,53.38,7954701.0,A,none
1,1becb771-63d7-4552-9955-44e42acf801f,b90a4c3c-4de2-46a9-a075-bfae07efaa7f,黄色潜水艇,True,eb1ba9bc-fe8f-4b5b-92bd-dff3e3a1f2f3,3,8,5,14,1,2,11,19,41,-22,15,65.67,73.0,79,5,0,0,0,0,0,2250000.0,1179134.0,52.41,11892394.98,A,none
1,1becb771-63d7-4552-9955-44e42acf801f,bdbc9eb8-25c6-46e2-8d03-4fe7dde6eeef,不来梅绿,True,b785d06a-d78a-428c-91f0-ff4a9f469f4b,4,1,28,14,9,1,4,31,24,7,15,61.07,67.88,76,2,0,0,0,0,0,1600000.0,840900.0,52.56,8073137.0,A,none
1,1becb771-63d7-4552-9955-44e42acf801f,bf188558-c9b9-494c-b203-db7b7be35ee0,蝙蝠军团,True,eb1ba9bc-fe8f-4b5b-92bd-dff3e3a1f2f3,3,7,16,14,4,4,6,22,34,-12,15,67.13,74.5,81,3,0,0,0,0,0,2250000.0,1295788.0,57.59,11823348.98,A,none
1,1becb771-63d7-4552-9955-44e42acf801f,c3b55960-13bd-4a55-b5d4-819544a6302e,马略卡岛,True,f6133552-fe86-45c0-b38c-2db8b01a5519,3,5,16,14,4,4,6,27,29,-2,15,67.8,74.38,84,4,0,0,0,0,0,2250000.0,1336380.0,59.39,11746548.98,A,none
1,1becb771-63d7-4552-9955-44e42acf801f,c3d001b9-dd3c-4834-a548-dbd8609332c4,图阿雷格,True,5223ef74-be5a-4ff0-a3bc-6f00f60b2290,4,6,17,14,4,5,5,20,20,0,14,59.64,64.88,73,6,0,0,0,0,0,1600000.0,734272.0,45.89,7964782.02,A,none
1,1becb771-63d7-4552-9955-44e42acf801f,c6bd46fa-082b-4d97-8563-69b43efea613,枪手兵工厂,True,2d17195f-6693-4497-b01a-83f4fc30c946,1,4,21,14,6,3,5,45,45,0,15,79.4,83.62,89,3,0,0,0,0,0,4200000.0,2484444.0,59.15,19450650.98,A,none
1,1becb771-63d7-4552-9955-44e42acf801f,c6d43c44-11e9-47de-b661-544e6c9e2c58,阿拉伯舞,True,d0849cc4-a873-4461-bd7f-b6932ad21180,4,5,16,14,3,7,4,24,24,0,15,62.2,67.5,74,3,0,0,0,0,0,1600000.0,822314.0,51.39,7946095.98,A,none
1,1becb771-63d7-4552-9955-44e42acf801f,c817ac92-5d06-4d9d-b73f-8d903c279f1b,蓝宝石海,True,eb81a4ce-e24f-492d-917f-7b0ebba15a78,4,1,34,14,11,1,2,54,28,26,15,65.53,72.0,89,3,0,0,0,0,0,1600000.0,1175129.0,73.45,7724972.02,A,none
1,1becb771-63d7-4552-9955-44e42acf801f,c8c3d129-2f00-45c1-940c-3bbc7cd5d953,华南虎威,True,d20b9cee-18bd-4a8d-be78-a5b2681775bc,2,6,18,14,5,3,6,31,37,-6,14,71.86,78.5,96,4,0,0,0,0,0,3100000.0,1761217.0,56.81,15704390.02,A,none
1,1becb771-63d7-4552-9955-44e42acf801f,ca5363fa-daf6-4b94-988e-8e363382cc57,朱雀焚霞,True,a0107e47-d545-415a-877e-a250b12b72a3,4,4,19,14,5,4,5,23,24,-1,15,66.07,73.38,85,6,0,0,0,0,0,1600000.0,1202658.0,75.17,7553593.02,A,none
1,1becb771-63d7-4552-9955-44e42acf801f,caa7cbd4-c80e-4bba-a33e-c6a9c4e358c5,西域猛虎,True,d20b9cee-18bd-4a8d-be78-a5b2681775bc,2,5,20,14,6,2,6,28,29,-1,15,73.53,81.0,90,5,0,0,0,0,0,3100000.0,1894269.0,61.11,15566934.0,A,none
1,1becb771-63d7-4552-9955-44e42acf801f,cb90ca86-8723-4309-8443-cb0e4b87bdc2,西班牙人,True,f6133552-fe86-45c0-b38c-2db8b01a5519,3,6,16,14,4,4,6,19,24,-5,15,70.53,77.88,86,4,0,0,0,0,0,2250000.0,1621176.0,72.05,11409435.02,A,none
1,1becb771-63d7-4552-9955-44e42acf801f,cb936237-0b21-40e8-9cbe-dd3431b9f1e7,巴塔哥尼,True,b34e5953-6ecc-49f9-b231-ac8b8d7f89da,2,3,25,14,8,1,5,33,34,-1,14,70.0,77.0,92,5,0,0,0,0,0,3100000.0,1510080.0,48.71,16093571.0,A,none
1,1becb771-63d7-4552-9955-44e42acf801f,cbf559b0-39a7-4084-ab87-5ff041741299,马丘比丘,True,698db303-c978-44e4-a85a-c086ddf13168,3,6,15,14,4,3,7,23,27,-4,15,70.73,78.0,90,4,0,0,0,0,0,2250000.0,1617657.0,71.9,11433418.02,A,none
1,1becb771-63d7-4552-9955-44e42acf801f,cc0ed8cb-6636-472c-be01-9bcb6d6e541c,亚马逊河,True,698db303-c978-44e4-a85a-c086ddf13168,3,1,27,14,8,3,3,32,18,14,15,71.13,77.25,85,5,0,0,0,0,0,2250000.0,1603979.0,71.29,11707445.98,A,none
1,1becb771-63d7-4552-9955-44e42acf801f,cc0ef7b2-fe26-4641-a768-4f609e29b2d9,银狼啸天,True,ba46fa64-5997-4e5b-89db-5d48b7c51e8a,3,5,16,14,5,1,8,23,33,-10,15,65.4,71.62,75,4,0,0,0,0,0,2250000.0,1005438.0,44.69,12062271.98,A,none
1,1becb771-63d7-4552-9955-44e42acf801f,cd04a361-39e0-4c35-a360-d05cf2c452d9,斗牛士团,True,eb1ba9bc-fe8f-4b5b-92bd-dff3e3a1f2f3,3,5,17,14,5,2,7,28,35,-7,15,71.13,76.75,84,3,0,0,0,0,0,2250000.0,1574909.0,70.0,11543525.98,A,none
1,1becb771-63d7-4552-9955-44e42acf801f,cd6bf0d3-7f1a-4f3b-82bd-5ff4f46449d9,钢铁柏林,True,de56c9e6-63b1-4370-bc29-6517a02f70cd,4,1,24,14,7,3,4,31,25,6,15,63.0,69.75,86,3,0,0,0,0,0,1600000.0,972557.0,60.78,7889162.98,A,none
1,1becb771-63d7-4552-9955-44e42acf801f,d3c61670-e649-42ae-9394-5d0fa962c0b8,拉普拉塔,True,b34e5953-6ecc-49f9-b231-ac8b8d7f89da,2,1,31,14,10,1,3,36,20,16,15,71.47,79.25,94,2,0,0,0,0,0,3100000.0,1721287.0,55.53,16073866.0,A,none
1,1becb771-63d7-4552-9955-44e42acf801f,d3f11c2d-1468-4391-843e-98c05dd06286,野马奔腾,True,a0107e47-d545-415a-877e-a250b12b72a3,4,7,16,14,5,1,8,33,34,-1,15,65.0,69.88,82,4,0,0,0,0,0,1600000.0,1028597.0,64.29,7684797.0,A,none
1,1becb771-63d7-4552-9955-44e42acf801f,d488af48-8fa6-4679-9dd6-8ee83109a97b,金刚鹦鹉,True,84f55ea0-ff15-4d41-be07-1ac16be52c96,4,4,21,14,6,3,5,25,24,1,15,62.27,70.25,85,4,0,0,0,0,0,1600000.0,946874.0,59.18,7799306.02,A,none
1,1becb771-63d7-4552-9955-44e42acf801f,d48ba2a2-bb85-4376-9449-fb3b8826dcf0,斑马军团,True,811f9c6d-a4b4-4ab1-91f1-8817977993e7,4,2,26,14,7,5,2,29,19,10,15,61.73,66.38,73,3,0,0,0,0,0,1600000.0,807159.0,50.45,8046836.0,A,none
1,1becb771-63d7-4552-9955-44e42acf801f,d4953c57-7182-4723-9142-a8e6adf47c2d,刚果雨林,True,1124dfd9-90be-479e-a29f-a23303cd7902,4,1,29,14,9,2,3,33,20,13,14,66.21,71.12,76,4,0,0,0,0,0,1600000.0,1010894.0,63.18,7875387.02,A,none
1,1becb771-63d7-4552-9955-44e42acf801f,d52013ad-2b3d-4866-9463-0df96b9819f5,紫电鹰扬,True,a8fde632-9f65-467d-bc44-32641788bb66,3,6,16,14,5,1,8,31,36,-5,14,69.29,76.62,86,3,0,0,0,0,0,2250000.0,1391508.0,61.84,11621555.98,A,none
1,1becb771-63d7-4552-9955-44e42acf801f,d6086e01-af3b-4682-b7ac-9721713176f8,赫塔菲蓝,True,f6133552-fe86-45c0-b38c-2db8b01a5519,3,1,30,14,9,3,2,38,19,19,15,70.67,77.38,83,3,0,0,0,0,0,2250000.0,1606034.0,71.38,11691418.02,A,none
1,1becb771-63d7-4552-9955-44e42acf801f,d71c98f8-59f1-4a75-bc58-83b1ecd27981,峨眉女侠,True,37e412c4-f66b-421e-b6ab-73ffbe132649,4,8,13,14,4,1,9,18,28,-10,15,62.67,69.38,86,4,0,0,0,0,0,1600000.0,1023509.0,63.97,7696525.02,A,none
1,1becb771-63d7-4552-9955-44e42acf801f,d724ec79-ddaf-424a-8b83-0b71b0077748,红黑恶魔,True,811f9c6d-a4b4-4ab1-91f1-8817977993e7,4,1,29,14,8,5,1,34,18,16,14,64.43,70.0,84,7,0,0,0,0,0,1600000.0,1056096.0,66.01,7755905.98,A,none
1,1becb771-63d7-4552-9955-44e42acf801f,d7869c27-6888-484a-a8f0-2302f76966d6,那不勒斯,True,811f9c6d-a4b4-4ab1-91f1-8817977993e7,4,6,17,14,4,5,5,17,21,-4,15,59.53,66.62,75,4,0,0,0,0,0,1600000.0,764476.0,47.78,7974174.0,A,none
1,1becb771-63d7-4552-9955-44e42acf801f,d7c79989-b29a-48ff-a3c2-1aab6cfdd9f7,雄鹰法兰,True,de56c9e6-63b1-4370-bc29-6517a02f70cd,4,7,12,14,3,3,8,30,39,-9,15,61.4,66.25,81,2,0,0,0,0,0,1600000.0,782142.0,48.88,7940482.98,A,none
1,1becb771-63d7-4552-9955-44e42acf801f,d9734de3-ae7d-4ffa-a1eb-1caa5904bec7,公牛都灵,True,e300379f-18d3-4ef4-84e4-ba515ccb5d34,4,7,9,14,2,3,9,17,31,-14,14,63.29,69.0,82,5,0,0,0,0,0,1600000.0,981099.0,61.32,7735711.02,A,none
1,1becb771-63d7-4552-9955-44e42acf801f,daef3762-8681-454f-8dad-3aa6204f616d,森林之语,True,8b1656f4-7d18-4b1d-aebc-370c7d2d9fb7,4,5,17,14,5,2,7,27,28,-1,15,61.87,69.25,77,4,0,0,0,0,0,1600000.0,884795.0,55.3,7852711.02,A,none
1,1becb771-63d7-4552-9955-44e42acf801f,db3ca325-5af2-49ee-b4eb-ffc5833d9db4,巴斯克雄,True,f6133552-fe86-45c0-b38c-2db8b01a5519,3,7,12,14,3,3,8,23,38,-15,14,64.79,71.0,83,3,0,0,0,0,0,2250000.0,1172178.0,52.1,11932156.02,A,none
1,1becb771-63d7-4552-9955-44e42acf801f,dc18fbbd-e586-44a9-b293-33f29e574c86,格拉纳达,True,f6133552-fe86-45c0-b38c-2db8b01a5519,3,3,25,14,7,4,3,36,26,10,15,67.93,74.12,84,2,0,0,0,0,0,2250000.0,1331729.0,59.19,11836271.02,A,none
1,1becb771-63d7-4552-9955-44e42acf801f,dc55424e-e60a-4f21-a4bd-1413e7069aea,波斯地毯,True,0ffb4d3f-f9b6-4842-89bd-f17abe7c33e0,4,4,20,14,6,2,6,17,22,-5,13,62.85,67.88,81,3,0,0,0,0,0,1600000.0,887940.0,55.5,7842853.0,A,none
1,1becb771-63d7-4552-9955-44e42acf801f,dd449048-c1ed-4e51-b8e1-dadb9bc895fc,马穆鲁克,True,5223ef74-be5a-4ff0-a3bc-6f00f60b2290,4,1,28,14,8,4,2,35,20,15,15,63.07,69.12,80,7,0,0,0,0,0,1600000.0,912187.0,57.01,7914164.98,A,none
1,1becb771-63d7-4552-9955-44e42acf801f,df811640-39e5-4b41-81e5-7f64b13dafbc,科隆山羊,True,b785d06a-d78a-428c-91f0-ff4a9f469f4b,4,3,24,14,7,3,4,28,18,10,15,65.07,72.25,88,4,0,0,0,0,0,1600000.0,1087301.0,67.96,7675135.02,A,none
1,1becb771-63d7-4552-9955-44e42acf801f,dfd5c178-63e7-4592-8430-0bf56ef6b746,非洲猎豹,True,426c3e38-63b3-4ee0-85dd-85525974bfdf,4,2,27,14,7,6,1,29,15,14,14,66.36,71.88,81,4,0,0,0,0,0,1600000.0,1118829.0,69.93,7651004.02,A,none
1,1becb771-63d7-4552-9955-44e42acf801f,e19278fd-c33e-4fe9-a9f4-715d2d54e703,白虹贯日,True,8b1656f4-7d18-4b1d-aebc-370c7d2d9fb7,4,6,17,14,5,2,7,24,28,-4,14,64.5,70.12,80,4,0,0,0,0,0,1600000.0,1026037.0,64.13,7703798.02,A,none
1,1becb771-63d7-4552-9955-44e42acf801f,e1a10934-083a-43c5-83bb-21c96e852047,水豚憨态,True,84f55ea0-ff15-4d41-be07-1ac16be52c96,4,7,11,14,2,5,7,17,23,-6,15,65.4,72.12,82,5,0,0,0,0,0,1600000.0,1029907.0,64.37,7664577.0,A,none
1,1becb771-63d7-4552-9955-44e42acf801f,e1f61e2f-8c0e-40d7-8469-b57e4c5d6e6d,炼油大师,True,1e16da56-65f9-4e5d-ac82-71ca951a25e5,2,5,18,14,5,3,6,27,28,-1,14,74.36,83.5,93,2,0,0,0,0,0,3100000.0,2065245.0,66.62,15426103.98,A,none
1,1becb771-63d7-4552-9955-44e42acf801f,e31dd5d4-bdf5-447f-8b05-dbae251e1807,猎豹闪电,True,4ccb4dce-5cb6-41ee-9b8f-130355d57f46,4,5,18,14,5,3,6,20,19,1,15,64.2,71.5,79,4,0,0,0,0,0,1600000.0,1061049.0,66.32,7634538.02,A,none
1,1becb771-63d7-4552-9955-44e42acf801f,e63b8fec-a8f4-4d4a-b355-ef3f8934d96b,紫气东来,True,8b1656f4-7d18-4b1d-aebc-370c7d2d9fb7,4,4,21,14,6,3,5,28,24,4,13,60.62,65.25,77,4,0,0,0,0,0,1600000.0,663517.0,41.47,8009744.02,A,none
1,1becb771-63d7-4552-9955-44e42acf801f,e79c02dd-e7f4-46df-b204-5cab4e46018c,威尼斯假,True,72fb7b0c-5295-4288-b728-03f98b7d97f1,3,2,27,14,8,3,3,39,21,18,15,67.67,75.88,81,6,0,0,0,0,0,2250000.0,1361283.0,60.5,11845542.02,A,none
1,1becb771-63d7-4552-9955-44e42acf801f,e9574c3d-7a37-438b-bb39-a6635a480519,烈焰狂狮,True,4ccb4dce-5cb6-41ee-9b8f-130355d57f46,4,2,27,14,9,0,5,32,25,7,15,63.93,69.62,78,3,0,0,0,0,0,1600000.0,953257.0,59.58,7909300.0,A,none
1,1becb771-63d7-4552-9955-44e42acf801f,e96fd191-86b4-440f-9d5e-75f92e986f08,大马士革,True,a214dae7-f210-4978-a373-8769b832bee7,3,7,11,14,2,5,7,19,33,-14,15,67.0,72.62,79,6,0,0,0,0,0,2250000.0,1165056.0,51.78,11916717.98,A,none
1,1becb771-63d7-4552-9955-44e42acf801f,ee405282-7387-4eed-b942-7d895a235ea9,真蓝黑亚,True,e300379f-18d3-4ef4-84e4-ba515ccb5d34,4,1,34,14,11,1,2,39,19,20,15,64.93,73.25,89,5,0,0,0,0,0,1600000.0,1184390.0,74.02,7694598.02,A,none
1,1becb771-63d7-4552-9955-44e42acf801f,efdcf3ed-9bee-4879-ae3f-54c6fe53390a,苍鹰搏兔,True,a8fde632-9f65-467d-bc44-32641788bb66,3,7,13,14,4,1,9,22,39,-17,14,65.36,71.38,86,4,0,0,0,0,0,2250000.0,1161076.0,51.6,11859388.02,A,none
1,1becb771-63d7-4552-9955-44e42acf801f,f15b6248-89a2-4cf3-b3e1-6d5932786764,潘帕斯草,True,b34e5953-6ecc-49f9-b231-ac8b8d7f89da,2,4,22,14,6,4,4,31,30,1,15,74.0,79.25,86,3,0,0,0,0,0,3100000.0,1882049.0,60.71,15666407.0,A,none
1,1becb771-63d7-4552-9955-44e42acf801f,f2cb4baa-cdb6-4598-9262-ac9d6b0fb411,蓝军切尔西,True,2d17195f-6693-4497-b01a-83f4fc30c946,1,3,21,14,5,6,3,41,33,8,15,76.73,84.62,92,3,0,0,0,0,0,4200000.0,2151940.0,51.24,19767304.02,A,none
1,1becb771-63d7-4552-9955-44e42acf801f,f49c75a4-de8d-42ee-a4ea-654f8a259934,皇家社会,True,eb1ba9bc-fe8f-4b5b-92bd-dff3e3a1f2f3,3,3,24,14,7,3,4,39,30,9,15,68.13,74.5,86,2,0,0,0,0,0,2250000.0,1300665.0,57.81,11865654.98,A,none
1,1becb771-63d7-4552-9955-44e42acf801f,f620e152-292f-4fbe-b20c-d69017df3b13,桑巴学校,True,72fb7b0c-5295-4288-b728-03f98b7d97f1,3,3,26,14,7,5,2,36,22,14,15,70.8,76.75,84,3,0,0,0,0,0,2250000.0,1558094.0,69.25,11628831.02,A,none
1,1becb771-63d7-4552-9955-44e42acf801f,f6fc4772-aec9-4ef5-a733-1b0cade7a3c2,巴格达城,True,a214dae7-f210-4978-a373-8769b832bee7,3,6,20,14,6,2,6,23,31,-8,15,68.67,74.12,82,4,0,0,0,0,0,2250000.0,1379193.0,61.3,11656539.98,A,none
1,1becb771-63d7-4552-9955-44e42acf801f,f7c88717-c6fb-4af6-a4da-dc51d5d34038,山楂球西布,True,9367e21b-6e3a-4531-8dfb-0af639ae6a0d,2,1,27,14,9,0,5,39,27,12,15,72.47,79.12,86,3,0,0,0,0,0,3100000.0,1782694.0,57.51,15976316.98,A,none
1,1becb771-63d7-4552-9955-44e42acf801f,f7f29ce8-339e-4766-b0d5-8846eda62b73,青金石蓝,True,eb81a4ce-e24f-492d-917f-7b0ebba15a78,4,4,21,14,6,3,5,31,31,0,15,63.0,70.0,82,5,0,0,0,0,0,1600000.0,958529.0,59.91,7787122.0,A,none
1,1becb771-63d7-4552-9955-44e42acf801f,f80a6187-52cf-4735-bc02-3ee1faf20fae,红尘滚滚,True,8b1656f4-7d18-4b1d-aebc-370c7d2d9fb7,4,2,24,14,6,6,2,31,26,5,15,62.8,69.12,80,4,0,0,0,0,0,1600000.0,972447.0,60.78,7847042.0,A,none
1,1becb771-63d7-4552-9955-44e42acf801f,f9cb99ee-01b3-4cbe-a485-060029a62082,非洲雄狮,True,426c3e38-63b3-4ee0-85dd-85525974bfdf,4,4,21,14,6,3,5,29,26,3,15,62.2,68.25,80,4,0,0,0,0,0,1600000.0,840325.0,52.52,7883458.0,A,none
1,1becb771-63d7-4552-9955-44e42acf801f,fa05cf5f-854b-4834-b1ff-ae470948fdb4,高乔骑士,True,b34e5953-6ecc-49f9-b231-ac8b8d7f89da,2,6,15,14,4,3,7,30,34,-4,15,70.53,78.38,89,6,0,0,0,0,0,3100000.0,1553984.0,50.13,15903461.0,A,none
1,1becb771-63d7-4552-9955-44e42acf801f,fad41aab-9b84-4b06-ad94-82ef1383e7f9,铁甲战狮,True,4ccb4dce-5cb6-41ee-9b8f-130355d57f46,4,1,33,14,11,0,3,38,23,15,14,63.07,67.88,82,6,0,0,0,0,0,1600000.0,893514.0,55.84,7941762.98,A,none
1,1becb771-63d7-4552-9955-44e42acf801f,fc9e7bea-60e0-447e-883e-835c70cccbd2,塞伦盖蒂,True,1124dfd9-90be-479e-a29f-a23303cd7902,4,3,25,14,7,4,3,28,20,8,15,61.8,67.0,80,3,0,0,0,0,0,1600000.0,829923.0,51.87,7947332.0,A,none
1,1becb771-63d7-4552-9955-44e42acf801f,fced3e75-ce7e-4d13-9640-06bb8513b840,红狼罗马,True,e300379f-18d3-4ef4-84e4-ba515ccb5d34,4,6,11,14,3,2,9,21,29,-8,15,62.33,69.62,79,5,0,0,0,0,0,1600000.0,914411.0,57.15,7843004.0,A,none
1,1becb771-63d7-4552-9955-44e42acf801f,feaca516-54ea-4e07-8495-dca46e0df427,金鹰破晓,True,a8fde632-9f65-467d-bc44-32641788bb66,3,1,29,14,9,2,3,47,29,18,15,69.07,78.0,97,1,0,0,0,0,0,2250000.0,1674847.0,74.44,11624152.98,A,none
1,1becb771-63d7-4552-9955-44e42acf801f,ff1fa455-a3d4-4f88-b0c1-83f23072a63a,祖鲁战士,True,822ee6f8-be94-43c1-8460-850fe5293ff6,4,7,12,14,3,3,8,22,32,-10,15,60.47,66.88,71,5,0,0,0,0,0,1600000.0,779553.0,48.72,7967182.02,A,none
1,1becb771-63d7-4552-9955-44e42acf801f,ff323bf9-6a1f-48d2-9b91-97efaf1b44c9,雷霆万钧,True,37e412c4-f66b-421e-b6ab-73ffbe132649,4,5,18,14,5,3,6,23,23,0,15,62.27,68.62,73,5,0,0,0,0,0,1600000.0,845093.0,52.82,7894303.0,A,none
