season_number,season_id,team_id,team_name,is_ai,league_id,league_level,position,points,played,won,drawn,lost,goals_for,goals_against,goal_difference,roster_count,avg_ovr,top8_ovr,max_ovr,contracts_signed,rookie_contracts,academy_signings,draft_signings,free_market_signings,auto_fill_signings,wage_cap,wage_bill,wage_pressure_pct,balance,financial_health,overspend_level
2,4db52002-3b16-43dc-9f8a-eccae6071828,014054e9-db56-4fdb-9225-0bd5570e5423,沙漠商队,True,ddea29f1-c361-4050-bf56-bc5ff3791276,,,,,,,,,,,15,58.33,67.25,79,0,0,0,0,0,0,221000.0,723650.0,327.44,11000365.68,B,none
2,4db52002-3b16-43dc-9f8a-eccae6071828,01907485-2ab8-4523-b9fa-6912674641d3,阿拉丁灯,True,ddea29f1-c361-4050-bf56-bc5ff3791276,,,,,,,,,,,15,55.8,62.88,69,0,0,0,0,0,0,221000.0,691700.0,312.99,7322636.68,B,none
2,4db52002-3b16-43dc-9f8a-eccae6071828,02dbd100-a687-4a30-98b6-ab54e9031a5e,非洲犀牛,True,a12e8234-05fa-4dd7-b077-7a1d458ae0cd,,,,,,,,,,,15,52.93,57.62,62,0,0,0,0,0,0,169000.0,654050.0,387.01,7335471.68,B,none
2,4db52002-3b16-43dc-9f8a-eccae6071828,033f305e-9215-4ac3-a10a-ae1c1204c8e7,阿散蒂金,True,6bce0694-9b8d-4983-8add-df52197f7f78,,,,,,,,,,,15,53.47,59.88,67,0,0,0,0,0,0,169000.0,663350.0,392.51,7284913.68,B,none
2,4db52002-3b16-43dc-9f8a-eccae6071828,044eabcf-812c-41ad-a1f5-9db6f21ed491,少林武僧,True,f89bf661-d0ff-4ebe-acb4-1f629f9ca394,,,,,,,,,,,15,53.13,57.88,68,0,0,0,0,0,0,169000.0,660700.0,390.95,7283559.32,B,none
2,4db52002-3b16-43dc-9f8a-eccae6071828,050123de-44eb-4a2b-a8fe-4db8a1529aa5,马赛勇士,True,6bce0694-9b8d-4983-8add-df52197f7f78,,,,,,,,,,,15,53.53,58.75,64,0,0,0,0,0,0,169000.0,663550.0,392.63,7334338.32,B,none
2,4db52002-3b16-43dc-9f8a-eccae6071828,06c64b21-bf4d-498d-a335-7523b857bb86,烈焰狂狮,True,f786406d-650d-4637-8a2d-b49ef3cf1574,,,,,,,,,,,15,56.6,64.62,76,0,0,0,0,0,0,169000.0,703500.0,416.27,7398876.0,B,none
2,4db52002-3b16-43dc-9f8a-eccae6071828,06e6569a-d5e8-4f42-8b4d-cf0a010e445c,非洲雄狮,True,a12e8234-05fa-4dd7-b077-7a1d458ae0cd,,,,,,,,,,,15,56.73,61.12,73,0,0,0,0,0,0,169000.0,705600.0,417.51,7391260.0,B,none
2,4db52002-3b16-43dc-9f8a-eccae6071828,078455f4-1ff6-4474-bc6b-426909bae577,威尼斯假,True,21388aef-d223-4465-91a3-92dd7e00e2b3,,,,,,,,,,,15,58.73,62.88,69,0,0,0,0,0,0,221000.0,730000.0,330.32,10988267.32,B,none
2,4db52002-3b16-43dc-9f8a-eccae6071828,07ab2f4c-7945-4f8e-864b-4b6332e8d117,铁锤帮西汉,True,65ee62f3-fdbc-48d6-86f4-846d1ab89c4e,,,,,,,,,,,15,63.53,68.0,76,0,0,0,0,0,0,221000.0,789700.0,357.33,14613653.32,B,none
2,4db52002-3b16-43dc-9f8a-eccae6071828,09f1ed04-e485-4b18-a852-cc4fc302c6c1,波斯勇士,True,87f49698-a902-4287-b090-dcef237df119,,,,,,,,,,,15,53.33,59.88,63,0,0,0,0,0,0,169000.0,660200.0,390.65,7269664.68,B,none
2,4db52002-3b16-43dc-9f8a-eccae6071828,09f79a23-fbde-436c-9fb0-4860a9283acb,莫莫之王,True,21388aef-d223-4465-91a3-92dd7e00e2b3,,,,,,,,,,,15,60.93,67.25,81,0,0,0,0,0,0,221000.0,756750.0,342.42,10973075.0,B,none
2,4db52002-3b16-43dc-9f8a-eccae6071828,0a1a6fda-343e-4364-b821-8b96d724b93f,玄武镇海,True,88605e76-75d3-4351-80c0-56dc2159814f,,,,,,,,,,,15,49.67,57.25,68,0,0,0,0,0,0,169000.0,613400.0,362.96,7307506.68,B,none
2,4db52002-3b16-43dc-9f8a-eccae6071828,0a37218f-fa1d-4546-b362-6f158b75bc93,金虎啸月,True,02ceef91-0cb7-4a74-a27d-fcb631eae1c4,,,,,,,,,,,15,60.8,65.62,73,0,0,0,0,0,0,286000.0,754150.0,263.69,14735798.32,B,none
2,4db52002-3b16-43dc-9f8a-eccae6071828,0a8dcf7a-fc8f-4813-8a38-b9f30c6fd49d,撒丁岛卡,True,a6f5c428-ada4-4449-a842-3e7ace3c0005,,,,,,,,,,,15,50.87,56.25,66,0,0,0,0,0,0,169000.0,628250.0,371.75,7324591.68,B,none
2,4db52002-3b16-43dc-9f8a-eccae6071828,0adc51c8-060f-4181-ad5a-ec18ddbb725e,武当太极,True,f89bf661-d0ff-4ebe-acb4-1f629f9ca394,,,,,,,,,,,15,52.6,59.25,76,0,0,0,0,0,0,169000.0,651100.0,385.27,7341393.32,B,none
2,4db52002-3b16-43dc-9f8a-eccae6071828,0aef1107-5008-4689-8a43-157ba1191519,布宜诺斯,True,1cf8acb1-615d-45a7-a05b-b283f4588aad,,,,,,,,,,,15,66.33,72.25,81,0,0,0,0,0,0,286000.0,826500.0,288.99,15018004.0,B,none
2,4db52002-3b16-43dc-9f8a-eccae6071828,0c911a10-f2d3-42da-9505-4bfcb2deaad9,蝙蝠军团,True,9244158f-011e-4a70-ae03-06a046d80e77,,,,,,,,,,,15,57.27,64.5,71,0,0,0,0,0,0,221000.0,709700.0,321.13,11030625.68,B,none
2,4db52002-3b16-43dc-9f8a-eccae6071828,0e677fdf-187f-4a1a-b9a2-37fbf0d07c2b,桑巴舞者,True,e67663f5-d4e5-4cec-97c4-f4774dba81ce,,,,,,,,,,,15,72.73,80.75,92,0,0,0,0,0,0,357500.0,907050.0,253.72,18859630.0,B,none
2,4db52002-3b16-43dc-9f8a-eccae6071828,10e6809e-84ce-435a-8697-71eaa5d94750,冰狼踏雪,True,4dce7161-217a-4185-bb95-e5483387d3de,,,,,,,,,,,15,56.53,63.12,67,0,0,0,0,0,0,221000.0,701700.0,317.51,11004270.0,B,none
2,4db52002-3b16-43dc-9f8a-eccae6071828,111b523f-4d6e-4b55-8eda-9e0cbc9a8a8f,塞尔塔天,True,65ee62f3-fdbc-48d6-86f4-846d1ab89c4e,,,,,,,,,,,15,59.53,64.88,75,0,0,0,0,0,0,221000.0,739200.0,334.48,10978770.0,B,none
2,4db52002-3b16-43dc-9f8a-eccae6071828,137a86bf-00e2-49ab-9566-ddf93ad7adcc,沙漠玫瑰,True,6262376f-9254-4b57-803a-c53d2ce1d2ee,,,,,,,,,,,15,53.87,59.5,71,0,0,0,0,0,0,169000.0,667550.0,395.0,7285321.68,B,none
2,4db52002-3b16-43dc-9f8a-eccae6071828,1733512a-551e-4ef2-bff9-dad62c2098a8,罗马狼王,True,46ca050f-ec65-4d4c-b330-0e9674e3ba37,,,,,,,,,,,15,52.0,55.38,59,0,0,0,0,0,0,169000.0,643150.0,380.56,7321146.32,B,none
2,4db52002-3b16-43dc-9f8a-eccae6071828,184c5a96-0c65-46cd-bc95-131816ba68c5,萨拉丁军,True,0f20fc68-1fd7-45da-8e06-32f82781e1bd,,,,,,,,,,,15,56.53,64.5,70,0,0,0,0,0,0,169000.0,701400.0,415.03,7266140.0,B,none
2,4db52002-3b16-43dc-9f8a-eccae6071828,1df11a20-e8d3-496d-973a-6b162a24e6cf,石油大亨,True,fab2d856-fa9d-4687-a880-a50a657011b8,,,,,,,,,,,15,65.53,72.88,83,0,0,0,0,0,0,286000.0,815850.0,285.26,14896335.0,B,none
2,4db52002-3b16-43dc-9f8a-eccae6071828,1e0599d6-daa5-4ab3-a951-c480c0ac75c7,香料之路,True,6262376f-9254-4b57-803a-c53d2ce1d2ee,,,,,,,,,,,15,54.6,58.25,68,0,0,0,0,0,0,169000.0,675850.0,399.91,7272118.32,B,none
2,4db52002-3b16-43dc-9f8a-eccae6071828,1e1e1fa3-667a-4bab-87e5-1c745effbfb5,波斯猫王,True,87f49698-a902-4287-b090-dcef237df119,,,,,,,,,,,15,55.4,61.75,69,0,0,0,0,0,0,169000.0,686600.0,406.27,7355276.68,B,none
2,4db52002-3b16-43dc-9f8a-eccae6071828,21e07243-880c-4203-bb62-e758f39259f3,西域猛虎,True,02ceef91-0cb7-4a74-a27d-fcb631eae1c4,,,,,,,,,,,15,62.73,69.12,78,0,0,0,0,0,0,286000.0,779700.0,272.62,14734070.0,B,none
2,4db52002-3b16-43dc-9f8a-eccae6071828,22bda152-748b-4baf-bf7d-5f7ee67d482c,青金石蓝,True,4334724c-533d-4266-a574-de68ba3dcc45,,,,,,,,,,,15,58.2,64.75,77,0,0,0,0,0,0,169000.0,723300.0,427.99,7381230.0,B,none
2,4db52002-3b16-43dc-9f8a-eccae6071828,23278f69-e694-423d-816e-d53422ebe287,绿茵魔术师,True,e67663f5-d4e5-4cec-97c4-f4774dba81ce,,,,,,,,,,,15,72.93,83.12,101,0,0,0,0,0,0,357500.0,909200.0,254.32,18641661.68,B,none
2,4db52002-3b16-43dc-9f8a-eccae6071828,2569ef5e-b9c6-4894-a856-94f31eed5666,猫眼石闪,True,4334724c-533d-4266-a574-de68ba3dcc45,,,,,,,,,,,15,51.67,56.5,63,0,0,0,0,0,0,169000.0,638250.0,377.66,7301925.0,B,none
2,4db52002-3b16-43dc-9f8a-eccae6071828,259eb135-b329-4f0c-b53d-62d24befa97f,苍鹰搏兔,True,fb1b4abd-9a69-4a6b-abe7-cfcd4808bb94,,,,,,,,,,,15,56.67,61.38,65,0,0,0,0,0,0,221000.0,704450.0,318.76,11134461.68,B,none
2,4db52002-3b16-43dc-9f8a-eccae6071828,25d72cb1-8b3f-49d8-8919-b7a20d93dabe,图阿雷格,True,0f20fc68-1fd7-45da-8e06-32f82781e1bd,,,,,,,,,,,15,55.13,60.12,65,0,0,0,0,0,0,169000.0,683000.0,404.14,7263816.68,B,none
2,4db52002-3b16-43dc-9f8a-eccae6071828,284ffb4e-77da-4050-86aa-6e3b3f1ad9f8,狼堡沃尔夫,True,302e076d-f2b6-41ad-88c5-c2d5f7ecccda,,,,,,,,,,,15,53.33,60.0,70,0,0,0,0,0,0,169000.0,660500.0,390.83,7311314.68,B,none
2,4db52002-3b16-43dc-9f8a-eccae6071828,2910437e-75a7-4052-b404-3c5ed1ceef89,铁甲战狮,True,f786406d-650d-4637-8a2d-b49ef3cf1574,,,,,,,,,,,15,53.2,59.75,65,0,0,0,0,0,0,169000.0,658800.0,389.82,7371030.0,B,none
2,4db52002-3b16-43dc-9f8a-eccae6071828,292fba29-3830-4f2b-a1c9-45bf82cc2aec,印加帝国,True,1169a40e-c3d6-4292-bc16-915507bf2cdd,,,,,,,,,,,15,60.53,66.5,78,0,0,0,0,0,0,221000.0,752050.0,340.29,11060738.32,B,none
2,4db52002-3b16-43dc-9f8a-eccae6071828,29c80bf7-2f1b-4b7d-b993-2bea8ace967c,水晶石透,True,4334724c-533d-4266-a574-de68ba3dcc45,,,,,,,,,,,15,50.87,58.12,66,0,0,0,0,0,0,169000.0,631350.0,373.58,7288835.0,B,none
2,4db52002-3b16-43dc-9f8a-eccae6071828,2abd917d-f307-4723-b24a-fa465011e311,水手桑普,True,a6f5c428-ada4-4449-a842-3e7ace3c0005,,,,,,,,,,,15,52.13,58.75,83,0,0,0,0,0,0,169000.0,643900.0,381.01,7345473.32,B,none
2,4db52002-3b16-43dc-9f8a-eccae6071828,2b939b39-bf3d-432c-a18a-cf09d41d89d5,乌拉圭牛,True,1169a40e-c3d6-4292-bc16-915507bf2cdd,,,,,,,,,,,15,56.4,65.38,74,0,0,0,0,0,0,221000.0,698850.0,316.22,10999561.0,B,none
2,4db52002-3b16-43dc-9f8a-eccae6071828,2c405c52-5650-4ae0-b38e-e2f4b5488b2e,蜜蜂布伦特,True,4d9ef5c6-8fd6-48a8-af1e-768f161ccd0c,,,,,,,,,,,15,65.6,75.75,97,0,0,0,0,0,0,286000.0,816250.0,285.4,14849358.32,B,none
2,4db52002-3b16-43dc-9f8a-eccae6071828,2f1cac20-031e-42c0-989f-20ad523d1c3a,塞伦盖蒂,True,b9f6250e-1ce4-4d8b-b209-7e6c659a399a,,,,,,,,,,,15,59.8,66.38,69,0,0,0,0,0,0,169000.0,743800.0,440.12,7267613.32,B,none
2,4db52002-3b16-43dc-9f8a-eccae6071828,2f75fc52-cb35-4b9c-be49-d5a6a14cb22a,沙漠之狐,True,7bfbe83e-8c9c-4322-95e8-61d8c8a3dbc3,,,,,,,,,,,15,68.8,78.38,88,0,0,0,0,0,0,357500.0,857450.0,239.85,18683736.68,B,none
2,4db52002-3b16-43dc-9f8a-eccae6071828,309590f4-dd0e-4d6c-9e4a-39e58bc37036,野马奔腾,True,88605e76-75d3-4351-80c0-56dc2159814f,,,,,,,,,,,15,54.47,60.25,72,0,0,0,0,0,0,169000.0,676300.0,400.18,7356863.32,B,none
2,4db52002-3b16-43dc-9f8a-eccae6071828,3293dc70-0f08-4714-8da4-f2bf2ccc7c01,药厂勒沃,True,65ee62f3-fdbc-48d6-86f4-846d1ab89c4e,,,,,,,,,,,15,54.87,61.0,70,0,0,0,0,0,0,221000.0,678700.0,307.1,7332213.32,B,none
2,4db52002-3b16-43dc-9f8a-eccae6071828,33becdfb-5059-4bd5-8800-5478f333d94d,非洲大象,True,a12e8234-05fa-4dd7-b077-7a1d458ae0cd,,,,,,,,,,,15,54.33,61.25,73,0,0,0,0,0,0,169000.0,672500.0,397.93,7282516.68,B,none
2,4db52002-3b16-43dc-9f8a-eccae6071828,35b972f9-624a-455b-a667-9f8af97d0189,朱雀焚霞,True,88605e76-75d3-4351-80c0-56dc2159814f,,,,,,,,,,,15,56.2,63.88,75,0,0,0,0,0,0,169000.0,698050.0,413.05,7251038.32,B,none
2,4db52002-3b16-43dc-9f8a-eccae6071828,35c8b0bf-4bbe-41fd-b936-6dcd8259f2d7,清真美食,True,6b46ef51-d18a-41c8-b6cd-b9e2d79b05a4,,,,,,,,,,,15,60.93,68.25,75,0,0,0,0,0,0,221000.0,756900.0,342.49,11125055.0,B,none
2,4db52002-3b16-43dc-9f8a-eccae6071828,3876d4f9-b7d3-4b3c-b6e4-ff8701c767c2,巴格达城,True,6b46ef51-d18a-41c8-b6cd-b9e2d79b05a4,,,,,,,,,,,15,57.53,62.88,77,0,0,0,0,0,0,221000.0,712550.0,322.42,11052368.68,B,none
2,4db52002-3b16-43dc-9f8a-eccae6071828,3892aac9-8054-4643-9c7b-a91b06fa99fd,赫塔菲蓝,True,65ee62f3-fdbc-48d6-86f4-846d1ab89c4e,,,,,,,,,,,15,63.0,70.0,82,0,0,0,0,0,0,221000.0,782700.0,354.16,11145370.0,B,none
2,4db52002-3b16-43dc-9f8a-eccae6071828,39be931c-c49e-4f28-9a00-10ec08c15176,日耳曼战,True,302e076d-f2b6-41ad-88c5-c2d5f7ecccda,,,,,,,,,,,15,60.13,68.0,73,0,0,0,0,0,0,169000.0,748350.0,442.81,7384817.0,B,none
2,4db52002-3b16-43dc-9f8a-eccae6071828,39cdad4c-85e4-497b-bc28-c6522308c7f0,太妃糖埃弗,True,4d9ef5c6-8fd6-48a8-af1e-768f161ccd0c,,,,,,,,,,,15,61.87,68.88,77,0,0,0,0,0,0,286000.0,769500.0,269.06,14748384.0,B,none
2,4db52002-3b16-43dc-9f8a-eccae6071828,39d68cb0-ac36-4efb-a3ee-d1c310dfedf6,弯月之星,True,6b46ef51-d18a-41c8-b6cd-b9e2d79b05a4,,,,,,,,,,,15,60.73,66.5,79,0,0,0,0,0,0,221000.0,753900.0,341.13,11165940.0,B,none
2,4db52002-3b16-43dc-9f8a-eccae6071828,39e49306-8e6f-4a05-a7aa-062bddf5ab61,尼罗河源,True,b9f6250e-1ce4-4d8b-b209-7e6c659a399a,,,,,,,,,,,15,56.33,63.88,71,0,0,0,0,0,0,169000.0,699700.0,414.02,7398853.32,B,none
2,4db52002-3b16-43dc-9f8a-eccae6071828,3a880d14-ff4b-41c2-9503-1bec623f4877,美丽游戏,True,e67663f5-d4e5-4cec-97c4-f4774dba81ce,,,,,,,,,,,15,71.47,77.5,81,0,0,0,0,0,0,357500.0,891750.0,249.44,18464550.0,B,none
2,4db52002-3b16-43dc-9f8a-eccae6071828,3ad8d687-1de5-4341-b325-ada3ed2362ee,角马迁徙,True,a12e8234-05fa-4dd7-b077-7a1d458ae0cd,,,,,,,,,,,15,53.53,59.0,74,0,0,0,0,0,0,169000.0,663100.0,392.37,7270877.32,B,none
2,4db52002-3b16-43dc-9f8a-eccae6071828,3b05a23b-42f6-4bc4-9724-1fd5166af673,祖鲁战士,True,6bce0694-9b8d-4983-8add-df52197f7f78,,,,,,,,,,,15,59.33,65.0,70,0,0,0,0,0,0,169000.0,735450.0,435.18,7383627.0,B,none
2,4db52002-3b16-43dc-9f8a-eccae6071828,3b55a0fc-804e-468b-9ad5-fbbe1e367ed8,寒冰领域,True,f89bf661-d0ff-4ebe-acb4-1f629f9ca394,,,,,,,,,,,15,56.13,62.0,70,0,0,0,0,0,0,169000.0,695800.0,411.72,7407523.32,B,none
2,4db52002-3b16-43dc-9f8a-eccae6071828,3ba408ba-8c10-40e1-96b5-560ff0cf757b,潘帕斯草,True,1cf8acb1-615d-45a7-a05b-b283f4588aad,,,,,,,,,,,15,65.67,72.88,81,0,0,0,0,0,0,286000.0,817050.0,285.68,14840405.0,B,none
2,4db52002-3b16-43dc-9f8a-eccae6071828,3bb6cdde-1596-4088-8bd5-72ecea536c22,薛西斯军,True,87f49698-a902-4287-b090-dcef237df119,,,,,,,,,,,15,53.87,58.75,67,0,0,0,0,0,0,169000.0,666950.0,394.64,7271517.68,B,none
2,4db52002-3b16-43dc-9f8a-eccae6071828,3cd8476b-2c90-4707-9ddd-1be529014540,贝都因骑,True,0f20fc68-1fd7-45da-8e06-32f82781e1bd,,,,,,,,,,,15,58.73,63.38,70,0,0,0,0,0,0,169000.0,729150.0,431.45,7390665.0,B,none
2,4db52002-3b16-43dc-9f8a-eccae6071828,3e581cb0-9156-44bd-94f6-aa02d66880ad,清真寺塔,True,6b46ef51-d18a-41c8-b6cd-b9e2d79b05a4,,,,,,,,,,,15,60.13,67.25,77,0,0,0,0,0,0,221000.0,745900.0,337.51,11001578.32,B,none
2,4db52002-3b16-43dc-9f8a-eccae6071828,3f26acb5-82a1-488e-9ed2-0fe8a623442e,累西腓鼓,True,21388aef-d223-4465-91a3-92dd7e00e2b3,,,,,,,,,,,15,58.67,63.12,72,0,0,0,0,0,0,221000.0,728750.0,329.75,11192006.68,B,none
2,4db52002-3b16-43dc-9f8a-eccae6071828,41a46d7d-6538-4bd1-b60b-37653c73d02e,撒哈拉驼,True,7bfbe83e-8c9c-4322-95e8-61d8c8a3dbc3,,,,,,,,,,,15,65.4,72.38,78,0,0,0,0,0,0,357500.0,813550.0,227.57,18521613.32,B,none
2,4db52002-3b16-43dc-9f8a-eccae6071828,42053a52-51ee-4911-a9ee-1ec2405ac400,刚果雨林,True,b9f6250e-1ce4-4d8b-b209-7e6c659a399a,,,,,,,,,,,15,52.27,59.0,70,0,0,0,0,0,0,169000.0,646500.0,382.54,7288750.0,B,none
2,4db52002-3b16-43dc-9f8a-eccae6071828,42c8bbd3-b418-43e0-b06f-16785d2e6c1e,斯图加特,True,f8bb5dbf-1adc-44fd-9db4-8e9468aebc86,,,,,,,,,,,15,51.67,56.38,63,0,0,0,0,0,0,169000.0,638300.0,377.69,7282074.68,B,none
2,4db52002-3b16-43dc-9f8a-eccae6071828,43e82f85-6f8c-41d7-917e-b5dcfa22774b,金刚鹦鹉,True,7832b676-8fc3-469d-9ac1-0201d8e12db3,,,,,,,,,,,15,50.67,56.75,61,0,0,0,0,0,0,169000.0,626350.0,370.62,7295918.32,B,none
2,4db52002-3b16-43dc-9f8a-eccae6071828,440cb51c-41e6-41bf-9be5-d5fd234b8be5,纳斯卡线,True,1169a40e-c3d6-4292-bc16-915507bf2cdd,,,,,,,,,,,15,59.27,64.75,81,0,0,0,0,0,0,221000.0,735600.0,332.85,10989310.0,B,none
2,4db52002-3b16-43dc-9f8a-eccae6071828,440fdc8d-b571-4054-80b1-23ccb5284831,魔毯飞行,True,6262376f-9254-4b57-803a-c53d2ce1d2ee,,,,,,,,,,,15,50.6,55.88,65,0,0,0,0,0,0,169000.0,625100.0,369.88,7288126.68,B,none
2,4db52002-3b16-43dc-9f8a-eccae6071828,4443e878-68ea-4db6-89bf-30e923549ef7,云豹穿林,True,f786406d-650d-4637-8a2d-b49ef3cf1574,,,,,,,,,,,15,55.47,60.5,63,0,0,0,0,0,0,169000.0,688350.0,407.31,7265035.0,B,none
2,4db52002-3b16-43dc-9f8a-eccae6071828,4485f0dd-6969-4ff2-a446-7af90be9d8da,红军利物浦,True,dbb57fe0-d69b-428a-998a-d7160fada4bc,,,,,,,,,,,15,73.47,79.38,88,0,0,0,0,0,0,357500.0,916800.0,256.45,18573605.0,B,none
2,4db52002-3b16-43dc-9f8a-eccae6071828,44b54348-8165-4668-afd9-52d172cd7142,紫电龙骑,True,b925fcef-2d8f-488c-ae9c-b02ca84c452c,,,,,,,,,,,15,72.93,82.38,93,0,0,0,0,0,0,357500.0,910950.0,254.81,18883090.0,B,none
2,4db52002-3b16-43dc-9f8a-eccae6071828,4587e475-fa2e-4392-8f7a-1b75536e6dce,凤凰涅槃,True,88605e76-75d3-4351-80c0-56dc2159814f,,,,,,,,,,,15,51.73,57.5,76,0,0,0,0,0,0,169000.0,640250.0,378.85,7436791.68,B,none
2,4db52002-3b16-43dc-9f8a-eccae6071828,45adc757-3483-4d9e-b79a-dc1546e717bf,凯门鳄凶,True,7832b676-8fc3-469d-9ac1-0201d8e12db3,,,,,,,,,,,15,54.6,60.25,75,0,0,0,0,0,0,169000.0,676550.0,400.33,7281683.68,B,none
2,4db52002-3b16-43dc-9f8a-eccae6071828,46d44ebc-a446-447c-ad97-494b93e4206c,汽油骑士,True,fab2d856-fa9d-4687-a880-a50a657011b8,,,,,,,,,,,15,63.4,69.38,78,0,0,0,0,0,0,286000.0,788550.0,275.72,14809805.0,B,none
2,4db52002-3b16-43dc-9f8a-eccae6071828,4933ad56-91cc-4ad1-bb24-77618d0c7e00,皇家社会,True,9244158f-011e-4a70-ae03-06a046d80e77,,,,,,,,,,,15,59.93,66.88,77,0,0,0,0,0,0,221000.0,743450.0,336.4,11193213.68,B,none
2,4db52002-3b16-43dc-9f8a-eccae6071828,49bd78ca-51e4-4e98-a144-cf559450bec1,大马士革,True,4334724c-533d-4266-a574-de68ba3dcc45,,,,,,,,,,,15,58.33,65.75,80,0,0,0,0,0,0,169000.0,726100.0,429.64,10912940.32,B,none
2,4db52002-3b16-43dc-9f8a-eccae6071828,49c1c2ca-dafe-47cf-91bb-8fd2e7480a02,北海苍龙,True,b925fcef-2d8f-488c-ae9c-b02ca84c452c,,,,,,,,,,,15,65.4,73.5,86,0,0,0,0,0,0,357500.0,812750.0,227.34,18505066.68,B,none
2,4db52002-3b16-43dc-9f8a-eccae6071828,49f5ea7b-f2bb-42ec-9b4a-f94d421e55a4,星月传奇,True,6b46ef51-d18a-41c8-b6cd-b9e2d79b05a4,,,,,,,,,,,15,57.4,63.75,81,0,0,0,0,0,0,221000.0,712800.0,322.53,11006480.0,B,none
2,4db52002-3b16-43dc-9f8a-eccae6071828,4a6f18e4-fd10-45b5-8b00-efbcebe9a75d,天然气王,True,fab2d856-fa9d-4687-a880-a50a657011b8,,,,,,,,,,,15,64.0,71.25,85,0,0,0,0,0,0,286000.0,795800.0,278.25,14865196.68,B,none
2,4db52002-3b16-43dc-9f8a-eccae6071828,4aad9483-daee-4fed-bd5d-7549577b701b,农场主富勒,True,4d9ef5c6-8fd6-48a8-af1e-768f161ccd0c,,,,,,,,,,,15,65.13,69.5,83,0,0,0,0,0,0,286000.0,812600.0,284.13,14987426.68,B,none
2,4db52002-3b16-43dc-9f8a-eccae6071828,4b1ecf8a-c57f-48a0-bc81-8142bd0346cb,青云直上,True,22b88e21-1118-487f-a3db-75aee691dc9a,,,,,,,,,,,15,50.73,56.62,69,0,0,0,0,0,0,169000.0,626600.0,370.77,7325526.68,B,none
2,4db52002-3b16-43dc-9f8a-eccae6071828,4d647185-2dec-40ae-82cc-c53ea581c097,银龙出海,True,b925fcef-2d8f-488c-ae9c-b02ca84c452c,,,,,,,,,,,15,65.6,72.38,90,0,0,0,0,0,0,357500.0,816550.0,228.41,18630413.32,B,none
2,4db52002-3b16-43dc-9f8a-eccae6071828,4e3e410c-1b95-45bd-927a-d44638c55bcf,银狼啸天,True,4dce7161-217a-4185-bb95-e5483387d3de,,,,,,,,,,,15,60.53,67.12,77,0,0,0,0,0,0,221000.0,751250.0,339.93,11171691.68,B,none
2,4db52002-3b16-43dc-9f8a-eccae6071828,4f3b655c-28d0-443f-a032-bd8067e618cb,阿拉伯舞,True,6262376f-9254-4b57-803a-c53d2ce1d2ee,,,,,,,,,,,15,53.33,57.88,64,0,0,0,0,0,0,169000.0,660600.0,390.89,7421010.0,B,none
2,4db52002-3b16-43dc-9f8a-eccae6071828,503036d2-394a-4d97-94f2-f8b82c45e5b2,沙漠孤鹰,True,fb1b4abd-9a69-4a6b-abe7-cfcd4808bb94,,,,,,,,,,,15,61.33,68.12,76,0,0,0,0,0,0,221000.0,761900.0,344.75,11161406.68,B,none
2,4db52002-3b16-43dc-9f8a-eccae6071828,504acf72-1e38-444b-8c47-7d932c203254,东方巨龙,True,b925fcef-2d8f-488c-ae9c-b02ca84c452c,,,,,,,,,,,15,71.33,78.12,90,0,0,0,0,0,0,357500.0,889250.0,248.74,18661466.68,B,none
2,4db52002-3b16-43dc-9f8a-eccae6071828,50dec1a9-7a27-4883-9332-27f77e29d835,草原战狼,True,4dce7161-217a-4185-bb95-e5483387d3de,,,,,,,,,,,15,60.13,66.62,80,0,0,0,0,0,0,221000.0,747250.0,338.12,11122958.32,B,none
2,4db52002-3b16-43dc-9f8a-eccae6071828,5345b378-c2d5-44fd-832a-1f84746d672a,红魔曼联,True,dbb57fe0-d69b-428a-998a-d7160fada4bc,,,,,,,,,,,15,70.0,77.0,90,0,0,0,0,0,0,357500.0,873000.0,244.2,18901450.0,B,none
2,4db52002-3b16-43dc-9f8a-eccae6071828,54c85925-c14a-4857-bbe7-979c107ac6f8,安第斯山,True,1cf8acb1-615d-45a7-a05b-b283f4588aad,,,,,,,,,,,15,59.2,65.5,82,0,0,0,0,0,0,286000.0,735050.0,257.01,14755121.68,B,none
2,4db52002-3b16-43dc-9f8a-eccae6071828,552475be-c7ad-4d75-931c-096b6564c485,峨眉女侠,True,f89bf661-d0ff-4ebe-acb4-1f629f9ca394,,,,,,,,,,,15,49.73,54.25,58,0,0,0,0,0,0,169000.0,614650.0,363.7,7298298.32,B,none
2,4db52002-3b16-43dc-9f8a-eccae6071828,5566dd03-123f-4002-a16f-19b9ed87a048,绿洲驼队,True,ddea29f1-c361-4050-bf56-bc5ff3791276,,,,,,,,,,,15,56.47,60.62,74,0,0,0,0,0,0,221000.0,699350.0,316.45,10992851.68,B,none
2,4db52002-3b16-43dc-9f8a-eccae6071828,55a8972e-35da-4e61-a6c3-b6bbefa9acf8,阿拉伯夜,True,7bfbe83e-8c9c-4322-95e8-61d8c8a3dbc3,,,,,,,,,,,15,62.8,71.62,78,0,0,0,0,0,0,357500.0,780100.0,218.21,18523568.32,B,none
2,4db52002-3b16-43dc-9f8a-eccae6071828,598c580d-2e95-4384-9d06-17d48a0ae1a9,炼油大师,True,fab2d856-fa9d-4687-a880-a50a657011b8,,,,,,,,,,,15,61.67,67.38,74,0,0,0,0,0,0,286000.0,767150.0,268.23,14738359.68,B,none
2,4db52002-3b16-43dc-9f8a-eccae6071828,5a7561b1-368d-4ba6-a386-e3242ea01d1b,拉普拉塔,True,1169a40e-c3d6-4292-bc16-915507bf2cdd,,,,,,,,,,,15,59.87,68.5,82,0,0,0,0,0,0,221000.0,743050.0,336.22,14648588.32,B,none
2,4db52002-3b16-43dc-9f8a-eccae6071828,5b26471e-24f4-4478-8820-025fdd564484,格拉纳达,True,65ee62f3-fdbc-48d6-86f4-846d1ab89c4e,,,,,,,,,,,15,53.6,58.25,62,0,0,0,0,0,0,221000.0,663850.0,300.38,11008718.32,B,none
2,4db52002-3b16-43dc-9f8a-eccae6071828,5bec356b-a35b-4c82-b31e-78b60af0b972,智利红酒,True,1169a40e-c3d6-4292-bc16-915507bf2cdd,,,,,,,,,,,15,60.33,70.0,79,0,0,0,0,0,0,221000.0,750150.0,339.43,11168065.0,B,none
2,4db52002-3b16-43dc-9f8a-eccae6071828,5c43bce5-0ae3-489d-a0b6-b2f1287a30f5,撒哈拉南,True,b9f6250e-1ce4-4d8b-b209-7e6c659a399a,,,,,,,,,,,15,52.07,59.38,66,0,0,0,0,0,0,169000.0,645300.0,381.83,7285180.0,B,none
2,4db52002-3b16-43dc-9f8a-eccae6071828,5c65363c-27d3-4c41-a82e-f3f2c0f28e00,红宝石矿,True,4334724c-533d-4266-a574-de68ba3dcc45,,,,,,,,,,,15,57.2,65.38,74,0,0,0,0,0,0,169000.0,709500.0,419.82,7304050.0,B,none
2,4db52002-3b16-43dc-9f8a-eccae6071828,5e4757ac-f754-40a8-8eab-23b3b65064e7,阿拉伯军,True,0f20fc68-1fd7-45da-8e06-32f82781e1bd,,,,,,,,,,,15,56.53,61.75,74,0,0,0,0,0,0,169000.0,701900.0,415.33,7297068.68,B,none
2,4db52002-3b16-43dc-9f8a-eccae6071828,623f0165-5165-4ea8-aa33-64db8f4421e3,白虹贯日,True,22b88e21-1118-487f-a3db-75aee691dc9a,,,,,,,,,,,15,55.0,61.5,68,0,0,0,0,0,0,169000.0,681800.0,403.43,7404746.68,B,none
2,4db52002-3b16-43dc-9f8a-eccae6071828,656af116-ec15-45d0-a148-c14c8ee66591,青龙偃月,True,b925fcef-2d8f-488c-ae9c-b02ca84c452c,,,,,,,,,,,15,68.07,74.62,80,0,0,0,0,0,0,357500.0,847550.0,237.08,18527846.68,B,none
2,4db52002-3b16-43dc-9f8a-eccae6071828,66577839-4ed1-439e-b651-7999b6bcbb67,骆驼骑士,True,ddea29f1-c361-4050-bf56-bc5ff3791276,,,,,,,,,,,15,58.2,66.38,79,0,0,0,0,0,0,221000.0,721750.0,326.58,11018408.32,B,none
2,4db52002-3b16-43dc-9f8a-eccae6071828,67761f75-2d7f-4c80-9d77-9a15af32e4ff,黑虎掏心,True,02ceef91-0cb7-4a74-a27d-fcb631eae1c4,,,,,,,,,,,15,62.93,68.25,81,0,0,0,0,0,0,286000.0,782950.0,273.76,14744978.32,B,none
2,4db52002-3b16-43dc-9f8a-eccae6071828,680a23c7-6f51-442d-9e73-952872244c69,桑巴学校,True,21388aef-d223-4465-91a3-92dd7e00e2b3,,,,,,,,,,,15,57.53,63.38,74,0,0,0,0,0,0,221000.0,714800.0,323.44,11079772.68,B,none
2,4db52002-3b16-43dc-9f8a-eccae6071828,68c82bcb-837c-48f7-8874-6a465e6c7267,小辣椒莱,True,a6f5c428-ada4-4449-a842-3e7ace3c0005,,,,,,,,,,,15,55.27,61.38,71,0,0,0,0,0,0,169000.0,683950.0,404.7,7262598.32,B,none
2,4db52002-3b16-43dc-9f8a-eccae6071828,6a4b62f0-9760-472f-9596-f8bd3f6988c6,猎豹闪电,True,f786406d-650d-4637-8a2d-b49ef3cf1574,,,,,,,,,,,15,52.6,58.5,74,0,0,0,0,0,0,169000.0,651000.0,385.21,7277700.0,B,none
2,4db52002-3b16-43dc-9f8a-eccae6071828,6b6bb06a-849d-4a43-9fe9-22ced7c1628a,汉诺威红,True,f8bb5dbf-1adc-44fd-9db4-8e9468aebc86,,,,,,,,,,,15,53.07,60.0,70,0,0,0,0,0,0,169000.0,657400.0,388.99,7367573.32,B,none
2,4db52002-3b16-43dc-9f8a-eccae6071828,6facb35a-34db-4dee-81da-e37fc8253d9b,雪山神鹰,True,fb1b4abd-9a69-4a6b-abe7-cfcd4808bb94,,,,,,,,,,,15,59.47,68.12,76,0,0,0,0,0,0,221000.0,739000.0,334.39,11038383.32,B,none
2,4db52002-3b16-43dc-9f8a-eccae6071828,6ffd6ab0-619d-4cc4-b4e2-d68c24b329ca,探戈情人,True,1cf8acb1-615d-45a7-a05b-b283f4588aad,,,,,,,,,,,15,62.8,68.38,85,0,0,0,0,0,0,286000.0,781200.0,273.15,14775754.0,B,none
2,4db52002-3b16-43dc-9f8a-eccae6071828,71953ece-12ce-45e2-9421-65566aa28370,西域雪狼,True,4dce7161-217a-4185-bb95-e5483387d3de,,,,,,,,,,,15,60.87,66.12,72,0,0,0,0,0,0,221000.0,755350.0,341.79,11063118.32,B,none
2,4db52002-3b16-43dc-9f8a-eccae6071828,731e6900-3efb-4e33-ba3e-48baae14cdb1,绿松石绿,True,4334724c-533d-4266-a574-de68ba3dcc45,,,,,,,,,,,15,51.53,57.62,80,0,0,0,0,0,0,169000.0,636600.0,376.69,7324110.0,B,none
2,4db52002-3b16-43dc-9f8a-eccae6071828,74eaf4b2-8ab1-46f1-8df5-92eff66a71b5,亚马逊河,True,1169a40e-c3d6-4292-bc16-915507bf2cdd,,,,,,,,,,,15,57.27,64.25,72,0,0,0,0,0,0,221000.0,709750.0,321.15,11020958.32,B,none
2,4db52002-3b16-43dc-9f8a-eccae6071828,75477b77-3c16-44fe-823e-b88f837ac147,水蟒巨蛇,True,7832b676-8fc3-469d-9ac1-0201d8e12db3,,,,,,,,,,,15,54.47,60.12,73,0,0,0,0,0,0,169000.0,676100.0,400.06,7322976.68,B,none
2,4db52002-3b16-43dc-9f8a-eccae6071828,758860d9-d1e2-4144-97f8-ab44700f1390,科隆山羊,True,f8bb5dbf-1adc-44fd-9db4-8e9468aebc86,,,,,,,,,,,15,50.47,56.12,59,0,0,0,0,0,0,169000.0,622950.0,368.61,7293595.0,B,none
2,4db52002-3b16-43dc-9f8a-eccae6071828,76067cbd-701d-4a3e-8ca8-7406a5925981,红黑恶魔,True,46ca050f-ec65-4d4c-b330-0e9674e3ba37,,,,,,,,,,,15,53.2,57.38,66,0,0,0,0,0,0,169000.0,660000.0,390.53,7272600.0,B,none
2,4db52002-3b16-43dc-9f8a-eccae6071828,7683a8d9-6658-4d3d-b8a0-949e64fe6c71,紫气东来,True,22b88e21-1118-487f-a3db-75aee691dc9a,,,,,,,,,,,15,57.6,64.88,74,0,0,0,0,0,0,169000.0,714150.0,422.57,7241915.0,B,none
2,4db52002-3b16-43dc-9f8a-eccae6071828,77c1573b-1772-46d0-91dd-4c0eb6dd650f,能源霸主,True,fab2d856-fa9d-4687-a880-a50a657011b8,,,,,,,,,,,15,61.27,68.25,79,0,0,0,0,0,0,286000.0,761350.0,266.21,14791218.32,B,none
2,4db52002-3b16-43dc-9f8a-eccae6071828,79000030-a741-4af0-8f03-5dcb052a6083,树懒慢动,True,7832b676-8fc3-469d-9ac1-0201d8e12db3,,,,,,,,,,,15,55.33,62.25,68,0,0,0,0,0,0,169000.0,685900.0,405.86,7355673.32,B,none
2,4db52002-3b16-43dc-9f8a-eccae6071828,7959e002-0504-44ab-9b38-b15a045224fb,沙滩足球,True,e67663f5-d4e5-4cec-97c4-f4774dba81ce,,,,,,,,,,,15,69.33,76.5,88,0,0,0,0,0,0,357500.0,863200.0,241.45,18633898.32,B,none
2,4db52002-3b16-43dc-9f8a-eccae6071828,7ab67095-b301-4ab4-b960-91591e33c15e,丝路驼铃,True,ddea29f1-c361-4050-bf56-bc5ff3791276,,,,,,,,,,,15,62.0,69.25,82,0,0,0,0,0,0,221000.0,770750.0,348.76,11026851.68,B,none
2,4db52002-3b16-43dc-9f8a-eccae6071828,7b4ce2d2-a6e9-41f7-a1dd-63e41bf27ee2,中原飞虎,True,02ceef91-0cb7-4a74-a27d-fcb631eae1c4,,,,,,,,,,,15,63.47,72.5,81,0,0,0,0,0,0,286000.0,789150.0,275.93,14856215.0,B,none
2,4db52002-3b16-43dc-9f8a-eccae6071828,7bb97b34-3378-4022-8978-63b77fa9a428,飞驴切沃,True,a6f5c428-ada4-4449-a842-3e7ace3c0005,,,,,,,,,,,15,55.27,62.38,67,0,0,0,0,0,0,169000.0,684550.0,405.06,7356438.32,B,none
2,4db52002-3b16-43dc-9f8a-eccae6071828,7c3be36d-ab84-49a9-970b-a077ad71971f,白虎啸天,True,02ceef91-0cb7-4a74-a27d-fcb631eae1c4,,,,,,,,,,,15,66.13,71.62,77,0,0,0,0,0,0,286000.0,822500.0,287.59,14809062.68,B,none
2,4db52002-3b16-43dc-9f8a-eccae6071828,7da721ac-9950-452a-ae1b-e86d5b679c70,咖啡起源,True,6262376f-9254-4b57-803a-c53d2ce1d2ee,,,,,,,,,,,15,55.73,61.75,69,0,0,0,0,0,0,169000.0,690400.0,408.52,7319123.32,B,none
2,4db52002-3b16-43dc-9f8a-eccae6071828,7e088f3c-04f6-45a3-af48-439bb31e612b,蓝宝石海,True,4334724c-533d-4266-a574-de68ba3dcc45,,,,,,,,,,,15,56.0,61.62,72,0,0,0,0,0,0,169000.0,693800.0,410.53,7249196.68,B,none
2,4db52002-3b16-43dc-9f8a-eccae6071828,7ee53c55-e7b0-4bc5-afdc-61cbb8f6b564,金豹捕猎,True,f786406d-650d-4637-8a2d-b49ef3cf1574,,,,,,,,,,,15,49.47,56.0,63,0,0,0,0,0,0,169000.0,610800.0,361.42,7300514.0,B,none
2,4db52002-3b16-43dc-9f8a-eccae6071828,80d0cdf6-4d99-41c1-a05e-cc765ff63cc8,巴塔哥尼,True,1cf8acb1-615d-45a7-a05b-b283f4588aad,,,,,,,,,,,15,66.07,73.38,80,0,0,0,0,0,0,286000.0,822500.0,287.59,14809096.68,B,none
2,4db52002-3b16-43dc-9f8a-eccae6071828,8219749b-ffff-4d26-bb87-a95cc5a5b1bd,真蓝黑亚,True,a6f5c428-ada4-4449-a842-3e7ace3c0005,,,,,,,,,,,15,52.27,60.5,81,0,0,0,0,0,0,169000.0,647950.0,383.4,7275178.32,B,none
2,4db52002-3b16-43dc-9f8a-eccae6071828,82f82edf-7758-4d6e-8a40-506e9f42ee76,热带雨林,True,1cf8acb1-615d-45a7-a05b-b283f4588aad,,,,,,,,,,,15,63.27,72.12,80,0,0,0,0,0,0,286000.0,786250.0,274.91,11024358.32,B,none
2,4db52002-3b16-43dc-9f8a-eccae6071828,84476697-d2dd-4eff-aa4d-b54a76cc707a,老鹰水晶宫,True,4d9ef5c6-8fd6-48a8-af1e-768f161ccd0c,,,,,,,,,,,15,64.67,69.88,81,0,0,0,0,0,0,286000.0,804850.0,281.42,14766568.32,B,none
2,4db52002-3b16-43dc-9f8a-eccae6071828,849c8a6f-bd29-4061-a648-aa7ef868645e,黑金帝国,True,fab2d856-fa9d-4687-a880-a50a657011b8,,,,,,,,,,,15,64.8,72.5,88,0,0,0,0,0,0,286000.0,806350.0,281.94,14731718.32,B,none
2,4db52002-3b16-43dc-9f8a-eccae6071828,85ef01d7-7dd3-4159-80ed-9fedf3cbf51b,东方雄狮,True,f786406d-650d-4637-8a2d-b49ef3cf1574,,,,,,,,,,,15,58.13,63.25,69,0,0,0,0,0,0,169000.0,721500.0,426.92,7271750.0,B,none
2,4db52002-3b16-43dc-9f8a-eccae6071828,87708401-6c46-4278-a952-d6c0d803f63b,绿白贝蒂,True,65ee62f3-fdbc-48d6-86f4-846d1ab89c4e,,,,,,,,,,,15,57.8,65.12,85,0,0,0,0,0,0,221000.0,717050.0,324.46,11084821.68,B,none
2,4db52002-3b16-43dc-9f8a-eccae6071828,8939ddb9-5429-4b7d-bf4e-25311cead9b8,斗牛士团,True,9244158f-011e-4a70-ae03-06a046d80e77,,,,,,,,,,,15,57.53,62.0,75,0,0,0,0,0,0,221000.0,713900.0,323.03,10980356.68,B,none
2,4db52002-3b16-43dc-9f8a-eccae6071828,89bac727-2ee7-4d42-b0aa-460b7904e9fd,驼峰运输,True,ddea29f1-c361-4050-bf56-bc5ff3791276,,,,,,,,,,,15,61.67,68.62,82,0,0,0,0,0,0,221000.0,765350.0,346.31,11120266.68,B,none
2,4db52002-3b16-43dc-9f8a-eccae6071828,8a5a4c7a-ab0c-46bf-b87c-30a78c456d5c,大黄蜂多,True,302e076d-f2b6-41ad-88c5-c2d5f7ecccda,,,,,,,,,,,15,55.87,63.12,86,0,0,0,0,0,0,169000.0,692550.0,409.79,7317905.0,B,none
2,4db52002-3b16-43dc-9f8a-eccae6071828,8c427503-dd41-4808-bd1f-a8b7c4d2bc6c,食人鱼群,True,7832b676-8fc3-469d-9ac1-0201d8e12db3,,,,,,,,,,,15,51.13,56.75,73,0,0,0,0,0,0,169000.0,631650.0,373.76,7329805.0,B,none
2,4db52002-3b16-43dc-9f8a-eccae6071828,8c4c3217-b274-40fc-836d-dc928da4031a,麦加朝圣,True,6b46ef51-d18a-41c8-b6cd-b9e2d79b05a4,,,,,,,,,,,15,59.47,66.0,76,0,0,0,0,0,0,221000.0,738600.0,334.21,11064110.0,B,none
2,4db52002-3b16-43dc-9f8a-eccae6071828,8cf38db9-6065-47f4-b3a2-2abc53db15d2,桑布露族,True,6bce0694-9b8d-4983-8add-df52197f7f78,,,,,,,,,,,15,51.93,57.38,64,0,0,0,0,0,0,169000.0,642450.0,380.15,7299545.0,B,none
2,4db52002-3b16-43dc-9f8a-eccae6071828,8d0c82c3-a509-47e2-8003-dc2e6500abfd,金字塔尖,True,7bfbe83e-8c9c-4322-95e8-61d8c8a3dbc3,,,,,,,,,,,15,73.2,82.25,92,0,0,0,0,0,0,357500.0,912500.0,255.24,18556746.68,B,none
2,4db52002-3b16-43dc-9f8a-eccae6071828,8e370011-79ec-4f9c-90f1-355a26c3a7e6,刚果王国,True,6bce0694-9b8d-4983-8add-df52197f7f78,,,,,,,,,,,15,55.27,62.0,74,0,0,0,0,0,0,169000.0,684700.0,405.15,7260745.32,B,none
2,4db52002-3b16-43dc-9f8a-eccae6071828,8e5a3bf2-bab9-434c-a06a-bec41b05085d,单峰快驼,True,6262376f-9254-4b57-803a-c53d2ce1d2ee,,,,,,,,,,,15,55.8,62.62,86,0,0,0,0,0,0,169000.0,691600.0,409.23,10916493.32,B,none
2,4db52002-3b16-43dc-9f8a-eccae6071828,8febbbc6-1c6b-4b88-9fc5-180e4b5ff8ef,马丘比丘,True,1169a40e-c3d6-4292-bc16-915507bf2cdd,,,,,,,,,,,15,59.13,66.5,90,0,0,0,0,0,0,221000.0,735100.0,332.62,11027843.32,B,none
2,4db52002-3b16-43dc-9f8a-eccae6071828,8ffb298e-b678-4f8f-95af-66f97d58fefa,金鹰破晓,True,fb1b4abd-9a69-4a6b-abe7-cfcd4808bb94,,,,,,,,,,,15,56.4,63.0,71,0,0,0,0,0,0,221000.0,699300.0,316.43,11003556.0,B,none
2,4db52002-3b16-43dc-9f8a-eccae6071828,906b0994-33cb-4408-8edd-b2ac23fba0cd,大地之力,True,22b88e21-1118-487f-a3db-75aee691dc9a,,,,,,,,,,,15,57.47,63.38,74,0,0,0,0,0,0,169000.0,713200.0,422.01,7250953.32,B,none
2,4db52002-3b16-43dc-9f8a-eccae6071828,9111bfb3-8cff-4e52-8de1-fef0038dd7b6,金狼逐日,True,4dce7161-217a-4185-bb95-e5483387d3de,,,,,,,,,,,15,60.8,66.75,82,0,0,0,0,0,0,221000.0,754700.0,341.49,11020986.68,B,none
2,4db52002-3b16-43dc-9f8a-eccae6071828,91c27835-06a2-4376-ab8e-f3c1f55b28df,幽冥鬼狼,True,4dce7161-217a-4185-bb95-e5483387d3de,,,,,,,,,,,15,60.67,64.62,69,0,0,0,0,0,0,221000.0,753050.0,340.75,11013421.68,B,none
2,4db52002-3b16-43dc-9f8a-eccae6071828,941a2c09-5dec-4805-b48b-a6627f71d875,马赛马拉,True,b9f6250e-1ce4-4d8b-b209-7e6c659a399a,,,,,,,,,,,15,55.93,62.38,76,0,0,0,0,0,0,169000.0,694500.0,410.95,7321050.0,B,none
2,4db52002-3b16-43dc-9f8a-eccae6071828,9570e08a-da44-4518-936f-42d433dc39fa,奥格斯堡,True,f8bb5dbf-1adc-44fd-9db4-8e9468aebc86,,,,,,,,,,,15,53.93,58.5,63,0,0,0,0,0,0,169000.0,669150.0,395.95,7283021.0,B,none
2,4db52002-3b16-43dc-9f8a-eccae6071828,96224d0b-cb18-47d7-9f76-be3271e5ed83,西海金龙,True,b925fcef-2d8f-488c-ae9c-b02ca84c452c,,,,,,,,,,,15,69.87,78.38,95,0,0,0,0,0,0,357500.0,869950.0,243.34,18744653.32,B,none
2,4db52002-3b16-43dc-9f8a-eccae6071828,96641cb9-9096-455e-bb29-add146ec24f8,乞力马扎,True,b9f6250e-1ce4-4d8b-b209-7e6c659a399a,,,,,,,,,,,15,56.13,61.25,73,0,0,0,0,0,0,169000.0,695050.0,411.27,7346238.32,B,none
2,4db52002-3b16-43dc-9f8a-eccae6071828,974410c0-744d-4061-91a6-d3e41f44a051,喜鹊纽卡,True,dbb57fe0-d69b-428a-998a-d7160fada4bc,,,,,,,,,,,15,62.4,67.38,80,0,0,0,0,0,0,357500.0,774350.0,216.6,18526826.68,B,none
2,4db52002-3b16-43dc-9f8a-eccae6071828,97a28df6-0403-4d98-a05a-570cbc1490e1,十字军东,True,0f20fc68-1fd7-45da-8e06-32f82781e1bd,,,,,,,,,,,15,54.67,62.88,73,0,0,0,0,0,0,169000.0,678400.0,401.42,7355673.32,B,none
2,4db52002-3b16-43dc-9f8a-eccae6071828,9815fa27-5707-46ed-920d-c756a0e60f97,不来梅绿,True,f8bb5dbf-1adc-44fd-9db4-8e9468aebc86,,,,,,,,,,,15,55.93,59.62,65,0,0,0,0,0,0,169000.0,692800.0,409.94,7322013.32,B,none
2,4db52002-3b16-43dc-9f8a-eccae6071828,997a3112-e43e-4bfd-be0e-9c27de2a67cc,铁翼飞鹰,True,fb1b4abd-9a69-4a6b-abe7-cfcd4808bb94,,,,,,,,,,,15,58.27,66.62,79,0,0,0,0,0,0,221000.0,722900.0,327.1,10979506.68,B,none
2,4db52002-3b16-43dc-9f8a-eccae6071828,9c403455-0098-4cd8-bc56-5aa1c792ee38,火狼焚原,True,4dce7161-217a-4185-bb95-e5483387d3de,,,,,,,,,,,15,52.8,57.75,74,0,0,0,0,0,0,221000.0,653600.0,295.75,11014526.68,B,none
2,4db52002-3b16-43dc-9f8a-eccae6071828,9d02b2ec-770c-4d2d-a789-499e6502a35d,圣徒南安普,True,4d9ef5c6-8fd6-48a8-af1e-768f161ccd0c,,,,,,,,,,,15,63.67,70.25,84,0,0,0,0,0,0,286000.0,791400.0,276.71,14803940.0,B,none
2,4db52002-3b16-43dc-9f8a-eccae6071828,9ef67bd9-2d6e-4a2e-a0e3-1687eb314a52,长颈鹿颈,True,a12e8234-05fa-4dd7-b077-7a1d458ae0cd,,,,,,,,,,,15,53.47,59.5,69,0,0,0,0,0,0,169000.0,662200.0,391.83,7318851.32,B,none
2,4db52002-3b16-43dc-9f8a-eccae6071828,9f93e6d7-de9d-450d-8702-76b86412e891,蓝鹰拉齐,True,46ca050f-ec65-4d4c-b330-0e9674e3ba37,,,,,,,,,,,15,51.73,56.12,66,0,0,0,0,0,0,169000.0,640250.0,378.85,7305075.68,B,none
2,4db52002-3b16-43dc-9f8a-eccae6071828,a070ebed-9d66-4ad8-a8f3-3547e6231d02,绿洲明珠,True,7bfbe83e-8c9c-4322-95e8-61d8c8a3dbc3,,,,,,,,,,,15,73.0,79.62,87,0,0,0,0,0,0,357500.0,909900.0,254.52,18853765.0,B,none
2,4db52002-3b16-43dc-9f8a-eccae6071828,a0d1ca1e-d26e-4264-b4bd-aeaa2ec34fef,街球之王,True,e67663f5-d4e5-4cec-97c4-f4774dba81ce,,,,,,,,,,,15,69.67,75.75,88,0,0,0,0,0,0,357500.0,868500.0,242.94,18490475.0,B,none
2,4db52002-3b16-43dc-9f8a-eccae6071828,a1070b13-f235-479a-b891-a931dd4fc90e,枪手兵工厂,True,dbb57fe0-d69b-428a-998a-d7160fada4bc,,,,,,,,,,,15,72.27,80.0,89,0,0,0,0,0,0,357500.0,901350.0,252.13,18743860.0,B,none
2,4db52002-3b16-43dc-9f8a-eccae6071828,a11d7018-e1e8-4f8e-824e-19fdc3fa6ea5,复活节岛,True,1169a40e-c3d6-4292-bc16-915507bf2cdd,,,,,,,,,,,15,55.27,60.62,68,0,0,0,0,0,0,221000.0,684000.0,309.5,11011155.0,B,none
2,4db52002-3b16-43dc-9f8a-eccae6071828,a3636241-4f06-4e9d-a5b5-0f48573dba36,阿里巴巴,True,6262376f-9254-4b57-803a-c53d2ce1d2ee,,,,,,,,,,,15,51.67,60.0,69,0,0,0,0,0,0,169000.0,638350.0,377.72,7289152.32,B,none
2,4db52002-3b16-43dc-9f8a-eccae6071828,a4f87972-2e77-42ed-94a7-9da3cd5c10c5,大津巴布,True,6bce0694-9b8d-4983-8add-df52197f7f78,,,,,,,,,,,15,55.67,62.0,71,0,0,0,0,0,0,169000.0,691550.0,409.2,7348221.68,B,none
2,4db52002-3b16-43dc-9f8a-eccae6071828,a563184f-4570-4a67-b353-4b6baf55d20e,管道巨头,True,fab2d856-fa9d-4687-a880-a50a657011b8,,,,,,,,,,,15,68.53,76.0,92,0,0,0,0,0,0,286000.0,853650.0,298.48,14976915.0,B,none
2,4db52002-3b16-43dc-9f8a-eccae6071828,a6e02df8-6502-4ccd-ae70-0e7c2f4b9f0b,苍穹雄鹰,True,fb1b4abd-9a69-4a6b-abe7-cfcd4808bb94,,,,,,,,,,,15,60.07,64.5,73,0,0,0,0,0,0,221000.0,745650.0,337.4,10979365.0,B,none
2,4db52002-3b16-43dc-9f8a-eccae6071828,a74bfb40-d19c-4bbf-82c7-d751ed4dfbc6,土耳其近,True,0f20fc68-1fd7-45da-8e06-32f82781e1bd,,,,,,,,,,,15,54.33,61.0,70,0,0,0,0,0,0,169000.0,675300.0,399.59,7268928.0,B,none
2,4db52002-3b16-43dc-9f8a-eccae6071828,a76c33da-b4f0-4530-9db5-44da58070c15,大流士王,True,87f49698-a902-4287-b090-dcef237df119,,,,,,,,,,,15,52.47,57.88,68,0,0,0,0,0,0,169000.0,648050.0,383.46,7320511.68,B,none
2,4db52002-3b16-43dc-9f8a-eccae6071828,a921bd81-d524-409e-b55e-bc8509868600,里约狂欢,True,21388aef-d223-4465-91a3-92dd7e00e2b3,,,,,,,,,,,15,58.6,66.25,81,0,0,0,0,0,0,221000.0,726550.0,328.76,11045540.32,B,none
2,4db52002-3b16-43dc-9f8a-eccae6071828,ab3bb8c5-d135-4156-9023-96609ce57197,雪豹冰山,True,f786406d-650d-4637-8a2d-b49ef3cf1574,,,,,,,,,,,15,58.13,65.75,78,0,0,0,0,0,0,169000.0,721350.0,426.83,7313689.0,B,none
2,4db52002-3b16-43dc-9f8a-eccae6071828,ac10a1e2-e347-4e3a-b969-881a882901f0,草原猎鹰,True,fb1b4abd-9a69-4a6b-abe7-cfcd4808bb94,,,,,,,,,,,15,60.67,68.38,82,0,0,0,0,0,0,221000.0,753550.0,340.97,11082311.32,B,none
2,4db52002-3b16-43dc-9f8a-eccae6071828,afa2e264-62d6-43b1-bce0-d03a7863de5a,斑马条纹,True,a12e8234-05fa-4dd7-b077-7a1d458ae0cd,,,,,,,,,,,15,56.53,65.0,74,0,0,0,0,0,0,169000.0,701000.0,414.79,7253616.68,B,none
2,4db52002-3b16-43dc-9f8a-eccae6071828,b07cc307-8690-42ed-883e-d69c64ae5711,森林之语,True,22b88e21-1118-487f-a3db-75aee691dc9a,,,,,,,,,,,15,53.53,59.88,71,0,0,0,0,0,0,169000.0,661000.0,391.12,7272033.32,B,none
2,4db52002-3b16-43dc-9f8a-eccae6071828,b362c23e-df58-412c-9ab7-e48928621e79,伊斯法罕,True,87f49698-a902-4287-b090-dcef237df119,,,,,,,,,,,15,54.87,61.62,70,0,0,0,0,0,0,169000.0,680200.0,402.49,7320653.32,B,none
2,4db52002-3b16-43dc-9f8a-eccae6071828,b4ba833f-59c0-4e04-a372-1627e3250987,非洲猎豹,True,a12e8234-05fa-4dd7-b077-7a1d458ae0cd,,,,,,,,,,,15,53.0,57.88,67,0,0,0,0,0,0,169000.0,655650.0,387.96,7286421.0,B,none
2,4db52002-3b16-43dc-9f8a-eccae6071828,b6911dd6-4bb7-402a-bfb0-7676cd2f5177,南部之星,True,302e076d-f2b6-41ad-88c5-c2d5f7ecccda,,,,,,,,,,,15,53.87,60.0,71,0,0,0,0,0,0,169000.0,665800.0,393.96,7306883.32,B,none
2,4db52002-3b16-43dc-9f8a-eccae6071828,b6b27e56-fb6e-4c6c-b43b-28b42d4a0ed0,萨尔瓦多,True,21388aef-d223-4465-91a3-92dd7e00e2b3,,,,,,,,,,,15,58.73,65.38,70,0,0,0,0,0,0,221000.0,727650.0,329.25,11117065.0,B,none
2,4db52002-3b16-43dc-9f8a-eccae6071828,b78c23e1-7aa1-4abe-8fdb-6a2713df0041,玛瑙石红,True,4334724c-533d-4266-a574-de68ba3dcc45,,,,,,,,,,,15,52.4,58.88,73,0,0,0,0,0,0,169000.0,648800.0,383.91,7287446.68,B,none
2,4db52002-3b16-43dc-9f8a-eccae6071828,b9176f2e-d2ca-4b4c-9cff-fd23dc5caa4c,雷霆万钧,True,f89bf661-d0ff-4ebe-acb4-1f629f9ca394,,,,,,,,,,,15,55.07,59.62,66,0,0,0,0,0,0,169000.0,683750.0,404.59,7356891.68,B,none
2,4db52002-3b16-43dc-9f8a-eccae6071828,ba4adb91-80b4-450f-82f3-851e0adae527,山楂球西布,True,4d9ef5c6-8fd6-48a8-af1e-768f161ccd0c,,,,,,,,,,,15,60.13,66.0,82,0,0,0,0,0,0,286000.0,746700.0,261.08,14744270.0,B,none
2,4db52002-3b16-43dc-9f8a-eccae6071828,bae3eb22-ae5e-451a-b77a-bf3f9562b5c5,紫电鹰扬,True,fb1b4abd-9a69-4a6b-abe7-cfcd4808bb94,,,,,,,,,,,15,54.33,60.62,73,0,0,0,0,0,0,221000.0,671900.0,304.03,11046656.68,B,none
2,4db52002-3b16-43dc-9f8a-eccae6071828,bb13e410-6939-41dd-8557-10f39b5be352,金毛狮王,True,f786406d-650d-4637-8a2d-b49ef3cf1574,,,,,,,,,,,15,53.4,61.62,71,0,0,0,0,0,0,169000.0,661250.0,391.27,7288891.68,B,none
2,4db52002-3b16-43dc-9f8a-eccae6071828,bb2c74e9-5e72-48fb-8161-aef1aeaaf83d,足球精灵,True,e67663f5-d4e5-4cec-97c4-f4774dba81ce,,,,,,,,,,,15,73.07,79.75,91,0,0,0,0,0,0,357500.0,911850.0,255.06,18529660.0,B,none
2,4db52002-3b16-43dc-9f8a-eccae6071828,bb7b4cd7-94c5-4338-b105-262e857e8410,那不勒斯,True,46ca050f-ec65-4d4c-b330-0e9674e3ba37,,,,,,,,,,,15,54.0,61.62,70,0,0,0,0,0,0,169000.0,670100.0,396.51,7411376.68,B,none
2,4db52002-3b16-43dc-9f8a-eccae6071828,bcf35420-6fb9-4593-93d5-af074ea932c2,红尘滚滚,True,22b88e21-1118-487f-a3db-75aee691dc9a,,,,,,,,,,,15,55.47,60.38,69,0,0,0,0,0,0,169000.0,687750.0,406.95,7322087.0,B,none
2,4db52002-3b16-43dc-9f8a-eccae6071828,bd015991-a8fb-4f39-8028-da359b722d14,蓝军切尔西,True,dbb57fe0-d69b-428a-998a-d7160fada4bc,,,,,,,,,,,15,69.0,78.25,87,0,0,0,0,0,0,357500.0,859750.0,240.49,18529433.32,B,none
2,4db52002-3b16-43dc-9f8a-eccae6071828,bd1671c2-3aa8-4db3-8fa8-70d9edbae57e,狂熊撼地,True,88605e76-75d3-4351-80c0-56dc2159814f,,,,,,,,,,,15,53.13,58.88,68,0,0,0,0,0,0,169000.0,657400.0,388.99,7291073.32,B,none
2,4db52002-3b16-43dc-9f8a-eccae6071828,bd27c00f-8faa-4503-86fe-3ea5baf18531,流水无痕,True,22b88e21-1118-487f-a3db-75aee691dc9a,,,,,,,,,,,15,56.27,63.88,76,0,0,0,0,0,0,169000.0,697650.0,412.81,7349015.0,B,none
2,4db52002-3b16-43dc-9f8a-eccae6071828,bf1f2c53-25f7-4829-86ef-82a16b2961a7,犀牛冲撞,True,88605e76-75d3-4351-80c0-56dc2159814f,,,,,,,,,,,15,54.6,61.5,71,0,0,0,0,0,0,169000.0,676900.0,400.53,7301273.32,B,none
2,4db52002-3b16-43dc-9f8a-eccae6071828,bf795cdc-4898-4a6c-be0b-9c05f5fdc7e6,烈焰红唇,True,f89bf661-d0ff-4ebe-acb4-1f629f9ca394,,,,,,,,,,,15,54.13,60.25,72,0,0,0,0,0,0,169000.0,672850.0,398.14,7299318.32,B,none
2,4db52002-3b16-43dc-9f8a-eccae6071828,bfb3d7fe-6a8a-440e-ad35-fe5b7176a4e0,紫百合佛,True,46ca050f-ec65-4d4c-b330-0e9674e3ba37,,,,,,,,,,,15,50.0,55.0,59,0,0,0,0,0,0,169000.0,618700.0,366.09,7296003.32,B,none
2,4db52002-3b16-43dc-9f8a-eccae6071828,bfdaa9ae-c1f2-4e55-97a6-82dbc554d2a3,辛巴达航,True,7bfbe83e-8c9c-4322-95e8-61d8c8a3dbc3,,,,,,,,,,,15,68.6,74.5,86,0,0,0,0,0,0,357500.0,854300.0,238.97,18528271.68,B,none
2,4db52002-3b16-43dc-9f8a-eccae6071828,c09b3904-e43a-437e-a01c-883aa5729548,非洲野牛,True,a12e8234-05fa-4dd7-b077-7a1d458ae0cd,,,,,,,,,,,15,51.8,57.12,62,0,0,0,0,0,0,169000.0,640700.0,379.11,7394036.68,B,none
2,4db52002-3b16-43dc-9f8a-eccae6071828,c10db79c-dcdb-4c39-b26d-a2110e8a5cc4,华南虎威,True,02ceef91-0cb7-4a74-a27d-fcb631eae1c4,,,,,,,,,,,15,63.0,70.0,76,0,0,0,0,0,0,286000.0,783400.0,273.92,14928969.32,B,none
2,4db52002-3b16-43dc-9f8a-eccae6071828,c13d8cbf-41ff-4168-b962-9325d2c44b2c,东北虎啸,True,02ceef91-0cb7-4a74-a27d-fcb631eae1c4,,,,,,,,,,,15,64.4,69.5,76,0,0,0,0,0,0,286000.0,800450.0,279.88,14760561.68,B,none
2,4db52002-3b16-43dc-9f8a-eccae6071828,c244d206-cbbf-4161-b8f2-d254e049a8cb,美因茨红,True,f8bb5dbf-1adc-44fd-9db4-8e9468aebc86,,,,,,,,,,,15,50.87,55.0,60,0,0,0,0,0,0,169000.0,629850.0,372.69,7306685.0,B,none
2,4db52002-3b16-43dc-9f8a-eccae6071828,c2740fd2-b5d2-4db8-a9bf-cc8d55e8c87e,水豚憨态,True,7832b676-8fc3-469d-9ac1-0201d8e12db3,,,,,,,,,,,15,53.13,59.25,71,0,0,0,0,0,0,169000.0,659300.0,390.12,7289996.68,B,none
2,4db52002-3b16-43dc-9f8a-eccae6071828,c3369921-50c5-434b-830d-69efd5257983,马略卡岛,True,65ee62f3-fdbc-48d6-86f4-846d1ab89c4e,,,,,,,,,,,15,59.13,67.88,86,0,0,0,0,0,0,221000.0,733300.0,331.81,11024613.32,B,none
2,4db52002-3b16-43dc-9f8a-eccae6071828,c62e01be-b457-407b-99b1-9225b1521b9f,狼队伍尔弗,True,4d9ef5c6-8fd6-48a8-af1e-768f161ccd0c,,,,,,,,,,,15,64.4,73.25,82,0,0,0,0,0,0,286000.0,801500.0,280.24,14925852.68,B,none
2,4db52002-3b16-43dc-9f8a-eccae6071828,c6d69969-aa3e-4dac-80e6-5f76a084d4e6,五人制王,True,e67663f5-d4e5-4cec-97c4-f4774dba81ce,,,,,,,,,,,15,66.87,72.62,86,0,0,0,0,0,0,357500.0,833200.0,233.06,18539548.32,B,none
2,4db52002-3b16-43dc-9f8a-eccae6071828,c92d6ac2-0a5b-4cc2-842f-3cf7124c983a,南海蛟龙,True,b925fcef-2d8f-488c-ae9c-b02ca84c452c,,,,,,,,,,,15,68.73,78.0,90,0,0,0,0,0,0,357500.0,856000.0,239.44,18557058.32,B,none
2,4db52002-3b16-43dc-9f8a-eccae6071828,cc8e237e-ea96-461a-8b9b-7edf585b68c7,巨象踏天,True,88605e76-75d3-4351-80c0-56dc2159814f,,,,,,,,,,,15,57.2,61.62,68,0,0,0,0,0,0,169000.0,709300.0,419.7,7316913.32,B,none
2,4db52002-3b16-43dc-9f8a-eccae6071828,cce3725e-905f-4977-8dba-c103405dbe58,马穆鲁克,True,0f20fc68-1fd7-45da-8e06-32f82781e1bd,,,,,,,,,,,15,60.07,67.88,85,0,0,0,0,0,0,169000.0,746650.0,441.8,7282998.32,B,none
2,4db52002-3b16-43dc-9f8a-eccae6071828,cd13d3e0-caf2-4e58-a4c2-1d03538325e6,银河战舰,True,9244158f-011e-4a70-ae03-06a046d80e77,,,,,,,,,,,15,59.8,64.38,71,0,0,0,0,0,0,221000.0,743600.0,336.47,10988023.68,B,none
2,4db52002-3b16-43dc-9f8a-eccae6071828,cd9c7b4e-89ae-463a-9f9d-bb0240578b0b,库尔德勇,True,0f20fc68-1fd7-45da-8e06-32f82781e1bd,,,,,,,,,,,15,54.87,60.88,71,0,0,0,0,0,0,169000.0,679050.0,401.8,7270305.0,B,none
2,4db52002-3b16-43dc-9f8a-eccae6071828,cffef660-04fe-43f6-a516-544460906c1c,床单军团,True,9244158f-011e-4a70-ae03-06a046d80e77,,,,,,,,,,,15,60.6,68.0,75,0,0,0,0,0,0,221000.0,753200.0,340.81,10988975.68,B,none
2,4db52002-3b16-43dc-9f8a-eccae6071828,d20591ea-7c92-49ee-862e-5fae7f4eecb8,蓝衣军团,True,46ca050f-ec65-4d4c-b330-0e9674e3ba37,,,,,,,,,,,15,53.87,60.62,71,0,0,0,0,0,0,169000.0,666500.0,394.38,7328416.68,B,none
2,4db52002-3b16-43dc-9f8a-eccae6071828,d3454111-2465-4d4d-91d4-3d8e388a17d7,红牛莱比,True,302e076d-f2b6-41ad-88c5-c2d5f7ecccda,,,,,,,,,,,15,53.53,59.62,65,0,0,0,0,0,0,169000.0,664400.0,393.14,7278606.68,B,none
2,4db52002-3b16-43dc-9f8a-eccae6071828,d3f9dac2-5b71-4f83-9d93-48991101b99d,波斯地毯,True,87f49698-a902-4287-b090-dcef237df119,,,,,,,,,,,15,55.2,60.0,67,0,0,0,0,0,0,169000.0,683750.0,404.59,7276141.68,B,none
2,4db52002-3b16-43dc-9f8a-eccae6071828,d4220da1-746e-4450-8282-07372bfcd5c5,蓝月亮城,True,dbb57fe0-d69b-428a-998a-d7160fada4bc,,,,,,,,,,,15,69.0,77.25,88,0,0,0,0,0,0,357500.0,859400.0,240.39,18555131.68,B,none
2,4db52002-3b16-43dc-9f8a-eccae6071828,d5fd9f71-7ab1-44f3-9470-c9f5309dcb39,小海马萨,True,a6f5c428-ada4-4449-a842-3e7ace3c0005,,,,,,,,,,,15,54.4,64.12,81,0,0,0,0,0,0,169000.0,672050.0,397.66,7284233.68,B,none
2,4db52002-3b16-43dc-9f8a-eccae6071828,d7cba5fa-0f84-4bf0-ba6e-37a73770d265,西班牙人,True,65ee62f3-fdbc-48d6-86f4-846d1ab89c4e,,,,,,,,,,,15,57.93,65.0,88,0,0,0,0,0,0,221000.0,719100.0,325.38,11036910.0,B,none
2,4db52002-3b16-43dc-9f8a-eccae6071828,d8b6816f-a8c1-4b7e-8afc-a0f61c5b3a83,金石为开,True,22b88e21-1118-487f-a3db-75aee691dc9a,,,,,,,,,,,15,56.47,63.88,77,0,0,0,0,0,0,169000.0,699750.0,414.05,7272073.0,B,none
2,4db52002-3b16-43dc-9f8a-eccae6071828,d978bddb-8977-480d-8599-8fe671bd8c77,快乐足球,True,e67663f5-d4e5-4cec-97c4-f4774dba81ce,,,,,,,,,,,15,69.73,76.25,92,0,0,0,0,0,0,357500.0,868600.0,242.97,18766838.32,B,none
2,4db52002-3b16-43dc-9f8a-eccae6071828,da1c3d53-07c1-4968-ac38-392df8f3a46d,设拉子酒,True,87f49698-a902-4287-b090-dcef237df119,,,,,,,,,,,15,52.47,57.12,72,0,0,0,0,0,0,169000.0,650050.0,384.64,7291022.32,B,none
2,4db52002-3b16-43dc-9f8a-eccae6071828,dc741396-274a-4160-85f2-c73e4a0bbad1,美洲豹王,True,7832b676-8fc3-469d-9ac1-0201d8e12db3,,,,,,,,,,,15,51.87,58.25,63,0,0,0,0,0,0,169000.0,641850.0,379.79,7278635.0,B,none
2,4db52002-3b16-43dc-9f8a-eccae6071828,e082f8a3-09e4-4d1c-b489-f0a0884c6237,巴斯克雄,True,4d9ef5c6-8fd6-48a8-af1e-768f161ccd0c,,,,,,,,,,,15,59.93,67.38,76,0,0,0,0,0,0,286000.0,744000.0,260.14,11061050.0,B,none
2,4db52002-3b16-43dc-9f8a-eccae6071828,e09728f8-26e9-4b65-845b-b436cae4a9fa,圣保罗彩,True,21388aef-d223-4465-91a3-92dd7e00e2b3,,,,,,,,,,,15,57.73,65.38,79,0,0,0,0,0,0,221000.0,716550.0,324.23,10995855.0,B,none
2,4db52002-3b16-43dc-9f8a-eccae6071828,e0ed6f7a-aa04-4a6f-a0c7-c179f4ac3ff3,华山剑客,True,f89bf661-d0ff-4ebe-acb4-1f629f9ca394,,,,,,,,,,,15,52.67,57.5,65,0,0,0,0,0,0,169000.0,650600.0,384.97,7311280.68,B,none
2,4db52002-3b16-43dc-9f8a-eccae6071828,e1dc513b-4963-46aa-9df0-cb66fcedc530,北方苍狼,True,4dce7161-217a-4185-bb95-e5483387d3de,,,,,,,,,,,15,58.53,66.0,83,0,0,0,0,0,0,221000.0,726850.0,328.89,10985768.32,B,none
2,4db52002-3b16-43dc-9f8a-eccae6071828,e24e169d-560e-4d09-936a-77d6faa68dd8,图西胡图,True,6bce0694-9b8d-4983-8add-df52197f7f78,,,,,,,,,,,15,55.53,61.38,71,0,0,0,0,0,0,169000.0,688550.0,407.43,7294671.68,B,none
2,4db52002-3b16-43dc-9f8a-eccae6071828,e27c5651-a914-4765-aeba-e6d32ee82bba,麒麟踏云,True,88605e76-75d3-4351-80c0-56dc2159814f,,,,,,,,,,,15,52.8,57.38,72,0,0,0,0,0,0,169000.0,653100.0,386.45,7283616.0,B,none
2,4db52002-3b16-43dc-9f8a-eccae6071828,e2abc88c-d1d9-4986-a3a6-13f3ffb8686a,维多利亚,True,b9f6250e-1ce4-4d8b-b209-7e6c659a399a,,,,,,,,,,,15,51.93,55.38,58,0,0,0,0,0,0,169000.0,642350.0,380.09,7284743.68,B,none
2,4db52002-3b16-43dc-9f8a-eccae6071828,e2bf3505-10b5-4a2f-84de-79f3a4e18e43,石化巨人,True,fab2d856-fa9d-4687-a880-a50a657011b8,,,,,,,,,,,15,59.53,63.62,70,0,0,0,0,0,0,286000.0,738600.0,258.25,14748894.0,B,none
2,4db52002-3b16-43dc-9f8a-eccae6071828,e32b69a2-a142-445d-8869-42e609033217,食蚁兽长,True,7832b676-8fc3-469d-9ac1-0201d8e12db3,,,,,,,,,,,15,58.73,64.38,79,0,0,0,0,0,0,169000.0,729450.0,431.63,7401919.0,B,none
2,4db52002-3b16-43dc-9f8a-eccae6071828,e3d5afa0-5c1c-4add-a0d2-1ce8a0f84b8e,斑马军团,True,46ca050f-ec65-4d4c-b330-0e9674e3ba37,,,,,,,,,,,15,55.47,61.38,67,0,0,0,0,0,0,169000.0,689300.0,407.87,7362314.68,B,none
2,4db52002-3b16-43dc-9f8a-eccae6071828,e3e20a71-3ebe-4435-8451-00cc7cea6122,霍村霍芬,True,f8bb5dbf-1adc-44fd-9db4-8e9468aebc86,,,,,,,,,,,15,55.4,61.75,69,0,0,0,0,0,0,169000.0,686500.0,406.21,7304401.32,B,none
2,4db52002-3b16-43dc-9f8a-eccae6071828,e5704c69-f0f2-4907-bda3-3dade9a6a303,公牛都灵,True,a6f5c428-ada4-4449-a842-3e7ace3c0005,,,,,,,,,,,15,53.13,58.62,70,0,0,0,0,0,0,169000.0,657100.0,388.82,7298383.32,B,none
2,4db52002-3b16-43dc-9f8a-eccae6071828,e59164de-8c75-4b77-8a12-e009bef6fb11,蓝黑战士,True,46ca050f-ec65-4d4c-b330-0e9674e3ba37,,,,,,,,,,,15,51.87,56.88,71,0,0,0,0,0,0,169000.0,641650.0,379.67,7295748.32,B,none
2,4db52002-3b16-43dc-9f8a-eccae6071828,e70f3ad6-56c8-47a6-921e-8fc624fd04e3,花车巡游,True,21388aef-d223-4465-91a3-92dd7e00e2b3,,,,,,,,,,,15,56.6,62.38,68,0,0,0,0,0,0,221000.0,701850.0,317.58,11029685.0,B,none
2,4db52002-3b16-43dc-9f8a-eccae6071828,e72c86e5-c924-4f9f-b00e-d69de069b805,祖母绿光,True,6b46ef51-d18a-41c8-b6cd-b9e2d79b05a4,,,,,,,,,,,15,55.8,64.75,74,0,0,0,0,0,0,221000.0,692000.0,313.12,7318216.68,B,none
2,4db52002-3b16-43dc-9f8a-eccae6071828,e7c3cf14-b0da-4f84-92e5-31c60b0d9f7d,天方夜谭,True,6262376f-9254-4b57-803a-c53d2ce1d2ee,,,,,,,,,,,15,56.27,62.5,68,0,0,0,0,0,0,169000.0,697300.0,412.6,7285463.32,B,none
2,4db52002-3b16-43dc-9f8a-eccae6071828,e8aec47e-e785-4549-9d24-af43922f17e8,双峰巨驼,True,ddea29f1-c361-4050-bf56-bc5ff3791276,,,,,,,,,,,15,61.33,68.5,80,0,0,0,0,0,0,221000.0,763050.0,345.27,11054505.0,B,none
2,4db52002-3b16-43dc-9f8a-eccae6071828,eaa8f794-7988-4720-af35-b7a7678472da,矿工沙尔,True,f8bb5dbf-1adc-44fd-9db4-8e9468aebc86,,,,,,,,,,,15,56.33,61.88,75,0,0,0,0,0,0,169000.0,699750.0,414.05,7403857.0,B,none
2,4db52002-3b16-43dc-9f8a-eccae6071828,ec2e1c29-d7a6-4521-8247-3219d595bbd7,雄鹰法兰,True,302e076d-f2b6-41ad-88c5-c2d5f7ecccda,,,,,,,,,,,15,53.27,60.62,73,0,0,0,0,0,0,169000.0,657350.0,388.96,7278351.68,B,none
2,4db52002-3b16-43dc-9f8a-eccae6071828,ec48a7df-e0a0-46b9-95d2-d7a4c96e210e,雪虎踏山,True,02ceef91-0cb7-4a74-a27d-fcb631eae1c4,,,,,,,,,,,15,64.33,71.5,81,0,0,0,0,0,0,286000.0,800400.0,279.86,14998590.0,B,none
2,4db52002-3b16-43dc-9f8a-eccae6071828,ecb4a798-aef5-46df-8408-ecda3d6e1730,一千零一夜,True,7bfbe83e-8c9c-4322-95e8-61d8c8a3dbc3,,,,,,,,,,,15,71.47,77.5,86,0,0,0,0,0,0,357500.0,891050.0,249.24,18592446.68,B,none
2,4db52002-3b16-43dc-9f8a-eccae6071828,ed365198-c267-4abe-9c0d-aeb80de0c658,克鲁格园,True,b9f6250e-1ce4-4d8b-b209-7e6c659a399a,,,,,,,,,,,15,53.6,59.62,68,0,0,0,0,0,0,169000.0,664350.0,393.11,7291385.0,B,none
2,4db52002-3b16-43dc-9f8a-eccae6071828,ed92e243-7c63-4e6b-a960-e2f9641fd85e,塞维利业,True,9244158f-011e-4a70-ae03-06a046d80e77,,,,,,,,,,,15,60.47,66.0,74,0,0,0,0,0,0,221000.0,752700.0,340.59,11022120.0,B,none
2,4db52002-3b16-43dc-9f8a-eccae6071828,ef6cab9e-08f6-4176-91be-2094cc71eac5,马里帝国,True,6bce0694-9b8d-4983-8add-df52197f7f78,,,,,,,,,,,15,53.8,60.62,81,0,0,0,0,0,0,169000.0,666050.0,394.11,7264921.68,B,none
2,4db52002-3b16-43dc-9f8a-eccae6071828,ef7713a7-b755-411e-aa56-88cf2bf47f77,居鲁士帝,True,87f49698-a902-4287-b090-dcef237df119,,,,,,,,,,,15,56.8,65.12,80,0,0,0,0,0,0,169000.0,705650.0,417.54,7408231.68,B,none
2,4db52002-3b16-43dc-9f8a-eccae6071828,efa241f0-1d67-4867-ae51-2bcc54103f9e,宇宙巴萨,True,9244158f-011e-4a70-ae03-06a046d80e77,,,,,,,,,,,15,57.6,64.12,73,0,0,0,0,0,0,221000.0,714000.0,323.08,11078050.0,B,none
2,4db52002-3b16-43dc-9f8a-eccae6071828,f02e5f20-4d12-4b12-900b-fdca65d429b8,黄色潜水艇,True,9244158f-011e-4a70-ae03-06a046d80e77,,,,,,,,,,,15,59.67,65.38,81,0,0,0,0,0,0,221000.0,741850.0,335.68,11109018.32,B,none
2,4db52002-3b16-43dc-9f8a-eccae6071828,f04fad42-6567-4c24-abd7-cfaf51943c7d,红狼罗马,True,a6f5c428-ada4-4449-a842-3e7ace3c0005,,,,,,,,,,,15,57.47,63.75,70,0,0,0,0,0,0,169000.0,711450.0,420.98,7387945.0,B,none
2,4db52002-3b16-43dc-9f8a-eccae6071828,f0eca40d-64ec-4fd1-9ba8-521da7692d33,赤龙焚天,True,b925fcef-2d8f-488c-ae9c-b02ca84c452c,,,,,,,,,,,15,69.27,76.75,97,0,0,0,0,0,0,357500.0,864350.0,241.78,18492826.68,B,none
2,4db52002-3b16-43dc-9f8a-eccae6071828,f3174ae2-2cdf-4df9-a51a-13afc0cd0ec1,钢铁柏林,True,302e076d-f2b6-41ad-88c5-c2d5f7ecccda,,,,,,,,,,,15,53.33,60.88,69,0,0,0,0,0,0,169000.0,661750.0,391.57,7271608.32,B,none
2,4db52002-3b16-43dc-9f8a-eccae6071828,f6020a3c-9daf-46ba-82ad-b541566f28f4,阿拉维斯,True,302e076d-f2b6-41ad-88c5-c2d5f7ecccda,,,,,,,,,,,15,55.6,60.38,74,0,0,0,0,0,0,169000.0,688600.0,407.46,10922443.32,B,none
2,4db52002-3b16-43dc-9f8a-eccae6071828,f6b75446-2469-4345-b609-0e82765945d3,高乔骑士,True,1cf8acb1-615d-45a7-a05b-b283f4588aad,,,,,,,,,,,15,67.8,74.25,82,0,0,0,0,0,0,286000.0,844250.0,295.19,14911521.68,B,none
2,4db52002-3b16-43dc-9f8a-eccae6071828,f8bc79ca-5375-4ebf-a5e3-09e0b04d34cd,尼罗河神,True,7bfbe83e-8c9c-4322-95e8-61d8c8a3dbc3,,,,,,,,,,,15,68.07,74.0,92,0,0,0,0,0,0,357500.0,848600.0,237.37,18756751.68,B,none
2,4db52002-3b16-43dc-9f8a-eccae6071828,fa321f4f-de5a-44d5-ac27-eedf9405e9b3,Medina之光,True,6b46ef51-d18a-41c8-b6cd-b9e2d79b05a4,,,,,,,,,,,15,55.2,61.25,73,0,0,0,0,0,0,221000.0,685250.0,310.07,11000875.68,B,none
2,4db52002-3b16-43dc-9f8a-eccae6071828,fcb4d0e4-f72d-444e-8ec3-6c1317c59dd4,阿根廷梦,True,1cf8acb1-615d-45a7-a05b-b283f4588aad,,,,,,,,,,,15,64.13,70.25,84,0,0,0,0,0,0,286000.0,797700.0,278.92,14729616.0,B,none
2,4db52002-3b16-43dc-9f8a-eccae6071828,fcd47285-c5ef-4abd-bcfc-947ec732d6fb,白百合热,True,dbb57fe0-d69b-428a-998a-d7160fada4bc,,,,,,,,,,,15,68.07,74.38,83,0,0,0,0,0,0,357500.0,847550.0,237.08,18502346.68,B,none
2,4db52002-3b16-43dc-9f8a-eccae6071828,fd645971-85a6-4f88-9c13-3f283030eb09,沙漠之舟,True,ddea29f1-c361-4050-bf56-bc5ff3791276,,,,,,,,,,,15,61.6,69.0,88,0,0,0,0,0,0,221000.0,766050.0,346.63,11159055.0,B,none
2,4db52002-3b16-43dc-9f8a-eccae6071828,fd6ce890-a325-4e07-8e5e-c7f46b011ff1,飓风之眼,True,f89bf661-d0ff-4ebe-acb4-1f629f9ca394,,,,,,,,,,,15,51.8,56.5,59,0,0,0,0,0,0,169000.0,641500.0,379.59,7278833.32,B,none
2,4db52002-3b16-43dc-9f8a-eccae6071828,ff7ab085-e10a-41a7-b463-e49ac64249e1,三狮军团,True,dbb57fe0-d69b-428a-998a-d7160fada4bc,,,,,,,,,,,15,69.27,76.25,89,0,0,0,0,0,0,357500.0,863050.0,241.41,18687448.32,B,none
