season_number,season_id,team_id,team_name,is_ai,league_id,roster_count,roster_avg_ovr,team_top8_ovr,youth_budget,locked_budget_total,youth_budget_pct,budget_tier,academy_generated,academy_signed,academy_in_academy,academy_free_market,avg_youth_age,avg_youth_ovr,max_youth_ovr,avg_potential_max,max_potential_max,avg_prospect_score,best_prospect_score,useful_prospect_count,useful_prospect_rate,unusable_prospect_count,fast_growth_count,normal_growth_count,slow_growth_count,potential_s_count,potential_a_count,potential_b_or_lower_count
4,51fce8a0-5d3e-4fdf-80ac-af941191d4f9,0043cd1e-8f10-4dc9-961d-60ec157c4547,银狼啸天,True,6c2684f4-04d2-4991-8cf4-62f02273818b,17,65.65,78.25,0.0,0.0,0.0,low,0,0,0,0,0.0,0.0,0.0,0.0,0.0,0.0,0.0,0,0.0,0,0,0,0,0,0,0
4,51fce8a0-5d3e-4fdf-80ac-af941191d4f9,00f46d2a-47b2-42a8-b27e-447761268d79,阿根廷梦,True,e7a9bf87-dfe2-458d-86fe-adc205046e02,17,69.65,82.38,0.0,0.0,0.0,low,0,0,0,0,0.0,0.0,0.0,0.0,0.0,0.0,0.0,0,0.0,0,0,0,0,0,0,0
4,51fce8a0-5d3e-4fdf-80ac-af941191d4f9,027552e1-0e40-432f-afd1-2861e602b840,红狼罗马,True,c030e4b8-a2e5-462a-8743-f9aec816e45f,17,60.24,68.88,0.0,0.0,0.0,low,0,0,0,0,0.0,0.0,0.0,0.0,0.0,0.0,0.0,0,0.0,0,0,0,0,0,0,0
4,51fce8a0-5d3e-4fdf-80ac-af941191d4f9,03490d18-04eb-4a30-b30b-f8f8f506d74e,伊斯法罕,True,3e3bb346-d594-4e10-bb12-6d5ed0775a3d,17,57.47,68.38,0.0,0.0,0.0,low,0,0,0,0,0.0,0.0,0.0,0.0,0.0,0.0,0.0,0,0.0,0,0,0,0,0,0,0
4,51fce8a0-5d3e-4fdf-80ac-af941191d4f9,035da9f9-f4e9-432c-8cd9-47c66eda5f7f,赤龙焚天,True,5d3a53d7-9635-47fe-acfe-780aa0edbae3,17,73.12,87.5,0.0,0.0,0.0,low,0,0,0,0,0.0,0.0,0.0,0.0,0.0,0.0,0.0,0,0.0,0,0,0,0,0,0,0
4,51fce8a0-5d3e-4fdf-80ac-af941191d4f9,0477c0c6-2602-440f-8f32-ca9788b1bad3,流水无痕,True,00a028af-0440-4bf2-af81-504a84e49ef1,17,55.29,65.62,0.0,0.0,0.0,low,0,0,0,0,0.0,0.0,0.0,0.0,0.0,0.0,0.0,0,0.0,0,0,0,0,0,0,0
4,51fce8a0-5d3e-4fdf-80ac-af941191d4f9,0567f235-73c3-467d-99c2-015e314c90cf,撒哈拉驼,True,2d556b26-5b30-409c-b95f-7d0d416ed2b6,17,76.88,88.62,0.0,0.0,0.0,low,0,0,0,0,0.0,0.0,0.0,0.0,0.0,0.0,0.0,0,0.0,0,0,0,0,0,0,0
4,51fce8a0-5d3e-4fdf-80ac-af941191d4f9,05a2164c-603c-4f67-a71f-35331b03ba0e,太妃糖埃弗,True,d1d28119-e6ee-488c-8619-e98f450d66f9,17,69.29,83.62,0.0,0.0,0.0,low,0,0,0,0,0.0,0.0,0.0,0.0,0.0,0.0,0.0,0,0.0,0,0,0,0,0,0,0
4,51fce8a0-5d3e-4fdf-80ac-af941191d4f9,07fb49e7-fd5f-46ce-bed5-095405bbda33,黑金帝国,True,288cf750-56dc-4f9d-8f1d-0c36f52c8716,17,73.0,82.0,0.0,0.0,0.0,low,0,0,0,0,0.0,0.0,0.0,0.0,0.0,0.0,0.0,0,0.0,0,0,0,0,0,0,0
4,51fce8a0-5d3e-4fdf-80ac-af941191d4f9,083e9a24-28e9-44e4-8206-fd3336207d9a,玛瑙石红,True,c9526690-72fb-453d-abb0-b7ef353a021f,17,63.0,76.38,0.0,0.0,0.0,low,0,0,0,0,0.0,0.0,0.0,0.0,0.0,0.0,0.0,0,0.0,0,0,0,0,0,0,0
4,51fce8a0-5d3e-4fdf-80ac-af941191d4f9,08ede7f5-983d-4324-b473-75e1a58e96a5,驼峰运输,True,8c2455e5-2d38-48d7-8371-e58ef246b186,17,65.65,78.75,0.0,0.0,0.0,low,0,0,0,0,0.0,0.0,0.0,0.0,0.0,0.0,0.0,0,0.0,0,0,0,0,0,0,0
4,51fce8a0-5d3e-4fdf-80ac-af941191d4f9,0a5c400d-782c-4c28-ade3-6660b0f988c1,真蓝黑亚,True,c030e4b8-a2e5-462a-8743-f9aec816e45f,17,60.94,68.75,0.0,0.0,0.0,low,0,0,0,0,0.0,0.0,0.0,0.0,0.0,0.0,0.0,0,0.0,0,0,0,0,0,0,0
4,51fce8a0-5d3e-4fdf-80ac-af941191d4f9,0e26bead-2059-41c8-be93-d45906c64b02,大流士王,True,3e3bb346-d594-4e10-bb12-6d5ed0775a3d,17,60.0,69.25,0.0,0.0,0.0,low,0,0,0,0,0.0,0.0,0.0,0.0,0.0,0.0,0.0,0,0.0,0,0,0,0,0,0,0
4,51fce8a0-5d3e-4fdf-80ac-af941191d4f9,0eed1efe-0038-48db-bfe2-33adce9e7b85,罗马狼王,True,b860026c-ffe5-4485-b75d-1d94142297d0,17,62.06,73.5,0.0,0.0,0.0,low,0,0,0,0,0.0,0.0,0.0,0.0,0.0,0.0,0.0,0,0.0,0,0,0,0,0,0,0
4,51fce8a0-5d3e-4fdf-80ac-af941191d4f9,0fcf6832-f2f7-491e-8cad-a52348f84f4c,阿拉伯军,True,f7cb1bdd-18b6-4a84-89c6-b4d1db39b4a8,17,61.59,71.12,0.0,0.0,0.0,low,0,0,0,0,0.0,0.0,0.0,0.0,0.0,0.0,0.0,0,0.0,0,0,0,0,0,0,0
4,51fce8a0-5d3e-4fdf-80ac-af941191d4f9,108cb21c-43b7-4b43-a479-4d7c27f8cb08,魔毯飞行,True,5f42ac7e-8634-401b-94bf-4f2fbf234cfa,17,60.35,68.0,0.0,0.0,0.0,low,0,0,0,0,0.0,0.0,0.0,0.0,0.0,0.0,0.0,0,0.0,0,0,0,0,0,0,0
4,51fce8a0-5d3e-4fdf-80ac-af941191d4f9,120f57dc-ebfb-4341-bb12-9c81757711cb,天方夜谭,True,5f42ac7e-8634-401b-94bf-4f2fbf234cfa,17,62.35,74.12,0.0,0.0,0.0,low,0,0,0,0,0.0,0.0,0.0,0.0,0.0,0.0,0.0,0,0.0,0,0,0,0,0,0,0
4,51fce8a0-5d3e-4fdf-80ac-af941191d4f9,12a71f45-83f4-41c1-9f74-5b37185aa800,巴格达城,True,288cf750-56dc-4f9d-8f1d-0c36f52c8716,17,64.82,76.88,0.0,0.0,0.0,low,0,0,0,0,0.0,0.0,0.0,0.0,0.0,0.0,0.0,0,0.0,0,0,0,0,0,0,0
4,51fce8a0-5d3e-4fdf-80ac-af941191d4f9,13e85801-b303-4150-9c9d-96fd6368b914,白虹贯日,True,00a028af-0440-4bf2-af81-504a84e49ef1,17,60.59,72.5,0.0,0.0,0.0,low,0,0,0,0,0.0,0.0,0.0,0.0,0.0,0.0,0.0,0,0.0,0,0,0,0,0,0,0
4,51fce8a0-5d3e-4fdf-80ac-af941191d4f9,1489ef28-eebc-4ced-a4f3-89f437b1656c,维多利亚,True,2bc74cb7-6f4c-4afc-bbc5-4a4aa39536f6,17,57.71,68.12,0.0,0.0,0.0,low,0,0,0,0,0.0,0.0,0.0,0.0,0.0,0.0,0.0,0,0.0,0,0,0,0,0,0,0
4,51fce8a0-5d3e-4fdf-80ac-af941191d4f9,15079667-610e-4f3f-afcf-2d85c7fed7a8,拉普拉塔,True,e7a9bf87-dfe2-458d-86fe-adc205046e02,17,69.41,77.62,0.0,0.0,0.0,low,0,0,0,0,0.0,0.0,0.0,0.0,0.0,0.0,0.0,0,0.0,0,0,0,0,0,0,0
4,51fce8a0-5d3e-4fdf-80ac-af941191d4f9,1630f429-3706-4aea-8031-11c65c430479,格拉纳达,True,5b78fe32-305e-4577-a9e1-7bf72051f53e,17,61.24,69.62,0.0,0.0,0.0,low,0,0,0,0,0.0,0.0,0.0,0.0,0.0,0.0,0.0,0,0.0,0,0,0,0,0,0,0
4,51fce8a0-5d3e-4fdf-80ac-af941191d4f9,175c5bc6-8abf-453b-94c5-5bf834b26880,蓝月亮城,True,54a63fc2-c1e8-4ab0-a34b-308f9800ea0b,17,72.12,83.12,0.0,0.0,0.0,low,0,0,0,0,0.0,0.0,0.0,0.0,0.0,0.0,0.0,0,0.0,0,0,0,0,0,0,0
4,51fce8a0-5d3e-4fdf-80ac-af941191d4f9,177a0c1e-2913-453e-a213-ec421d56012e,街球之王,True,26584439-d058-49bd-8254-4f4b2610e977,17,70.29,82.88,0.0,0.0,0.0,low,0,0,0,0,0.0,0.0,0.0,0.0,0.0,0.0,0.0,0,0.0,0,0,0,0,0,0,0
4,51fce8a0-5d3e-4fdf-80ac-af941191d4f9,1b922442-4d42-40b2-b3c6-bd8377cb9c5c,紫电龙骑,True,5d3a53d7-9635-47fe-acfe-780aa0edbae3,17,72.53,82.38,0.0,0.0,0.0,low,0,0,0,0,0.0,0.0,0.0,0.0,0.0,0.0,0.0,0,0.0,0,0,0,0,0,0,0
4,51fce8a0-5d3e-4fdf-80ac-af941191d4f9,1d5f344f-cc51-479d-8763-a89f024e1296,桑布露族,True,f716f67f-42ea-4d27-86ed-ea89067351c8,17,61.76,69.38,0.0,0.0,0.0,low,0,0,0,0,0.0,0.0,0.0,0.0,0.0,0.0,0.0,0,0.0,0,0,0,0,0,0,0
4,51fce8a0-5d3e-4fdf-80ac-af941191d4f9,1dd32cd8-eefd-4399-aba6-d76ee59bd826,非洲猎豹,True,e888c581-b758-4d51-9584-0755a349fc9c,17,61.24,72.5,0.0,0.0,0.0,low,0,0,0,0,0.0,0.0,0.0,0.0,0.0,0.0,0.0,0,0.0,0,0,0,0,0,0,0
4,51fce8a0-5d3e-4fdf-80ac-af941191d4f9,21c1c33b-b2cf-4335-bb17-c9ed219900d4,智利红酒,True,7cec7de0-b13d-4270-921d-5507b9a0c971,17,62.0,72.25,0.0,0.0,0.0,low,0,0,0,0,0.0,0.0,0.0,0.0,0.0,0.0,0.0,0,0.0,0,0,0,0,0,0,0
4,51fce8a0-5d3e-4fdf-80ac-af941191d4f9,237378bf-9de4-47ab-91de-25829b9917d7,绿松石绿,True,c9526690-72fb-453d-abb0-b7ef353a021f,17,58.76,67.88,0.0,0.0,0.0,low,0,0,0,0,0.0,0.0,0.0,0.0,0.0,0.0,0.0,0,0.0,0,0,0,0,0,0,0
4,51fce8a0-5d3e-4fdf-80ac-af941191d4f9,23b2cadd-6c5c-46a3-88c1-c93461215b30,红黑恶魔,True,b860026c-ffe5-4485-b75d-1d94142297d0,17,61.24,70.0,0.0,0.0,0.0,low,0,0,0,0,0.0,0.0,0.0,0.0,0.0,0.0,0.0,0,0.0,0,0,0,0,0,0,0
4,51fce8a0-5d3e-4fdf-80ac-af941191d4f9,24135fbf-a67f-48ce-9e68-7485d96b102a,不来梅绿,True,85477eb3-9d08-40df-ba54-e5161d35442f,17,62.71,73.75,0.0,0.0,0.0,low,0,0,0,0,0.0,0.0,0.0,0.0,0.0,0.0,0.0,0,0.0,0,0,0,0,0,0,0
4,51fce8a0-5d3e-4fdf-80ac-af941191d4f9,2538040c-6460-45fe-833f-c75f244d5b79,探戈情人,True,e7a9bf87-dfe2-458d-86fe-adc205046e02,17,68.82,80.12,0.0,0.0,0.0,low,0,0,0,0,0.0,0.0,0.0,0.0,0.0,0.0,0.0,0,0.0,0,0,0,0,0,0,0
4,51fce8a0-5d3e-4fdf-80ac-af941191d4f9,259e8fba-21c7-4544-91c2-42a347c52913,汽油骑士,True,b0b684ba-afc5-4b99-8173-b29850ae3c61,17,68.82,78.75,0.0,0.0,0.0,low,0,0,0,0,0.0,0.0,0.0,0.0,0.0,0.0,0.0,0,0.0,0,0,0,0,0,0,0
4,51fce8a0-5d3e-4fdf-80ac-af941191d4f9,28976d53-a747-4ccf-a220-c256343d1a68,贝都因骑,True,f7cb1bdd-18b6-4a84-89c6-b4d1db39b4a8,17,57.65,67.88,0.0,0.0,0.0,low,0,0,0,0,0.0,0.0,0.0,0.0,0.0,0.0,0.0,0,0.0,0,0,0,0,0,0,0
4,51fce8a0-5d3e-4fdf-80ac-af941191d4f9,29c782fe-5eb8-49d3-8fb4-c71fcfbed2ba,萨尔瓦多,True,2530ea5c-b987-44c9-a1ef-ebe45377ffa9,17,64.12,77.62,0.0,0.0,0.0,low,0,0,0,0,0.0,0.0,0.0,0.0,0.0,0.0,0.0,0,0.0,0,0,0,0,0,0,0
4,51fce8a0-5d3e-4fdf-80ac-af941191d4f9,2b12cec9-8dd4-482e-935e-f18729c43181,紫百合佛,True,b860026c-ffe5-4485-b75d-1d94142297d0,17,56.41,63.75,0.0,0.0,0.0,low,0,0,0,0,0.0,0.0,0.0,0.0,0.0,0.0,0.0,0,0.0,0,0,0,0,0,0,0
4,51fce8a0-5d3e-4fdf-80ac-af941191d4f9,2bcdf545-2dcf-42ad-b0d0-726dd9392481,黄色潜水艇,True,d1d28119-e6ee-488c-8619-e98f450d66f9,17,65.76,74.88,0.0,0.0,0.0,low,0,0,0,0,0.0,0.0,0.0,0.0,0.0,0.0,0.0,0,0.0,0,0,0,0,0,0,0
4,51fce8a0-5d3e-4fdf-80ac-af941191d4f9,2e93379b-fb31-439b-852e-5ae33027ad71,金毛狮王,True,5d47b685-6794-40c8-b2e5-5af5f94d6224,17,57.41,65.75,0.0,0.0,0.0,low,0,0,0,0,0.0,0.0,0.0,0.0,0.0,0.0,0.0,0,0.0,0,0,0,0,0,0,0
4,51fce8a0-5d3e-4fdf-80ac-af941191d4f9,2ed1effa-1829-40ed-bbab-9aa8c8f880f6,尼罗河神,True,2d556b26-5b30-409c-b95f-7d0d416ed2b6,17,73.29,84.0,0.0,0.0,0.0,low,0,0,0,0,0.0,0.0,0.0,0.0,0.0,0.0,0.0,0,0.0,0,0,0,0,0,0,0
4,51fce8a0-5d3e-4fdf-80ac-af941191d4f9,31189fd3-6032-4c0e-aa5e-940b98ec6454,金虎啸月,True,9e1b937a-245c-4cdf-ac48-a60f6d082d9b,17,68.0,80.88,0.0,0.0,0.0,low,0,0,0,0,0.0,0.0,0.0,0.0,0.0,0.0,0.0,0,0.0,0,0,0,0,0,0,0
4,51fce8a0-5d3e-4fdf-80ac-af941191d4f9,31b21b15-f869-451c-9ec0-c6ec97f7d35c,金刚鹦鹉,True,e2939281-7372-489e-88d9-335cae06139a,17,61.12,69.25,0.0,0.0,0.0,low,0,0,0,0,0.0,0.0,0.0,0.0,0.0,0.0,0.0,0,0.0,0,0,0,0,0,0,0
4,51fce8a0-5d3e-4fdf-80ac-af941191d4f9,32065161-5210-41f4-adc3-89358ab3655d,猫眼石闪,True,c9526690-72fb-453d-abb0-b7ef353a021f,17,61.29,68.0,0.0,0.0,0.0,low,0,0,0,0,0.0,0.0,0.0,0.0,0.0,0.0,0.0,0,0.0,0,0,0,0,0,0,0
4,51fce8a0-5d3e-4fdf-80ac-af941191d4f9,34df7819-5f7c-491d-8f78-9c8febe34ef6,土耳其近,True,f7cb1bdd-18b6-4a84-89c6-b4d1db39b4a8,17,59.76,71.88,0.0,0.0,0.0,low,0,0,0,0,0.0,0.0,0.0,0.0,0.0,0.0,0.0,0,0.0,0,0,0,0,0,0,0
4,51fce8a0-5d3e-4fdf-80ac-af941191d4f9,35ad73c7-1a1f-4cad-a530-960c49641a36,沙滩足球,True,26584439-d058-49bd-8254-4f4b2610e977,17,71.94,82.25,0.0,0.0,0.0,low,0,0,0,0,0.0,0.0,0.0,0.0,0.0,0.0,0.0,0,0.0,0,0,0,0,0,0,0
4,51fce8a0-5d3e-4fdf-80ac-af941191d4f9,362d55d0-6cfa-45c6-b49b-27253e4dfa79,阿散蒂金,True,f716f67f-42ea-4d27-86ed-ea89067351c8,17,56.0,63.75,0.0,0.0,0.0,low,0,0,0,0,0.0,0.0,0.0,0.0,0.0,0.0,0.0,0,0.0,0,0,0,0,0,0,0
4,51fce8a0-5d3e-4fdf-80ac-af941191d4f9,382be0d6-13e7-49b5-be8e-62d87263f18c,皇家社会,True,a9b193ab-7804-4817-825d-617d8c46a66c,17,62.76,69.12,0.0,0.0,0.0,low,0,0,0,0,0.0,0.0,0.0,0.0,0.0,0.0,0.0,0,0.0,0,0,0,0,0,0,0
4,51fce8a0-5d3e-4fdf-80ac-af941191d4f9,38cab3a3-6739-46d4-8606-233b0debd8d4,药厂勒沃,True,61fcb932-cc64-4ae0-b1b1-cf5ac38dc4a4,17,61.94,75.0,0.0,0.0,0.0,low,0,0,0,0,0.0,0.0,0.0,0.0,0.0,0.0,0.0,0,0.0,0,0,0,0,0,0,0
4,51fce8a0-5d3e-4fdf-80ac-af941191d4f9,3978275d-30ef-4fbf-a454-5f19d7bee08a,狼队伍尔弗,True,d1d28119-e6ee-488c-8619-e98f450d66f9,17,66.06,75.88,0.0,0.0,0.0,low,0,0,0,0,0.0,0.0,0.0,0.0,0.0,0.0,0.0,0,0.0,0,0,0,0,0,0,0
4,51fce8a0-5d3e-4fdf-80ac-af941191d4f9,397c8f53-16f8-47c7-b4a3-87eeff2896c0,红尘滚滚,True,00a028af-0440-4bf2-af81-504a84e49ef1,17,60.71,71.75,0.0,0.0,0.0,low,0,0,0,0,0.0,0.0,0.0,0.0,0.0,0.0,0.0,0,0.0,0,0,0,0,0,0,0
4,51fce8a0-5d3e-4fdf-80ac-af941191d4f9,3b39cb1e-1c52-44b2-887c-4eea34f8e674,雪虎踏山,True,9e1b937a-245c-4cdf-ac48-a60f6d082d9b,17,70.29,81.62,0.0,0.0,0.0,low,0,0,0,0,0.0,0.0,0.0,0.0,0.0,0.0,0.0,0,0.0,0,0,0,0,0,0,0
4,51fce8a0-5d3e-4fdf-80ac-af941191d4f9,3e2140fc-c532-44e9-b5a9-1bad0b66085f,铁锤帮西汉,True,d1d28119-e6ee-488c-8619-e98f450d66f9,17,73.47,83.38,0.0,0.0,0.0,low,0,0,0,0,0.0,0.0,0.0,0.0,0.0,0.0,0.0,0,0.0,0,0,0,0,0,0,0
4,51fce8a0-5d3e-4fdf-80ac-af941191d4f9,3e71db77-84aa-42c5-8a9e-9480ba33fafb,日耳曼战,True,61fcb932-cc64-4ae0-b1b1-cf5ac38dc4a4,17,57.65,65.25,0.0,0.0,0.0,low,0,0,0,0,0.0,0.0,0.0,0.0,0.0,0.0,0.0,0,0.0,0,0,0,0,0,0,0
4,51fce8a0-5d3e-4fdf-80ac-af941191d4f9,3f78c449-08cf-498d-9392-7d584497ae80,管道巨头,True,b0b684ba-afc5-4b99-8173-b29850ae3c61,17,72.94,82.75,0.0,0.0,0.0,low,0,0,0,0,0.0,0.0,0.0,0.0,0.0,0.0,0.0,0,0.0,0,0,0,0,0,0,0
4,51fce8a0-5d3e-4fdf-80ac-af941191d4f9,40faae3b-35e5-42fa-ac6e-84c41ec4c6ff,能源霸主,True,b0b684ba-afc5-4b99-8173-b29850ae3c61,17,70.76,83.0,0.0,0.0,0.0,low,0,0,0,0,0.0,0.0,0.0,0.0,0.0,0.0,0.0,0,0.0,0,0,0,0,0,0,0
4,51fce8a0-5d3e-4fdf-80ac-af941191d4f9,41840ed9-7a75-4e7b-9774-3b49f8ab56a2,小辣椒莱,True,c030e4b8-a2e5-462a-8743-f9aec816e45f,17,59.71,68.25,0.0,0.0,0.0,low,0,0,0,0,0.0,0.0,0.0,0.0,0.0,0.0,0.0,0,0.0,0,0,0,0,0,0,0
4,51fce8a0-5d3e-4fdf-80ac-af941191d4f9,454f4a9b-284c-4b9e-abc1-7e7100ac294c,塞维利业,True,a9b193ab-7804-4817-825d-617d8c46a66c,17,63.65,75.12,0.0,0.0,0.0,low,0,0,0,0,0.0,0.0,0.0,0.0,0.0,0.0,0.0,0,0.0,0,0,0,0,0,0,0
4,51fce8a0-5d3e-4fdf-80ac-af941191d4f9,458f101f-de1c-49fd-8473-a49c1d85fd00,非洲野牛,True,e888c581-b758-4d51-9584-0755a349fc9c,17,60.65,72.88,0.0,0.0,0.0,low,0,0,0,0,0.0,0.0,0.0,0.0,0.0,0.0,0.0,0,0.0,0,0,0,0,0,0,0
4,51fce8a0-5d3e-4fdf-80ac-af941191d4f9,4604c7c3-f47b-4ac2-a823-c1d8754a63b2,幽冥鬼狼,True,6c2684f4-04d2-4991-8cf4-62f02273818b,17,59.29,69.38,0.0,0.0,0.0,low,0,0,0,0,0.0,0.0,0.0,0.0,0.0,0.0,0.0,0,0.0,0,0,0,0,0,0,0
4,51fce8a0-5d3e-4fdf-80ac-af941191d4f9,486a7d1c-06c3-48f3-8559-b74f4a3781de,美因茨红,True,85477eb3-9d08-40df-ba54-e5161d35442f,17,60.94,71.12,0.0,0.0,0.0,low,0,0,0,0,0.0,0.0,0.0,0.0,0.0,0.0,0.0,0,0.0,0,0,0,0,0,0,0
4,51fce8a0-5d3e-4fdf-80ac-af941191d4f9,49719061-399d-4222-9fc0-d5edb4d86db0,金鹰破晓,True,de63b8aa-f86a-4a12-a862-9a14b379a275,17,61.94,70.62,0.0,0.0,0.0,low,0,0,0,0,0.0,0.0,0.0,0.0,0.0,0.0,0.0,0,0.0,0,0,0,0,0,0,0
4,51fce8a0-5d3e-4fdf-80ac-af941191d4f9,4ae50416-c6e3-4282-959d-401d348d2113,火狼焚原,True,6c2684f4-04d2-4991-8cf4-62f02273818b,17,66.53,79.25,0.0,0.0,0.0,low,0,0,0,0,0.0,0.0,0.0,0.0,0.0,0.0,0.0,0,0.0,0,0,0,0,0,0,0
4,51fce8a0-5d3e-4fdf-80ac-af941191d4f9,4b7844ac-fc7c-4db2-838c-5bc6c16b731e,炼油大师,True,b0b684ba-afc5-4b99-8173-b29850ae3c61,17,66.12,77.5,0.0,0.0,0.0,low,0,0,0,0,0.0,0.0,0.0,0.0,0.0,0.0,0.0,0,0.0,0,0,0,0,0,0,0
4,51fce8a0-5d3e-4fdf-80ac-af941191d4f9,4c5710d2-4695-4fd3-a4d9-626af0bfb07e,热带雨林,True,7cec7de0-b13d-4270-921d-5507b9a0c971,17,63.65,75.5,0.0,0.0,0.0,low,0,0,0,0,0.0,0.0,0.0,0.0,0.0,0.0,0.0,0,0.0,0,0,0,0,0,0,0
4,51fce8a0-5d3e-4fdf-80ac-af941191d4f9,4cc4dede-66d5-43d4-a42f-6f1d01ea4e22,农场主富勒,True,d1d28119-e6ee-488c-8619-e98f450d66f9,17,67.47,75.88,0.0,0.0,0.0,low,0,0,0,0,0.0,0.0,0.0,0.0,0.0,0.0,0.0,0,0.0,0,0,0,0,0,0,0
4,51fce8a0-5d3e-4fdf-80ac-af941191d4f9,4d03651d-cb0f-47ac-b44c-cb00ef670e28,汉诺威红,True,85477eb3-9d08-40df-ba54-e5161d35442f,17,58.12,65.38,0.0,0.0,0.0,low,0,0,0,0,0.0,0.0,0.0,0.0,0.0,0.0,0.0,0,0.0,0,0,0,0,0,0,0
4,51fce8a0-5d3e-4fdf-80ac-af941191d4f9,4d0bd0b3-bc23-4274-83ad-1d84affc195b,Medina之光,True,288cf750-56dc-4f9d-8f1d-0c36f52c8716,17,65.71,76.0,0.0,0.0,0.0,low,0,0,0,0,0.0,0.0,0.0,0.0,0.0,0.0,0.0,0,0.0,0,0,0,0,0,0,0
4,51fce8a0-5d3e-4fdf-80ac-af941191d4f9,4dc2fda7-3c60-4854-9f44-f645ec133d95,铁翼飞鹰,True,6249513b-4936-473a-966a-03a8df185d08,17,63.94,72.38,0.0,0.0,0.0,low,0,0,0,0,0.0,0.0,0.0,0.0,0.0,0.0,0.0,0,0.0,0,0,0,0,0,0,0
4,51fce8a0-5d3e-4fdf-80ac-af941191d4f9,4eec3d67-fc89-4791-b2ec-e38e6b9535cf,马穆鲁克,True,f7cb1bdd-18b6-4a84-89c6-b4d1db39b4a8,17,61.24,70.25,0.0,0.0,0.0,low,0,0,0,0,0.0,0.0,0.0,0.0,0.0,0.0,0.0,0,0.0,0,0,0,0,0,0,0
4,51fce8a0-5d3e-4fdf-80ac-af941191d4f9,51a810c5-0b67-4959-b897-272820b8ec0f,马赛勇士,True,f716f67f-42ea-4d27-86ed-ea89067351c8,17,57.65,67.5,0.0,0.0,0.0,low,0,0,0,0,0.0,0.0,0.0,0.0,0.0,0.0,0.0,0,0.0,0,0,0,0,0,0,0
4,51fce8a0-5d3e-4fdf-80ac-af941191d4f9,51dd7d9f-9f48-4ec8-94dc-bbd7f249eb8e,居鲁士帝,True,3e3bb346-d594-4e10-bb12-6d5ed0775a3d,17,57.29,66.25,0.0,0.0,0.0,low,0,0,0,0,0.0,0.0,0.0,0.0,0.0,0.0,0.0,0,0.0,0,0,0,0,0,0,0
4,51fce8a0-5d3e-4fdf-80ac-af941191d4f9,53679a90-ea95-4ad6-9cb6-0b61c89cbe1b,紫电鹰扬,True,6249513b-4936-473a-966a-03a8df185d08,17,63.47,75.0,0.0,0.0,0.0,low,0,0,0,0,0.0,0.0,0.0,0.0,0.0,0.0,0.0,0,0.0,0,0,0,0,0,0,0
4,51fce8a0-5d3e-4fdf-80ac-af941191d4f9,539ee452-bb02-436f-a76a-8b96e7f465a7,美洲豹王,True,e2939281-7372-489e-88d9-335cae06139a,17,62.0,70.62,0.0,0.0,0.0,low,0,0,0,0,0.0,0.0,0.0,0.0,0.0,0.0,0.0,0,0.0,0,0,0,0,0,0,0
4,51fce8a0-5d3e-4fdf-80ac-af941191d4f9,54f4d99c-9374-4a0c-a1b4-5aeb35b45b38,长颈鹿颈,True,e888c581-b758-4d51-9584-0755a349fc9c,17,60.35,72.0,0.0,0.0,0.0,low,0,0,0,0,0.0,0.0,0.0,0.0,0.0,0.0,0.0,0,0.0,0,0,0,0,0,0,0
4,51fce8a0-5d3e-4fdf-80ac-af941191d4f9,553ce9c8-7ef3-4f64-be9e-d44d5b3225fa,快乐足球,True,26584439-d058-49bd-8254-4f4b2610e977,17,70.47,80.12,0.0,0.0,0.0,low,0,0,0,0,0.0,0.0,0.0,0.0,0.0,0.0,0.0,0,0.0,0,0,0,0,0,0,0
4,51fce8a0-5d3e-4fdf-80ac-af941191d4f9,556850ab-5b7e-4fc9-9da1-6ed8efe27800,布宜诺斯,True,e7a9bf87-dfe2-458d-86fe-adc205046e02,17,67.0,78.12,0.0,0.0,0.0,low,0,0,0,0,0.0,0.0,0.0,0.0,0.0,0.0,0.0,0,0.0,0,0,0,0,0,0,0
4,51fce8a0-5d3e-4fdf-80ac-af941191d4f9,56785904-8932-4c32-b4a7-09c9366bec03,雪山神鹰,True,6249513b-4936-473a-966a-03a8df185d08,17,63.18,74.0,0.0,0.0,0.0,low,0,0,0,0,0.0,0.0,0.0,0.0,0.0,0.0,0.0,0,0.0,0,0,0,0,0,0,0
4,51fce8a0-5d3e-4fdf-80ac-af941191d4f9,57dc5cef-5da9-4f78-baf0-f8deaaabbf79,小海马萨,True,c030e4b8-a2e5-462a-8743-f9aec816e45f,17,61.47,67.5,0.0,0.0,0.0,low,0,0,0,0,0.0,0.0,0.0,0.0,0.0,0.0,0.0,0,0.0,0,0,0,0,0,0,0
4,51fce8a0-5d3e-4fdf-80ac-af941191d4f9,58373f92-b082-42cc-9532-b0530dc7cc04,高乔骑士,True,e7a9bf87-dfe2-458d-86fe-adc205046e02,17,72.94,84.25,0.0,0.0,0.0,low,0,0,0,0,0.0,0.0,0.0,0.0,0.0,0.0,0.0,0,0.0,0,0,0,0,0,0,0
4,51fce8a0-5d3e-4fdf-80ac-af941191d4f9,585a371f-05dc-4361-ba55-b190cc18135c,麦加朝圣,True,288cf750-56dc-4f9d-8f1d-0c36f52c8716,17,65.65,75.88,0.0,0.0,0.0,low,0,0,0,0,0.0,0.0,0.0,0.0,0.0,0.0,0.0,0,0.0,0,0,0,0,0,0,0
4,51fce8a0-5d3e-4fdf-80ac-af941191d4f9,5b81113e-4db0-472a-af1e-3ffc846c3bda,雪豹冰山,True,5d47b685-6794-40c8-b2e5-5af5f94d6224,17,60.65,71.25,0.0,0.0,0.0,low,0,0,0,0,0.0,0.0,0.0,0.0,0.0,0.0,0.0,0,0.0,0,0,0,0,0,0,0
4,51fce8a0-5d3e-4fdf-80ac-af941191d4f9,5d6fd721-f3e6-483a-8bf6-1bc74c91c021,蓝衣军团,True,a9b193ab-7804-4817-825d-617d8c46a66c,17,62.41,72.75,0.0,0.0,0.0,low,0,0,0,0,0.0,0.0,0.0,0.0,0.0,0.0,0.0,0,0.0,0,0,0,0,0,0,0
4,51fce8a0-5d3e-4fdf-80ac-af941191d4f9,602c8261-6d6c-4241-8d19-3d4276cec931,云豹穿林,True,5d47b685-6794-40c8-b2e5-5af5f94d6224,17,60.76,70.38,0.0,0.0,0.0,low,0,0,0,0,0.0,0.0,0.0,0.0,0.0,0.0,0.0,0,0.0,0,0,0,0,0,0,0
4,51fce8a0-5d3e-4fdf-80ac-af941191d4f9,6084c0fe-872c-436a-8fc9-64e00ef923ae,草原战狼,True,ad5a34f4-fbca-4a9a-a52e-9ce3b10ce40d,17,59.06,68.75,0.0,0.0,0.0,low,0,0,0,0,0.0,0.0,0.0,0.0,0.0,0.0,0.0,0,0.0,0,0,0,0,0,0,0
4,51fce8a0-5d3e-4fdf-80ac-af941191d4f9,60bb6247-8ba1-4117-b4ce-9c6e8be65cd8,足球精灵,True,26584439-d058-49bd-8254-4f4b2610e977,17,73.76,83.5,0.0,0.0,0.0,low,0,0,0,0,0.0,0.0,0.0,0.0,0.0,0.0,0.0,0,0.0,0,0,0,0,0,0,0
4,51fce8a0-5d3e-4fdf-80ac-af941191d4f9,62f0eefa-60de-45ad-aeca-0d9e1c45e049,雄鹰法兰,True,61fcb932-cc64-4ae0-b1b1-cf5ac38dc4a4,17,58.47,66.0,0.0,0.0,0.0,low,0,0,0,0,0.0,0.0,0.0,0.0,0.0,0.0,0.0,0,0.0,0,0,0,0,0,0,0
4,51fce8a0-5d3e-4fdf-80ac-af941191d4f9,62fe1850-4dc3-4dd4-87cc-8b7af8bed0a1,蝙蝠军团,True,b860026c-ffe5-4485-b75d-1d94142297d0,17,64.06,73.0,0.0,0.0,0.0,low,0,0,0,0,0.0,0.0,0.0,0.0,0.0,0.0,0.0,0,0.0,0,0,0,0,0,0,0
4,51fce8a0-5d3e-4fdf-80ac-af941191d4f9,64122855-cb65-4a12-8676-b87d37d6c83f,水蟒巨蛇,True,e2939281-7372-489e-88d9-335cae06139a,17,59.06,67.38,0.0,0.0,0.0,low,0,0,0,0,0.0,0.0,0.0,0.0,0.0,0.0,0.0,0,0.0,0,0,0,0,0,0,0
4,51fce8a0-5d3e-4fdf-80ac-af941191d4f9,6523df5b-7994-4cd7-8acd-d667bbd2f2ab,烈焰狂狮,True,6249513b-4936-473a-966a-03a8df185d08,17,57.71,67.38,0.0,0.0,0.0,low,0,0,0,0,0.0,0.0,0.0,0.0,0.0,0.0,0.0,0,0.0,0,0,0,0,0,0,0
4,51fce8a0-5d3e-4fdf-80ac-af941191d4f9,66c2ca0d-0a76-4b76-8738-67e3b76a6a56,床单军团,True,a9b193ab-7804-4817-825d-617d8c46a66c,17,60.0,71.38,0.0,0.0,0.0,low,0,0,0,0,0.0,0.0,0.0,0.0,0.0,0.0,0.0,0,0.0,0,0,0,0,0,0,0
4,51fce8a0-5d3e-4fdf-80ac-af941191d4f9,66ca8c79-7431-424b-bb1d-0f88a60d533b,武当太极,True,ad5a34f4-fbca-4a9a-a52e-9ce3b10ce40d,17,62.06,69.12,0.0,0.0,0.0,low,0,0,0,0,0.0,0.0,0.0,0.0,0.0,0.0,0.0,0,0.0,0,0,0,0,0,0,0
4,51fce8a0-5d3e-4fdf-80ac-af941191d4f9,66dc26f8-4710-4ec8-b710-10f4d5cbff36,喜鹊纽卡,True,54a63fc2-c1e8-4ab0-a34b-308f9800ea0b,17,69.94,79.0,0.0,0.0,0.0,low,0,0,0,0,0.0,0.0,0.0,0.0,0.0,0.0,0.0,0,0.0,0,0,0,0,0,0,0
4,51fce8a0-5d3e-4fdf-80ac-af941191d4f9,67229f4f-6942-4263-be98-e3cfba186003,沙漠之舟,True,8c2455e5-2d38-48d7-8371-e58ef246b186,17,65.71,74.75,0.0,0.0,0.0,low,0,0,0,0,0.0,0.0,0.0,0.0,0.0,0.0,0.0,0,0.0,0,0,0,0,0,0,0
4,51fce8a0-5d3e-4fdf-80ac-af941191d4f9,67509e1f-7c80-46e1-b2a9-5f5783c65c5f,马赛马拉,True,2bc74cb7-6f4c-4afc-bbc5-4a4aa39536f6,17,61.12,68.5,0.0,0.0,0.0,low,0,0,0,0,0.0,0.0,0.0,0.0,0.0,0.0,0.0,0,0.0,0,0,0,0,0,0,0
4,51fce8a0-5d3e-4fdf-80ac-af941191d4f9,6989bff7-419d-4cd8-bbad-8d5e69477c9a,北方苍狼,True,6c2684f4-04d2-4991-8cf4-62f02273818b,17,65.76,76.62,0.0,0.0,0.0,low,0,0,0,0,0.0,0.0,0.0,0.0,0.0,0.0,0.0,0,0.0,0,0,0,0,0,0,0
4,51fce8a0-5d3e-4fdf-80ac-af941191d4f9,6aaa10e1-3557-45e7-bcc3-10bf6bdcc93a,石油大亨,True,b0b684ba-afc5-4b99-8173-b29850ae3c61,17,69.24,80.62,0.0,0.0,0.0,low,0,0,0,0,0.0,0.0,0.0,0.0,0.0,0.0,0.0,0,0.0,0,0,0,0,0,0,0
4,51fce8a0-5d3e-4fdf-80ac-af941191d4f9,6c692a57-d919-4783-80ea-c2ec8786075b,刚果王国,True,2530ea5c-b987-44c9-a1ef-ebe45377ffa9,17,57.18,66.88,0.0,0.0,0.0,low,0,0,0,0,0.0,0.0,0.0,0.0,0.0,0.0,0.0,0,0.0,0,0,0,0,0,0,0
4,51fce8a0-5d3e-4fdf-80ac-af941191d4f9,6d57dd3a-71f0-4396-af11-c4d800f74649,大地之力,True,00a028af-0440-4bf2-af81-504a84e49ef1,17,61.06,68.75,0.0,0.0,0.0,low,0,0,0,0,0.0,0.0,0.0,0.0,0.0,0.0,0.0,0,0.0,0,0,0,0,0,0,0
4,51fce8a0-5d3e-4fdf-80ac-af941191d4f9,6ebc288a-e1ed-46fe-a095-6a7cdedc3209,阿拉伯舞,True,5f42ac7e-8634-401b-94bf-4f2fbf234cfa,17,57.06,66.88,0.0,0.0,0.0,low,0,0,0,0,0.0,0.0,0.0,0.0,0.0,0.0,0.0,0,0.0,0,0,0,0,0,0,0
4,51fce8a0-5d3e-4fdf-80ac-af941191d4f9,74096646-c574-4900-8b33-17854bd61648,中原飞虎,True,9e1b937a-245c-4cdf-ac48-a60f6d082d9b,17,68.88,79.75,0.0,0.0,0.0,low,0,0,0,0,0.0,0.0,0.0,0.0,0.0,0.0,0.0,0,0.0,0,0,0,0,0,0,0
4,51fce8a0-5d3e-4fdf-80ac-af941191d4f9,74a18f58-11a5-402b-a4ef-11e9646236e0,莫莫之王,True,2530ea5c-b987-44c9-a1ef-ebe45377ffa9,17,65.06,76.0,0.0,0.0,0.0,low,0,0,0,0,0.0,0.0,0.0,0.0,0.0,0.0,0.0,0,0.0,0,0,0,0,0,0,0
4,51fce8a0-5d3e-4fdf-80ac-af941191d4f9,758b767e-8a74-45cf-8496-9b4e0126b1dd,蜜蜂布伦特,True,d1d28119-e6ee-488c-8619-e98f450d66f9,17,68.94,79.88,0.0,0.0,0.0,low,0,0,0,0,0.0,0.0,0.0,0.0,0.0,0.0,0.0,0,0.0,0,0,0,0,0,0,0
4,51fce8a0-5d3e-4fdf-80ac-af941191d4f9,77056a65-2df4-4fb5-af9d-f6117cf73046,苍鹰搏兔,True,6249513b-4936-473a-966a-03a8df185d08,17,63.94,74.5,0.0,0.0,0.0,low,0,0,0,0,0.0,0.0,0.0,0.0,0.0,0.0,0.0,0,0.0,0,0,0,0,0,0,0
4,51fce8a0-5d3e-4fdf-80ac-af941191d4f9,771183b8-23d3-451f-9520-a6210415537e,双峰巨驼,True,8c2455e5-2d38-48d7-8371-e58ef246b186,17,64.06,74.12,0.0,0.0,0.0,low,0,0,0,0,0.0,0.0,0.0,0.0,0.0,0.0,0.0,0,0.0,0,0,0,0,0,0,0
4,51fce8a0-5d3e-4fdf-80ac-af941191d4f9,775f3376-a202-4689-b5bb-2f48ca1eae5d,斯图加特,True,85477eb3-9d08-40df-ba54-e5161d35442f,17,58.35,66.38,0.0,0.0,0.0,low,0,0,0,0,0.0,0.0,0.0,0.0,0.0,0.0,0.0,0,0.0,0,0,0,0,0,0,0
4,51fce8a0-5d3e-4fdf-80ac-af941191d4f9,783b189a-7173-4ec1-9fbb-e06d7c2018b2,印加帝国,True,e2939281-7372-489e-88d9-335cae06139a,17,64.18,75.25,0.0,0.0,0.0,low,0,0,0,0,0.0,0.0,0.0,0.0,0.0,0.0,0.0,0,0.0,0,0,0,0,0,0,0
4,51fce8a0-5d3e-4fdf-80ac-af941191d4f9,78f67212-ee06-409b-8490-4031c5e16e8a,青云直上,True,00a028af-0440-4bf2-af81-504a84e49ef1,17,57.06,68.25,0.0,0.0,0.0,low,0,0,0,0,0.0,0.0,0.0,0.0,0.0,0.0,0.0,0,0.0,0,0,0,0,0,0,0
4,51fce8a0-5d3e-4fdf-80ac-af941191d4f9,7949db85-c21c-42ea-9f6c-a2bc8a57dfa0,寒冰领域,True,ad5a34f4-fbca-4a9a-a52e-9ce3b10ce40d,17,59.53,64.88,0.0,0.0,0.0,low,0,0,0,0,0.0,0.0,0.0,0.0,0.0,0.0,0.0,0,0.0,0,0,0,0,0,0,0
4,51fce8a0-5d3e-4fdf-80ac-af941191d4f9,79a93bf9-168d-4c17-9401-64d143fa6860,狂熊撼地,True,6249513b-4936-473a-966a-03a8df185d08,17,61.65,71.25,0.0,0.0,0.0,low,0,0,0,0,0.0,0.0,0.0,0.0,0.0,0.0,0.0,0,0.0,0,0,0,0,0,0,0
4,51fce8a0-5d3e-4fdf-80ac-af941191d4f9,7a555d75-0c43-48e6-aa7e-8e295175998e,飓风之眼,True,ad5a34f4-fbca-4a9a-a52e-9ce3b10ce40d,17,58.94,70.38,0.0,0.0,0.0,low,0,0,0,0,0.0,0.0,0.0,0.0,0.0,0.0,0.0,0,0.0,0,0,0,0,0,0,0
4,51fce8a0-5d3e-4fdf-80ac-af941191d4f9,7bfd61f7-e6c8-49d7-b58c-612bb7cd2497,蓝黑战士,True,b860026c-ffe5-4485-b75d-1d94142297d0,17,62.94,71.75,0.0,0.0,0.0,low,0,0,0,0,0.0,0.0,0.0,0.0,0.0,0.0,0.0,0,0.0,0,0,0,0,0,0,0
4,51fce8a0-5d3e-4fdf-80ac-af941191d4f9,7de5a274-e661-43ab-9ad2-fd103462bea7,麒麟踏云,True,de63b8aa-f86a-4a12-a862-9a14b379a275,17,57.47,65.12,0.0,0.0,0.0,low,0,0,0,0,0.0,0.0,0.0,0.0,0.0,0.0,0.0,0,0.0,0,0,0,0,0,0,0
4,51fce8a0-5d3e-4fdf-80ac-af941191d4f9,815c2662-b88b-4858-ae37-08e2c6c23ade,凯门鳄凶,True,2bc74cb7-6f4c-4afc-bbc5-4a4aa39536f6,17,60.12,68.88,0.0,0.0,0.0,low,0,0,0,0,0.0,0.0,0.0,0.0,0.0,0.0,0.0,0,0.0,0,0,0,0,0,0,0
4,51fce8a0-5d3e-4fdf-80ac-af941191d4f9,845ede64-f404-4cb4-8c5e-e7c96bf50981,山楂球西布,True,d1d28119-e6ee-488c-8619-e98f450d66f9,17,70.59,83.12,0.0,0.0,0.0,low,0,0,0,0,0.0,0.0,0.0,0.0,0.0,0.0,0.0,0,0.0,0,0,0,0,0,0,0
4,51fce8a0-5d3e-4fdf-80ac-af941191d4f9,84d5037d-090a-4b9d-9376-ac15c98c75ad,银龙出海,True,5d3a53d7-9635-47fe-acfe-780aa0edbae3,17,73.35,84.0,0.0,0.0,0.0,low,0,0,0,0,0.0,0.0,0.0,0.0,0.0,0.0,0.0,0,0.0,0,0,0,0,0,0,0
4,51fce8a0-5d3e-4fdf-80ac-af941191d4f9,85a7a677-f1d4-415e-8bf3-e7e4e203776c,水豚憨态,True,e2939281-7372-489e-88d9-335cae06139a,17,58.35,67.38,0.0,0.0,0.0,low,0,0,0,0,0.0,0.0,0.0,0.0,0.0,0.0,0.0,0,0.0,0,0,0,0,0,0,0
4,51fce8a0-5d3e-4fdf-80ac-af941191d4f9,86a01505-db53-42b3-a78b-2a11bf4f5bce,非洲雄狮,True,e888c581-b758-4d51-9584-0755a349fc9c,17,62.65,74.0,0.0,0.0,0.0,low,0,0,0,0,0.0,0.0,0.0,0.0,0.0,0.0,0.0,0,0.0,0,0,0,0,0,0,0
4,51fce8a0-5d3e-4fdf-80ac-af941191d4f9,87be3714-6e3e-4463-948a-7f064d5e39b7,烈焰红唇,True,ad5a34f4-fbca-4a9a-a52e-9ce3b10ce40d,17,59.06,69.38,0.0,0.0,0.0,low,0,0,0,0,0.0,0.0,0.0,0.0,0.0,0.0,0.0,0,0.0,0,0,0,0,0,0,0
4,51fce8a0-5d3e-4fdf-80ac-af941191d4f9,88506b7e-d6df-4be3-bf2a-c062385a09a2,绿洲驼队,True,8c2455e5-2d38-48d7-8371-e58ef246b186,17,61.24,69.12,0.0,0.0,0.0,low,0,0,0,0,0.0,0.0,0.0,0.0,0.0,0.0,0.0,0,0.0,0,0,0,0,0,0,0
4,51fce8a0-5d3e-4fdf-80ac-af941191d4f9,8a9fd742-5a11-449d-9672-12932f995310,库尔德勇,True,f7cb1bdd-18b6-4a84-89c6-b4d1db39b4a8,17,59.53,70.62,0.0,0.0,0.0,low,0,0,0,0,0.0,0.0,0.0,0.0,0.0,0.0,0.0,0,0.0,0,0,0,0,0,0,0
4,51fce8a0-5d3e-4fdf-80ac-af941191d4f9,8b0a7250-d53f-4bd4-ae03-5126f99b3761,红军利物浦,True,54a63fc2-c1e8-4ab0-a34b-308f9800ea0b,17,74.76,86.25,0.0,0.0,0.0,low,0,0,0,0,0.0,0.0,0.0,0.0,0.0,0.0,0.0,0,0.0,0,0,0,0,0,0,0
4,51fce8a0-5d3e-4fdf-80ac-af941191d4f9,8c1ae3b0-82f0-476f-8e2e-976704646a27,白虎啸天,True,9e1b937a-245c-4cdf-ac48-a60f6d082d9b,17,71.41,82.62,0.0,0.0,0.0,low,0,0,0,0,0.0,0.0,0.0,0.0,0.0,0.0,0.0,0,0.0,0,0,0,0,0,0,0
4,51fce8a0-5d3e-4fdf-80ac-af941191d4f9,8f72af64-5242-4265-853b-177cb4abb53d,奥格斯堡,True,85477eb3-9d08-40df-ba54-e5161d35442f,17,56.35,65.38,0.0,0.0,0.0,low,0,0,0,0,0.0,0.0,0.0,0.0,0.0,0.0,0.0,0,0.0,0,0,0,0,0,0,0
4,51fce8a0-5d3e-4fdf-80ac-af941191d4f9,9198a507-5ca7-4703-bc93-8762d6cc77ba,飞驴切沃,True,c030e4b8-a2e5-462a-8743-f9aec816e45f,17,62.76,72.88,0.0,0.0,0.0,low,0,0,0,0,0.0,0.0,0.0,0.0,0.0,0.0,0.0,0,0.0,0,0,0,0,0,0,0
4,51fce8a0-5d3e-4fdf-80ac-af941191d4f9,91cf4362-bb9e-41a0-92d0-3c547bd4c9ba,西海金龙,True,5d3a53d7-9635-47fe-acfe-780aa0edbae3,17,78.24,87.88,0.0,0.0,0.0,low,0,0,0,0,0.0,0.0,0.0,0.0,0.0,0.0,0.0,0,0.0,0,0,0,0,0,0,0
4,51fce8a0-5d3e-4fdf-80ac-af941191d4f9,9409e8c9-7df8-43a3-affc-3d2a99ecd7be,蓝宝石海,True,c9526690-72fb-453d-abb0-b7ef353a021f,17,61.88,70.62,0.0,0.0,0.0,low,0,0,0,0,0.0,0.0,0.0,0.0,0.0,0.0,0.0,0,0.0,0,0,0,0,0,0,0
4,51fce8a0-5d3e-4fdf-80ac-af941191d4f9,95a18457-515c-46f4-9815-4261cbbe49e8,黑虎掏心,True,9e1b937a-245c-4cdf-ac48-a60f6d082d9b,17,60.24,71.5,0.0,0.0,0.0,low,0,0,0,0,0.0,0.0,0.0,0.0,0.0,0.0,0.0,0,0.0,0,0,0,0,0,0,0
4,51fce8a0-5d3e-4fdf-80ac-af941191d4f9,95f2696d-6aef-48f5-8d99-7199388d5dde,波斯勇士,True,3e3bb346-d594-4e10-bb12-6d5ed0775a3d,17,58.35,65.25,0.0,0.0,0.0,low,0,0,0,0,0.0,0.0,0.0,0.0,0.0,0.0,0.0,0,0.0,0,0,0,0,0,0,0
4,51fce8a0-5d3e-4fdf-80ac-af941191d4f9,96127743-e8b0-4f21-86eb-58b8dc452051,金字塔尖,True,2d556b26-5b30-409c-b95f-7d0d416ed2b6,17,73.0,82.12,0.0,0.0,0.0,low,0,0,0,0,0.0,0.0,0.0,0.0,0.0,0.0,0.0,0,0.0,0,0,0,0,0,0,0
4,51fce8a0-5d3e-4fdf-80ac-af941191d4f9,96c95c90-35f9-4209-b44c-0bb41a9e7c14,金豹捕猎,True,5d47b685-6794-40c8-b2e5-5af5f94d6224,17,56.24,65.88,0.0,0.0,0.0,low,0,0,0,0,0.0,0.0,0.0,0.0,0.0,0.0,0.0,0,0.0,0,0,0,0,0,0,0
4,51fce8a0-5d3e-4fdf-80ac-af941191d4f9,97770338-5865-415c-80bd-f5fde2e7283f,树懒慢动,True,e2939281-7372-489e-88d9-335cae06139a,17,61.59,67.75,0.0,0.0,0.0,low,0,0,0,0,0.0,0.0,0.0,0.0,0.0,0.0,0.0,0,0.0,0,0,0,0,0,0,0
4,51fce8a0-5d3e-4fdf-80ac-af941191d4f9,98160695-b3e1-46e3-94c8-61aa949126bd,亚马逊河,True,7cec7de0-b13d-4270-921d-5507b9a0c971,17,69.18,78.0,0.0,0.0,0.0,low,0,0,0,0,0.0,0.0,0.0,0.0,0.0,0.0,0.0,0,0.0,0,0,0,0,0,0,0
4,51fce8a0-5d3e-4fdf-80ac-af941191d4f9,983f4250-1f5a-4f3a-b9ec-b9d7a3835adc,红牛莱比,True,61fcb932-cc64-4ae0-b1b1-cf5ac38dc4a4,17,60.76,72.38,0.0,0.0,0.0,low,0,0,0,0,0.0,0.0,0.0,0.0,0.0,0.0,0.0,0,0.0,0,0,0,0,0,0,0
4,51fce8a0-5d3e-4fdf-80ac-af941191d4f9,994a2203-4014-4e72-9dd3-4e4c02e3792c,东方雄狮,True,5d47b685-6794-40c8-b2e5-5af5f94d6224,17,61.47,72.38,0.0,0.0,0.0,low,0,0,0,0,0.0,0.0,0.0,0.0,0.0,0.0,0.0,0,0.0,0,0,0,0,0,0,0
4,51fce8a0-5d3e-4fdf-80ac-af941191d4f9,995947cc-70ba-4864-a845-294060046659,绿洲明珠,True,2d556b26-5b30-409c-b95f-7d0d416ed2b6,17,70.47,80.88,0.0,0.0,0.0,low,0,0,0,0,0.0,0.0,0.0,0.0,0.0,0.0,0.0,0,0.0,0,0,0,0,0,0,0
4,51fce8a0-5d3e-4fdf-80ac-af941191d4f9,999a204d-282d-46e4-9291-0d84ff911575,非洲犀牛,True,e888c581-b758-4d51-9584-0755a349fc9c,17,63.29,71.75,0.0,0.0,0.0,low,0,0,0,0,0.0,0.0,0.0,0.0,0.0,0.0,0.0,0,0.0,0,0,0,0,0,0,0
4,51fce8a0-5d3e-4fdf-80ac-af941191d4f9,9b646dca-e159-446b-8dc7-98e91b8c97bf,香料之路,True,5f42ac7e-8634-401b-94bf-4f2fbf234cfa,17,58.18,71.12,0.0,0.0,0.0,low,0,0,0,0,0.0,0.0,0.0,0.0,0.0,0.0,0.0,0,0.0,0,0,0,0,0,0,0
4,51fce8a0-5d3e-4fdf-80ac-af941191d4f9,9f23d444-fa51-4f2b-93be-f492af3c2372,斑马军团,True,b860026c-ffe5-4485-b75d-1d94142297d0,17,59.94,68.5,0.0,0.0,0.0,low,0,0,0,0,0.0,0.0,0.0,0.0,0.0,0.0,0.0,0,0.0,0,0,0,0,0,0,0
4,51fce8a0-5d3e-4fdf-80ac-af941191d4f9,9fb24038-edc9-4a02-a2b5-2c1e372e5f18,单峰快驼,True,8c2455e5-2d38-48d7-8371-e58ef246b186,17,62.59,73.75,0.0,0.0,0.0,low,0,0,0,0,0.0,0.0,0.0,0.0,0.0,0.0,0.0,0,0.0,0,0,0,0,0,0,0
4,51fce8a0-5d3e-4fdf-80ac-af941191d4f9,9fea7d7e-986f-4e82-9df9-9ae304495d10,里约狂欢,True,2530ea5c-b987-44c9-a1ef-ebe45377ffa9,17,66.18,76.25,0.0,0.0,0.0,low,0,0,0,0,0.0,0.0,0.0,0.0,0.0,0.0,0.0,0,0.0,0,0,0,0,0,0,0
4,51fce8a0-5d3e-4fdf-80ac-af941191d4f9,a07a794e-e0ac-41a8-947a-f5dab51b2938,马里帝国,True,f716f67f-42ea-4d27-86ed-ea89067351c8,17,58.59,69.0,0.0,0.0,0.0,low,0,0,0,0,0.0,0.0,0.0,0.0,0.0,0.0,0.0,0,0.0,0,0,0,0,0,0,0
4,51fce8a0-5d3e-4fdf-80ac-af941191d4f9,a0b3bbc5-9d9a-42e6-b028-fcbe161bf938,塞伦盖蒂,True,7cec7de0-b13d-4270-921d-5507b9a0c971,17,59.47,68.0,0.0,0.0,0.0,low,0,0,0,0,0.0,0.0,0.0,0.0,0.0,0.0,0.0,0,0.0,0,0,0,0,0,0,0
4,51fce8a0-5d3e-4fdf-80ac-af941191d4f9,a1b7ad56-a8ea-4c2b-99cd-fbb2d91c48ef,美丽游戏,True,26584439-d058-49bd-8254-4f4b2610e977,17,74.0,88.38,0.0,0.0,0.0,low,0,0,0,0,0.0,0.0,0.0,0.0,0.0,0.0,0.0,0,0.0,0,0,0,0,0,0,0
4,51fce8a0-5d3e-4fdf-80ac-af941191d4f9,a1c8326b-c67b-4a0f-b874-2cb20ead2f6b,沙漠玫瑰,True,5f42ac7e-8634-401b-94bf-4f2fbf234cfa,17,61.24,69.0,0.0,0.0,0.0,low,0,0,0,0,0.0,0.0,0.0,0.0,0.0,0.0,0.0,0,0.0,0,0,0,0,0,0,0
4,51fce8a0-5d3e-4fdf-80ac-af941191d4f9,a1d49320-a518-4c8f-a3e8-4da60ac165f0,青金石蓝,True,c9526690-72fb-453d-abb0-b7ef353a021f,17,56.76,64.5,0.0,0.0,0.0,low,0,0,0,0,0.0,0.0,0.0,0.0,0.0,0.0,0.0,0,0.0,0,0,0,0,0,0,0
4,51fce8a0-5d3e-4fdf-80ac-af941191d4f9,a1ebca16-8d5e-4212-9366-336100690525,野马奔腾,True,de63b8aa-f86a-4a12-a862-9a14b379a275,17,63.29,69.75,0.0,0.0,0.0,low,0,0,0,0,0.0,0.0,0.0,0.0,0.0,0.0,0.0,0,0.0,0,0,0,0,0,0,0
4,51fce8a0-5d3e-4fdf-80ac-af941191d4f9,a2b80224-76b0-4bcd-ba14-549bc1cff3f4,草原猎鹰,True,6249513b-4936-473a-966a-03a8df185d08,17,63.18,75.5,0.0,0.0,0.0,low,0,0,0,0,0.0,0.0,0.0,0.0,0.0,0.0,0.0,0,0.0,0,0,0,0,0,0,0
4,51fce8a0-5d3e-4fdf-80ac-af941191d4f9,a3276740-8fd3-48c1-8b4a-bc769ee6ee6a,丝路驼铃,True,8c2455e5-2d38-48d7-8371-e58ef246b186,17,67.65,75.88,0.0,0.0,0.0,low,0,0,0,0,0.0,0.0,0.0,0.0,0.0,0.0,0.0,0,0.0,0,0,0,0,0,0,0
4,51fce8a0-5d3e-4fdf-80ac-af941191d4f9,a4c0f228-ec65-4539-a967-b6fc15093949,巴塔哥尼,True,e7a9bf87-dfe2-458d-86fe-adc205046e02,17,68.18,78.88,0.0,0.0,0.0,low,0,0,0,0,0.0,0.0,0.0,0.0,0.0,0.0,0.0,0,0.0,0,0,0,0,0,0,0
4,51fce8a0-5d3e-4fdf-80ac-af941191d4f9,a4d66fe7-c41b-4adf-b0e2-3f5b39210641,凤凰涅槃,True,de63b8aa-f86a-4a12-a862-9a14b379a275,17,55.71,61.38,0.0,0.0,0.0,low,0,0,0,0,0.0,0.0,0.0,0.0,0.0,0.0,0.0,0,0.0,0,0,0,0,0,0,0
4,51fce8a0-5d3e-4fdf-80ac-af941191d4f9,a4d8244b-b25f-4967-9bfa-62de10125299,公牛都灵,True,c030e4b8-a2e5-462a-8743-f9aec816e45f,17,61.12,69.25,0.0,0.0,0.0,low,0,0,0,0,0.0,0.0,0.0,0.0,0.0,0.0,0.0,0,0.0,0,0,0,0,0,0,0
4,51fce8a0-5d3e-4fdf-80ac-af941191d4f9,a4fc9c62-f886-4f91-a234-0f416106ab4e,水晶石透,True,c9526690-72fb-453d-abb0-b7ef353a021f,17,58.18,65.88,0.0,0.0,0.0,low,0,0,0,0,0.0,0.0,0.0,0.0,0.0,0.0,0.0,0,0.0,0,0,0,0,0,0,0
4,51fce8a0-5d3e-4fdf-80ac-af941191d4f9,a54f0f19-e746-4cba-9c5c-1963ce6be151,祖母绿光,True,c9526690-72fb-453d-abb0-b7ef353a021f,17,58.65,69.75,0.0,0.0,0.0,low,0,0,0,0,0.0,0.0,0.0,0.0,0.0,0.0,0.0,0,0.0,0,0,0,0,0,0,0
4,51fce8a0-5d3e-4fdf-80ac-af941191d4f9,a5d2cb68-5ee5-4ffd-83ca-f29c32243c80,沙漠孤鹰,True,6249513b-4936-473a-966a-03a8df185d08,17,64.06,76.0,0.0,0.0,0.0,low,0,0,0,0,0.0,0.0,0.0,0.0,0.0,0.0,0.0,0,0.0,0,0,0,0,0,0,0
4,51fce8a0-5d3e-4fdf-80ac-af941191d4f9,a6000ba4-c635-47f7-8576-53e58b89e449,赫塔菲蓝,True,5b78fe32-305e-4577-a9e1-7bf72051f53e,17,61.94,72.5,0.0,0.0,0.0,low,0,0,0,0,0.0,0.0,0.0,0.0,0.0,0.0,0.0,0,0.0,0,0,0,0,0,0,0
4,51fce8a0-5d3e-4fdf-80ac-af941191d4f9,a679b8b1-3683-4bf1-a73c-572560cf96b0,清真美食,True,288cf750-56dc-4f9d-8f1d-0c36f52c8716,17,65.53,74.62,0.0,0.0,0.0,low,0,0,0,0,0.0,0.0,0.0,0.0,0.0,0.0,0.0,0,0.0,0,0,0,0,0,0,0
4,51fce8a0-5d3e-4fdf-80ac-af941191d4f9,a8ffbc3c-9a2a-48b8-92af-b92f61b59705,科隆山羊,True,85477eb3-9d08-40df-ba54-e5161d35442f,17,59.65,70.12,0.0,0.0,0.0,low,0,0,0,0,0.0,0.0,0.0,0.0,0.0,0.0,0.0,0,0.0,0,0,0,0,0,0,0
4,51fce8a0-5d3e-4fdf-80ac-af941191d4f9,a925aba8-99e8-41bc-93a4-f347b3abf26a,复活节岛,True,7cec7de0-b13d-4270-921d-5507b9a0c971,17,62.35,70.88,0.0,0.0,0.0,low,0,0,0,0,0.0,0.0,0.0,0.0,0.0,0.0,0.0,0,0.0,0,0,0,0,0,0,0
4,51fce8a0-5d3e-4fdf-80ac-af941191d4f9,a937db2b-26ea-4fa4-bc9b-ed9cac689e46,紫气东来,True,00a028af-0440-4bf2-af81-504a84e49ef1,17,58.06,66.12,0.0,0.0,0.0,low,0,0,0,0,0.0,0.0,0.0,0.0,0.0,0.0,0.0,0,0.0,0,0,0,0,0,0,0
4,51fce8a0-5d3e-4fdf-80ac-af941191d4f9,a93d022a-115a-4def-877c-db1ac292a1cf,水手桑普,True,c030e4b8-a2e5-462a-8743-f9aec816e45f,17,56.65,66.62,0.0,0.0,0.0,low,0,0,0,0,0.0,0.0,0.0,0.0,0.0,0.0,0.0,0,0.0,0,0,0,0,0,0,0
4,51fce8a0-5d3e-4fdf-80ac-af941191d4f9,a9d771ba-46ae-4e0a-973f-1ca04d5faf2d,峨眉女侠,True,ad5a34f4-fbca-4a9a-a52e-9ce3b10ce40d,17,57.41,66.88,0.0,0.0,0.0,low,0,0,0,0,0.0,0.0,0.0,0.0,0.0,0.0,0.0,0,0.0,0,0,0,0,0,0,0
4,51fce8a0-5d3e-4fdf-80ac-af941191d4f9,a9fbe34f-493d-4225-9588-4a099db49733,斑马条纹,True,e888c581-b758-4d51-9584-0755a349fc9c,17,57.0,65.25,0.0,0.0,0.0,low,0,0,0,0,0.0,0.0,0.0,0.0,0.0,0.0,0.0,0,0.0,0,0,0,0,0,0,0
4,51fce8a0-5d3e-4fdf-80ac-af941191d4f9,acc7b1e8-07ae-48d8-b1bd-b61f0b83bfb4,波斯地毯,True,3e3bb346-d594-4e10-bb12-6d5ed0775a3d,17,58.06,67.62,0.0,0.0,0.0,low,0,0,0,0,0.0,0.0,0.0,0.0,0.0,0.0,0.0,0,0.0,0,0,0,0,0,0,0
4,51fce8a0-5d3e-4fdf-80ac-af941191d4f9,ad4f0263-951f-4f2a-8418-208d9e482241,大黄蜂多,True,61fcb932-cc64-4ae0-b1b1-cf5ac38dc4a4,17,58.59,67.88,0.0,0.0,0.0,low,0,0,0,0,0.0,0.0,0.0,0.0,0.0,0.0,0.0,0,0.0,0,0,0,0,0,0,0
4,51fce8a0-5d3e-4fdf-80ac-af941191d4f9,ad8581d2-28b9-4b10-8074-18e1e7d542c3,尼罗河源,True,2bc74cb7-6f4c-4afc-bbc5-4a4aa39536f6,17,59.65,67.75,0.0,0.0,0.0,low,0,0,0,0,0.0,0.0,0.0,0.0,0.0,0.0,0.0,0,0.0,0,0,0,0,0,0,0
4,51fce8a0-5d3e-4fdf-80ac-af941191d4f9,ae7dd741-c83f-40b6-800e-4af23d17188a,十字军东,True,288cf750-56dc-4f9d-8f1d-0c36f52c8716,17,60.76,68.38,0.0,0.0,0.0,low,0,0,0,0,0.0,0.0,0.0,0.0,0.0,0.0,0.0,0,0.0,0,0,0,0,0,0,0
4,51fce8a0-5d3e-4fdf-80ac-af941191d4f9,af48a5d7-d2c0-4d3a-ba42-6315e18d3120,西班牙人,True,5b78fe32-305e-4577-a9e1-7bf72051f53e,17,65.82,76.12,0.0,0.0,0.0,low,0,0,0,0,0.0,0.0,0.0,0.0,0.0,0.0,0.0,0,0.0,0,0,0,0,0,0,0
4,51fce8a0-5d3e-4fdf-80ac-af941191d4f9,af987122-4a80-4830-a3fa-876782f66164,阿拉丁灯,True,5f42ac7e-8634-401b-94bf-4f2fbf234cfa,17,60.12,66.5,0.0,0.0,0.0,low,0,0,0,0,0.0,0.0,0.0,0.0,0.0,0.0,0.0,0,0.0,0,0,0,0,0,0,0
4,51fce8a0-5d3e-4fdf-80ac-af941191d4f9,b066b205-c0bf-43df-a284-9bcb970b030a,霍村霍芬,True,85477eb3-9d08-40df-ba54-e5161d35442f,17,59.82,68.5,0.0,0.0,0.0,low,0,0,0,0,0.0,0.0,0.0,0.0,0.0,0.0,0.0,0,0.0,0,0,0,0,0,0,0
4,51fce8a0-5d3e-4fdf-80ac-af941191d4f9,b0af8ee2-0491-4c32-aaac-810d5f20b95e,巨象踏天,True,de63b8aa-f86a-4a12-a862-9a14b379a275,17,62.0,70.25,0.0,0.0,0.0,low,0,0,0,0,0.0,0.0,0.0,0.0,0.0,0.0,0.0,0,0.0,0,0,0,0,0,0,0
4,51fce8a0-5d3e-4fdf-80ac-af941191d4f9,b2a3e318-2949-4673-8f49-4abadb97fe5c,累西腓鼓,True,2530ea5c-b987-44c9-a1ef-ebe45377ffa9,17,61.0,73.62,0.0,0.0,0.0,low,0,0,0,0,0.0,0.0,0.0,0.0,0.0,0.0,0.0,0,0.0,0,0,0,0,0,0,0
4,51fce8a0-5d3e-4fdf-80ac-af941191d4f9,b5efad9f-4922-4244-9315-185087ec87ae,雷霆万钧,True,ad5a34f4-fbca-4a9a-a52e-9ce3b10ce40d,17,62.94,71.62,0.0,0.0,0.0,low,0,0,0,0,0.0,0.0,0.0,0.0,0.0,0.0,0.0,0,0.0,0,0,0,0,0,0,0
4,51fce8a0-5d3e-4fdf-80ac-af941191d4f9,b7355921-bd13-4d80-a59a-7a9f8d086e62,乌拉圭牛,True,7cec7de0-b13d-4270-921d-5507b9a0c971,17,64.12,74.5,0.0,0.0,0.0,low,0,0,0,0,0.0,0.0,0.0,0.0,0.0,0.0,0.0,0,0.0,0,0,0,0,0,0,0
4,51fce8a0-5d3e-4fdf-80ac-af941191d4f9,b7480cd5-f9a2-4bef-ab0a-67971e4ac6ab,薛西斯军,True,3e3bb346-d594-4e10-bb12-6d5ed0775a3d,17,61.06,68.25,0.0,0.0,0.0,low,0,0,0,0,0.0,0.0,0.0,0.0,0.0,0.0,0.0,0,0.0,0,0,0,0,0,0,0
4,51fce8a0-5d3e-4fdf-80ac-af941191d4f9,b86f6b08-63ca-4b06-a22e-f03cd617ab40,天然气王,True,b0b684ba-afc5-4b99-8173-b29850ae3c61,17,64.53,75.62,0.0,0.0,0.0,low,0,0,0,0,0.0,0.0,0.0,0.0,0.0,0.0,0.0,0,0.0,0,0,0,0,0,0,0
4,51fce8a0-5d3e-4fdf-80ac-af941191d4f9,b8a0ea7b-5f45-4e6d-94c5-59fd398fd01f,阿拉伯夜,True,2d556b26-5b30-409c-b95f-7d0d416ed2b6,17,75.18,85.88,0.0,0.0,0.0,low,0,0,0,0,0.0,0.0,0.0,0.0,0.0,0.0,0.0,0,0.0,0,0,0,0,0,0,0
4,51fce8a0-5d3e-4fdf-80ac-af941191d4f9,ba432f12-02ac-4e98-8651-14ea45fb55cf,波斯猫王,True,3e3bb346-d594-4e10-bb12-6d5ed0775a3d,17,56.06,66.0,0.0,0.0,0.0,low,0,0,0,0,0.0,0.0,0.0,0.0,0.0,0.0,0.0,0,0.0,0,0,0,0,0,0,0
4,51fce8a0-5d3e-4fdf-80ac-af941191d4f9,ba789ebc-6b50-4d2c-9c7f-59e9c8487335,华南虎威,True,9e1b937a-245c-4cdf-ac48-a60f6d082d9b,17,71.12,81.5,0.0,0.0,0.0,low,0,0,0,0,0.0,0.0,0.0,0.0,0.0,0.0,0.0,0,0.0,0,0,0,0,0,0,0
4,51fce8a0-5d3e-4fdf-80ac-af941191d4f9,bafb2265-053f-4e44-8384-ff49e8141780,北海苍龙,True,5d3a53d7-9635-47fe-acfe-780aa0edbae3,17,74.94,84.75,0.0,0.0,0.0,low,0,0,0,0,0.0,0.0,0.0,0.0,0.0,0.0,0.0,0,0.0,0,0,0,0,0,0,0
4,51fce8a0-5d3e-4fdf-80ac-af941191d4f9,bafb72c2-d592-4722-8bf1-368a938a0cb8,犀牛冲撞,True,de63b8aa-f86a-4a12-a862-9a14b379a275,17,58.71,66.88,0.0,0.0,0.0,low,0,0,0,0,0.0,0.0,0.0,0.0,0.0,0.0,0.0,0,0.0,0,0,0,0,0,0,0
4,51fce8a0-5d3e-4fdf-80ac-af941191d4f9,bbd4882c-b949-4381-8c12-d3f36293628e,南海蛟龙,True,5d3a53d7-9635-47fe-acfe-780aa0edbae3,17,77.18,88.88,0.0,0.0,0.0,low,0,0,0,0,0.0,0.0,0.0,0.0,0.0,0.0,0.0,0,0.0,0,0,0,0,0,0,0
4,51fce8a0-5d3e-4fdf-80ac-af941191d4f9,bc07fd53-7ae9-45bc-ad67-1464ddd393c0,东北虎啸,True,9e1b937a-245c-4cdf-ac48-a60f6d082d9b,17,69.47,77.75,0.0,0.0,0.0,low,0,0,0,0,0.0,0.0,0.0,0.0,0.0,0.0,0.0,0,0.0,0,0,0,0,0,0,0
4,51fce8a0-5d3e-4fdf-80ac-af941191d4f9,bc2c565d-b3df-4d42-add4-23e0d3015a51,纳斯卡线,True,7cec7de0-b13d-4270-921d-5507b9a0c971,17,62.53,70.75,0.0,0.0,0.0,low,0,0,0,0,0.0,0.0,0.0,0.0,0.0,0.0,0.0,0,0.0,0,0,0,0,0,0,0
4,51fce8a0-5d3e-4fdf-80ac-af941191d4f9,bcb751d3-2d29-4e74-8e42-a14e911f9f2e,森林之语,True,6c2684f4-04d2-4991-8cf4-62f02273818b,17,58.71,69.25,0.0,0.0,0.0,low,0,0,0,0,0.0,0.0,0.0,0.0,0.0,0.0,0.0,0,0.0,0,0,0,0,0,0,0
4,51fce8a0-5d3e-4fdf-80ac-af941191d4f9,be34ec09-29a6-4bf0-8075-a8fc10ee6f69,食人鱼群,True,e2939281-7372-489e-88d9-335cae06139a,17,62.18,68.12,0.0,0.0,0.0,low,0,0,0,0,0.0,0.0,0.0,0.0,0.0,0.0,0.0,0,0.0,0,0,0,0,0,0,0
4,51fce8a0-5d3e-4fdf-80ac-af941191d4f9,be6f6488-27f0-4a3e-8dea-fe50dddcd332,玄武镇海,True,de63b8aa-f86a-4a12-a862-9a14b379a275,17,64.12,71.38,0.0,0.0,0.0,low,0,0,0,0,0.0,0.0,0.0,0.0,0.0,0.0,0.0,0,0.0,0,0,0,0,0,0,0
4,51fce8a0-5d3e-4fdf-80ac-af941191d4f9,bf4c7fe4-e931-4d65-ab8b-a71976c87b98,银河战舰,True,d1d28119-e6ee-488c-8619-e98f450d66f9,17,67.82,75.38,0.0,0.0,0.0,low,0,0,0,0,0.0,0.0,0.0,0.0,0.0,0.0,0.0,0,0.0,0,0,0,0,0,0,0
4,51fce8a0-5d3e-4fdf-80ac-af941191d4f9,bf6edd77-a43e-49de-8a11-9f28e202e6b4,花车巡游,True,2530ea5c-b987-44c9-a1ef-ebe45377ffa9,17,63.71,73.25,0.0,0.0,0.0,low,0,0,0,0,0.0,0.0,0.0,0.0,0.0,0.0,0.0,0,0.0,0,0,0,0,0,0,0
4,51fce8a0-5d3e-4fdf-80ac-af941191d4f9,c167bfc3-0c97-4ec0-a1ed-16e37c3df37d,宇宙巴萨,True,a9b193ab-7804-4817-825d-617d8c46a66c,17,60.82,71.88,0.0,0.0,0.0,low,0,0,0,0,0.0,0.0,0.0,0.0,0.0,0.0,0.0,0,0.0,0,0,0,0,0,0,0
4,51fce8a0-5d3e-4fdf-80ac-af941191d4f9,c307348b-0b9d-4d37-847f-afc0c0e85a3e,安第斯山,True,e7a9bf87-dfe2-458d-86fe-adc205046e02,17,68.59,79.5,0.0,0.0,0.0,low,0,0,0,0,0.0,0.0,0.0,0.0,0.0,0.0,0.0,0,0.0,0,0,0,0,0,0,0
4,51fce8a0-5d3e-4fdf-80ac-af941191d4f9,c46758e0-991a-47f6-83bf-24a09305f750,圣徒南安普,True,a9b193ab-7804-4817-825d-617d8c46a66c,17,66.41,76.12,0.0,0.0,0.0,low,0,0,0,0,0.0,0.0,0.0,0.0,0.0,0.0,0.0,0,0.0,0,0,0,0,0,0,0
4,51fce8a0-5d3e-4fdf-80ac-af941191d4f9,c492b9e3-9e5d-42f4-8db7-800ddd66a155,蓝鹰拉齐,True,b860026c-ffe5-4485-b75d-1d94142297d0,17,55.18,64.0,0.0,0.0,0.0,low,0,0,0,0,0.0,0.0,0.0,0.0,0.0,0.0,0.0,0,0.0,0,0,0,0,0,0,0
4,51fce8a0-5d3e-4fdf-80ac-af941191d4f9,c4bbfbbf-65ab-4f33-9cb7-531cff9a7dc0,祖鲁战士,True,f716f67f-42ea-4d27-86ed-ea89067351c8,17,61.0,70.38,0.0,0.0,0.0,low,0,0,0,0,0.0,0.0,0.0,0.0,0.0,0.0,0.0,0,0.0,0,0,0,0,0,0,0
4,51fce8a0-5d3e-4fdf-80ac-af941191d4f9,c5a96e58-fd7d-4043-9d92-049246250162,圣保罗彩,True,f716f67f-42ea-4d27-86ed-ea89067351c8,17,62.18,69.75,0.0,0.0,0.0,low,0,0,0,0,0.0,0.0,0.0,0.0,0.0,0.0,0.0,0,0.0,0,0,0,0,0,0,0
4,51fce8a0-5d3e-4fdf-80ac-af941191d4f9,c616659f-b02c-4c62-80ae-c677d8785518,沙漠商队,True,8c2455e5-2d38-48d7-8371-e58ef246b186,17,61.41,69.0,0.0,0.0,0.0,low,0,0,0,0,0.0,0.0,0.0,0.0,0.0,0.0,0.0,0,0.0,0,0,0,0,0,0,0
4,51fce8a0-5d3e-4fdf-80ac-af941191d4f9,c7649d16-8392-4e3e-bf09-7e387264f5dc,马略卡岛,True,5b78fe32-305e-4577-a9e1-7bf72051f53e,17,59.53,71.12,0.0,0.0,0.0,low,0,0,0,0,0.0,0.0,0.0,0.0,0.0,0.0,0.0,0,0.0,0,0,0,0,0,0,0
4,51fce8a0-5d3e-4fdf-80ac-af941191d4f9,c7695fd6-e22a-4161-9775-f5f15b8d3e93,设拉子酒,True,3e3bb346-d594-4e10-bb12-6d5ed0775a3d,17,61.88,68.0,0.0,0.0,0.0,low,0,0,0,0,0.0,0.0,0.0,0.0,0.0,0.0,0.0,0,0.0,0,0,0,0,0,0,0
4,51fce8a0-5d3e-4fdf-80ac-af941191d4f9,c807e62e-bc3c-48e4-8da5-d150045a99f5,星月传奇,True,288cf750-56dc-4f9d-8f1d-0c36f52c8716,17,67.12,76.38,0.0,0.0,0.0,low,0,0,0,0,0.0,0.0,0.0,0.0,0.0,0.0,0.0,0,0.0,0,0,0,0,0,0,0
4,51fce8a0-5d3e-4fdf-80ac-af941191d4f9,c97015a2-77f4-4a26-89c1-bb1dedd8a98e,清真寺塔,True,b0b684ba-afc5-4b99-8173-b29850ae3c61,17,63.12,74.0,0.0,0.0,0.0,low,0,0,0,0,0.0,0.0,0.0,0.0,0.0,0.0,0.0,0,0.0,0,0,0,0,0,0,0
4,51fce8a0-5d3e-4fdf-80ac-af941191d4f9,cc11fdd7-022c-4f6e-8654-0a1e315f1d70,斗牛士团,True,a9b193ab-7804-4817-825d-617d8c46a66c,17,67.59,74.75,0.0,0.0,0.0,low,0,0,0,0,0.0,0.0,0.0,0.0,0.0,0.0,0.0,0,0.0,0,0,0,0,0,0,0
4,51fce8a0-5d3e-4fdf-80ac-af941191d4f9,ccea650b-bb30-4896-9387-cd57bdbfc854,弯月之星,True,288cf750-56dc-4f9d-8f1d-0c36f52c8716,17,67.82,78.0,0.0,0.0,0.0,low,0,0,0,0,0.0,0.0,0.0,0.0,0.0,0.0,0.0,0,0.0,0,0,0,0,0,0,0
4,51fce8a0-5d3e-4fdf-80ac-af941191d4f9,cdcdd687-9d98-44b4-b293-b665269bb127,钢铁柏林,True,61fcb932-cc64-4ae0-b1b1-cf5ac38dc4a4,17,60.18,67.75,0.0,0.0,0.0,low,0,0,0,0,0.0,0.0,0.0,0.0,0.0,0.0,0.0,0,0.0,0,0,0,0,0,0,0
4,51fce8a0-5d3e-4fdf-80ac-af941191d4f9,d2e6b781-ed51-4448-a963-9447dba4ef91,狼堡沃尔夫,True,61fcb932-cc64-4ae0-b1b1-cf5ac38dc4a4,17,57.18,68.12,0.0,0.0,0.0,low,0,0,0,0,0.0,0.0,0.0,0.0,0.0,0.0,0.0,0,0.0,0,0,0,0,0,0,0
4,51fce8a0-5d3e-4fdf-80ac-af941191d4f9,d335c808-e7a5-4c65-9054-dae6cf140b2b,马丘比丘,True,7cec7de0-b13d-4270-921d-5507b9a0c971,17,62.94,70.88,0.0,0.0,0.0,low,0,0,0,0,0.0,0.0,0.0,0.0,0.0,0.0,0.0,0,0.0,0,0,0,0,0,0,0
4,51fce8a0-5d3e-4fdf-80ac-af941191d4f9,d43e7c24-fec1-4ec2-967f-0444c6a7fd1f,红魔曼联,True,54a63fc2-c1e8-4ab0-a34b-308f9800ea0b,17,77.41,85.0,0.0,0.0,0.0,low,0,0,0,0,0.0,0.0,0.0,0.0,0.0,0.0,0.0,0,0.0,0,0,0,0,0,0,0
4,51fce8a0-5d3e-4fdf-80ac-af941191d4f9,d451aa9c-d0be-49c2-8144-b09698f6eb0d,撒丁岛卡,True,c030e4b8-a2e5-462a-8743-f9aec816e45f,17,56.06,62.12,0.0,0.0,0.0,low,0,0,0,0,0.0,0.0,0.0,0.0,0.0,0.0,0.0,0,0.0,0,0,0,0,0,0,0
4,51fce8a0-5d3e-4fdf-80ac-af941191d4f9,d4809859-e82b-4901-9b8b-7fa84d7cbaa8,西域猛虎,True,9e1b937a-245c-4cdf-ac48-a60f6d082d9b,17,66.41,72.62,0.0,0.0,0.0,low,0,0,0,0,0.0,0.0,0.0,0.0,0.0,0.0,0.0,0,0.0,0,0,0,0,0,0,0
4,51fce8a0-5d3e-4fdf-80ac-af941191d4f9,d5d6600a-7e5a-4d07-92c0-ccded7ff24b2,红宝石矿,True,c9526690-72fb-453d-abb0-b7ef353a021f,17,59.18,65.5,0.0,0.0,0.0,low,0,0,0,0,0.0,0.0,0.0,0.0,0.0,0.0,0.0,0,0.0,0,0,0,0,0,0,0
4,51fce8a0-5d3e-4fdf-80ac-af941191d4f9,d673fecb-d5ac-46ae-a256-e639248aae9c,绿茵魔术师,True,26584439-d058-49bd-8254-4f4b2610e977,17,77.65,87.25,0.0,0.0,0.0,low,0,0,0,0,0.0,0.0,0.0,0.0,0.0,0.0,0.0,0,0.0,0,0,0,0,0,0,0
4,51fce8a0-5d3e-4fdf-80ac-af941191d4f9,d69a3a15-3c36-4671-9fa2-1b77eb871f86,桑巴舞者,True,26584439-d058-49bd-8254-4f4b2610e977,17,69.35,84.38,0.0,0.0,0.0,low,0,0,0,0,0.0,0.0,0.0,0.0,0.0,0.0,0.0,0,0.0,0,0,0,0,0,0,0
4,51fce8a0-5d3e-4fdf-80ac-af941191d4f9,d7ab4a49-dff7-4d16-990c-a5a885a5d2c2,矿工沙尔,True,85477eb3-9d08-40df-ba54-e5161d35442f,17,57.53,65.75,0.0,0.0,0.0,low,0,0,0,0,0.0,0.0,0.0,0.0,0.0,0.0,0.0,0,0.0,0,0,0,0,0,0,0
4,51fce8a0-5d3e-4fdf-80ac-af941191d4f9,d95c692d-d630-4bec-8e2b-ab0b6f07ac78,金狼逐日,True,6c2684f4-04d2-4991-8cf4-62f02273818b,17,67.12,74.25,0.0,0.0,0.0,low,0,0,0,0,0.0,0.0,0.0,0.0,0.0,0.0,0.0,0,0.0,0,0,0,0,0,0,0
4,51fce8a0-5d3e-4fdf-80ac-af941191d4f9,d972d2c1-3c4d-4f4b-ace1-10b6757e6565,猎豹闪电,True,5d47b685-6794-40c8-b2e5-5af5f94d6224,17,60.88,68.62,0.0,0.0,0.0,low,0,0,0,0,0.0,0.0,0.0,0.0,0.0,0.0,0.0,0,0.0,0,0,0,0,0,0,0
4,51fce8a0-5d3e-4fdf-80ac-af941191d4f9,d97881cc-e13b-4bfe-98b6-cc93b972b9e4,南部之星,True,61fcb932-cc64-4ae0-b1b1-cf5ac38dc4a4,17,57.24,65.25,0.0,0.0,0.0,low,0,0,0,0,0.0,0.0,0.0,0.0,0.0,0.0,0.0,0,0.0,0,0,0,0,0,0,0
4,51fce8a0-5d3e-4fdf-80ac-af941191d4f9,db60b4b0-177c-41a9-a410-7e38a13dca06,铁甲战狮,True,5d47b685-6794-40c8-b2e5-5af5f94d6224,17,60.53,70.62,0.0,0.0,0.0,low,0,0,0,0,0.0,0.0,0.0,0.0,0.0,0.0,0.0,0,0.0,0,0,0,0,0,0,0
4,51fce8a0-5d3e-4fdf-80ac-af941191d4f9,db867611-8a4d-4785-ab99-5114ed55cc9f,图阿雷格,True,f7cb1bdd-18b6-4a84-89c6-b4d1db39b4a8,16,53.31,64.75,0.0,0.0,0.0,low,0,0,0,0,0.0,0.0,0.0,0.0,0.0,0.0,0.0,0,0.0,0,0,0,0,0,0,0
4,51fce8a0-5d3e-4fdf-80ac-af941191d4f9,dc789fe8-26f6-4871-8aeb-f2a5ede6cf59,图西胡图,True,f716f67f-42ea-4d27-86ed-ea89067351c8,17,56.53,65.88,0.0,0.0,0.0,low,0,0,0,0,0.0,0.0,0.0,0.0,0.0,0.0,0.0,0,0.0,0,0,0,0,0,0,0
4,51fce8a0-5d3e-4fdf-80ac-af941191d4f9,dcc8d58c-c77e-4dff-9d5b-a61328661697,冰狼踏雪,True,6c2684f4-04d2-4991-8cf4-62f02273818b,17,66.82,77.62,0.0,0.0,0.0,low,0,0,0,0,0.0,0.0,0.0,0.0,0.0,0.0,0.0,0,0.0,0,0,0,0,0,0,0
4,51fce8a0-5d3e-4fdf-80ac-af941191d4f9,dd11dd55-46d0-44d0-a5d6-69e7d08dd4ef,沙漠之狐,True,2d556b26-5b30-409c-b95f-7d0d416ed2b6,17,72.41,89.5,0.0,0.0,0.0,low,0,0,0,0,0.0,0.0,0.0,0.0,0.0,0.0,0.0,0,0.0,0,0,0,0,0,0,0
4,51fce8a0-5d3e-4fdf-80ac-af941191d4f9,dd29d5f2-acfd-415c-b233-617e77668ce0,五人制王,True,26584439-d058-49bd-8254-4f4b2610e977,17,76.41,85.88,0.0,0.0,0.0,low,0,0,0,0,0.0,0.0,0.0,0.0,0.0,0.0,0.0,0,0.0,0,0,0,0,0,0,0
4,51fce8a0-5d3e-4fdf-80ac-af941191d4f9,de072878-3cb3-4b51-974b-4c5139bcdf98,白百合热,True,54a63fc2-c1e8-4ab0-a34b-308f9800ea0b,17,68.29,81.38,0.0,0.0,0.0,low,0,0,0,0,0.0,0.0,0.0,0.0,0.0,0.0,0.0,0,0.0,0,0,0,0,0,0,0
4,51fce8a0-5d3e-4fdf-80ac-af941191d4f9,de329f39-c885-4ad0-bdfc-f9e65097d131,咖啡起源,True,5f42ac7e-8634-401b-94bf-4f2fbf234cfa,17,56.29,63.62,0.0,0.0,0.0,low,0,0,0,0,0.0,0.0,0.0,0.0,0.0,0.0,0.0,0,0.0,0,0,0,0,0,0,0
4,51fce8a0-5d3e-4fdf-80ac-af941191d4f9,dfefc114-d04f-45fd-b4a4-c4712fd472dd,大津巴布,True,f716f67f-42ea-4d27-86ed-ea89067351c8,17,52.06,62.25,0.0,0.0,0.0,low,0,0,0,0,0.0,0.0,0.0,0.0,0.0,0.0,0.0,0,0.0,0,0,0,0,0,0,0
4,51fce8a0-5d3e-4fdf-80ac-af941191d4f9,e0549f64-5b25-4d93-a897-775c9b160c2c,威尼斯假,True,2530ea5c-b987-44c9-a1ef-ebe45377ffa9,17,59.29,69.75,0.0,0.0,0.0,low,0,0,0,0,0.0,0.0,0.0,0.0,0.0,0.0,0.0,0,0.0,0,0,0,0,0,0,0
4,51fce8a0-5d3e-4fdf-80ac-af941191d4f9,e341743c-5e71-4270-89b7-74f0e5d3a739,阿拉维斯,True,5b78fe32-305e-4577-a9e1-7bf72051f53e,17,63.06,77.62,0.0,0.0,0.0,low,0,0,0,0,0.0,0.0,0.0,0.0,0.0,0.0,0.0,0,0.0,0,0,0,0,0,0,0
4,51fce8a0-5d3e-4fdf-80ac-af941191d4f9,e38c741f-5289-41fc-a141-cee50395f888,西域雪狼,True,6c2684f4-04d2-4991-8cf4-62f02273818b,17,60.65,72.62,0.0,0.0,0.0,low,0,0,0,0,0.0,0.0,0.0,0.0,0.0,0.0,0.0,0,0.0,0,0,0,0,0,0,0
4,51fce8a0-5d3e-4fdf-80ac-af941191d4f9,e3926770-071c-4da3-b4d8-1e4ad56dc441,东方巨龙,True,5d3a53d7-9635-47fe-acfe-780aa0edbae3,17,70.06,83.62,0.0,0.0,0.0,low,0,0,0,0,0.0,0.0,0.0,0.0,0.0,0.0,0.0,0,0.0,0,0,0,0,0,0,0
4,51fce8a0-5d3e-4fdf-80ac-af941191d4f9,e3dbcb04-b56a-4652-8618-76562c27be04,非洲大象,True,e888c581-b758-4d51-9584-0755a349fc9c,17,60.41,71.88,0.0,0.0,0.0,low,0,0,0,0,0.0,0.0,0.0,0.0,0.0,0.0,0.0,0,0.0,0,0,0,0,0,0,0
4,51fce8a0-5d3e-4fdf-80ac-af941191d4f9,e719f250-c526-413a-95fb-f0d9fd4b2d67,克鲁格园,True,2bc74cb7-6f4c-4afc-bbc5-4a4aa39536f6,17,60.76,70.38,0.0,0.0,0.0,low,0,0,0,0,0.0,0.0,0.0,0.0,0.0,0.0,0.0,0,0.0,0,0,0,0,0,0,0
4,51fce8a0-5d3e-4fdf-80ac-af941191d4f9,e79a1980-533d-40a5-a3a1-37b3db32ce4b,石化巨人,True,b0b684ba-afc5-4b99-8173-b29850ae3c61,17,67.12,77.25,0.0,0.0,0.0,low,0,0,0,0,0.0,0.0,0.0,0.0,0.0,0.0,0.0,0,0.0,0,0,0,0,0,0,0
4,51fce8a0-5d3e-4fdf-80ac-af941191d4f9,e8e03746-6f32-4e78-b008-0b3d62e093a7,巴斯克雄,True,5b78fe32-305e-4577-a9e1-7bf72051f53e,17,66.65,75.88,0.0,0.0,0.0,low,0,0,0,0,0.0,0.0,0.0,0.0,0.0,0.0,0.0,0,0.0,0,0,0,0,0,0,0
4,51fce8a0-5d3e-4fdf-80ac-af941191d4f9,e9238c94-845f-40d0-b0b0-79f62b32e328,朱雀焚霞,True,de63b8aa-f86a-4a12-a862-9a14b379a275,17,57.06,66.88,0.0,0.0,0.0,low,0,0,0,0,0.0,0.0,0.0,0.0,0.0,0.0,0.0,0,0.0,0,0,0,0,0,0,0
4,51fce8a0-5d3e-4fdf-80ac-af941191d4f9,e9a26b19-d480-4548-8c93-9a5830067e97,阿里巴巴,True,5f42ac7e-8634-401b-94bf-4f2fbf234cfa,17,57.29,65.88,0.0,0.0,0.0,low,0,0,0,0,0.0,0.0,0.0,0.0,0.0,0.0,0.0,0,0.0,0,0,0,0,0,0,0
4,51fce8a0-5d3e-4fdf-80ac-af941191d4f9,ec3a673b-c3c1-49fc-ba83-fb2b0c2d8fae,老鹰水晶宫,True,a9b193ab-7804-4817-825d-617d8c46a66c,16,64.0,77.5,0.0,0.0,0.0,low,0,0,0,0,0.0,0.0,0.0,0.0,0.0,0.0,0.0,0,0.0,0,0,0,0,0,0,0
4,51fce8a0-5d3e-4fdf-80ac-af941191d4f9,f02a1e33-9a02-41ea-973f-32f0a1426add,萨拉丁军,True,f7cb1bdd-18b6-4a84-89c6-b4d1db39b4a8,17,57.88,68.62,0.0,0.0,0.0,low,0,0,0,0,0.0,0.0,0.0,0.0,0.0,0.0,0.0,0,0.0,0,0,0,0,0,0,0
4,51fce8a0-5d3e-4fdf-80ac-af941191d4f9,f1260930-772b-4800-92a5-b2bc266a2cee,金石为开,True,00a028af-0440-4bf2-af81-504a84e49ef1,17,60.0,73.0,0.0,0.0,0.0,low,0,0,0,0,0.0,0.0,0.0,0.0,0.0,0.0,0.0,0,0.0,0,0,0,0,0,0,0
4,51fce8a0-5d3e-4fdf-80ac-af941191d4f9,f13d506a-ea70-45a0-8810-baebd96e9d43,一千零一夜,True,2d556b26-5b30-409c-b95f-7d0d416ed2b6,17,77.12,86.25,0.0,0.0,0.0,low,0,0,0,0,0.0,0.0,0.0,0.0,0.0,0.0,0.0,0,0.0,0,0,0,0,0,0,0
4,51fce8a0-5d3e-4fdf-80ac-af941191d4f9,f1ec0202-2f15-4c43-94c3-356f78cd148b,苍穹雄鹰,True,5d47b685-6794-40c8-b2e5-5af5f94d6224,17,64.12,73.5,0.0,0.0,0.0,low,0,0,0,0,0.0,0.0,0.0,0.0,0.0,0.0,0.0,0,0.0,0,0,0,0,0,0,0
4,51fce8a0-5d3e-4fdf-80ac-af941191d4f9,f2413654-e042-4eda-a382-f3e17af502d9,三狮军团,True,54a63fc2-c1e8-4ab0-a34b-308f9800ea0b,17,73.88,86.12,0.0,0.0,0.0,low,0,0,0,0,0.0,0.0,0.0,0.0,0.0,0.0,0.0,0,0.0,0,0,0,0,0,0,0
4,51fce8a0-5d3e-4fdf-80ac-af941191d4f9,f372f34d-a2a3-4eb9-9b09-77e3ad713eee,骆驼骑士,True,8c2455e5-2d38-48d7-8371-e58ef246b186,17,63.82,74.0,0.0,0.0,0.0,low,0,0,0,0,0.0,0.0,0.0,0.0,0.0,0.0,0.0,0,0.0,0,0,0,0,0,0,0
4,51fce8a0-5d3e-4fdf-80ac-af941191d4f9,f41a348c-c5ae-43e8-bf50-07c8cc393b6c,蓝军切尔西,True,54a63fc2-c1e8-4ab0-a34b-308f9800ea0b,17,72.53,83.5,0.0,0.0,0.0,low,0,0,0,0,0.0,0.0,0.0,0.0,0.0,0.0,0.0,0,0.0,0,0,0,0,0,0,0
4,51fce8a0-5d3e-4fdf-80ac-af941191d4f9,f41f580e-c140-4c1a-923e-3a4dbda2fc99,潘帕斯草,True,e7a9bf87-dfe2-458d-86fe-adc205046e02,17,68.59,80.38,0.0,0.0,0.0,low,0,0,0,0,0.0,0.0,0.0,0.0,0.0,0.0,0.0,0,0.0,0,0,0,0,0,0,0
4,51fce8a0-5d3e-4fdf-80ac-af941191d4f9,f4262bb1-06d5-4a16-a661-b1ed4954ae24,华山剑客,True,ad5a34f4-fbca-4a9a-a52e-9ce3b10ce40d,17,55.88,67.5,0.0,0.0,0.0,low,0,0,0,0,0.0,0.0,0.0,0.0,0.0,0.0,0.0,0,0.0,0,0,0,0,0,0,0
4,51fce8a0-5d3e-4fdf-80ac-af941191d4f9,f4d9fb06-cfc0-4074-90c0-7da829ce580c,少林武僧,True,00a028af-0440-4bf2-af81-504a84e49ef1,17,57.59,68.75,0.0,0.0,0.0,low,0,0,0,0,0.0,0.0,0.0,0.0,0.0,0.0,0.0,0,0.0,0,0,0,0,0,0,0
4,51fce8a0-5d3e-4fdf-80ac-af941191d4f9,f5939f2b-6efb-4407-ac27-f65abb880e63,撒哈拉南,True,2bc74cb7-6f4c-4afc-bbc5-4a4aa39536f6,17,60.94,71.88,0.0,0.0,0.0,low,0,0,0,0,0.0,0.0,0.0,0.0,0.0,0.0,0.0,0,0.0,0,0,0,0,0,0,0
4,51fce8a0-5d3e-4fdf-80ac-af941191d4f9,f66a2648-a75e-4592-82c4-b4d1e700d9cc,桑巴学校,True,2530ea5c-b987-44c9-a1ef-ebe45377ffa9,17,56.0,71.12,0.0,0.0,0.0,low,0,0,0,0,0.0,0.0,0.0,0.0,0.0,0.0,0.0,0,0.0,0,0,0,0,0,0,0
4,51fce8a0-5d3e-4fdf-80ac-af941191d4f9,f84cde3b-14ec-420d-9871-fb34cebdd22f,刚果雨林,True,2bc74cb7-6f4c-4afc-bbc5-4a4aa39536f6,17,59.12,64.38,0.0,0.0,0.0,low,0,0,0,0,0.0,0.0,0.0,0.0,0.0,0.0,0.0,0,0.0,0,0,0,0,0,0,0
4,51fce8a0-5d3e-4fdf-80ac-af941191d4f9,f872aba2-05de-4dbf-97a4-42654a4182df,乞力马扎,True,2bc74cb7-6f4c-4afc-bbc5-4a4aa39536f6,16,55.25,66.12,0.0,0.0,0.0,low,0,0,0,0,0.0,0.0,0.0,0.0,0.0,0.0,0.0,0,0.0,0,0,0,0,0,0,0
4,51fce8a0-5d3e-4fdf-80ac-af941191d4f9,f93e9a06-9ba3-4d0c-a601-3127202e51bc,辛巴达航,True,2d556b26-5b30-409c-b95f-7d0d416ed2b6,17,70.06,79.5,0.0,0.0,0.0,low,0,0,0,0,0.0,0.0,0.0,0.0,0.0,0.0,0.0,0,0.0,0,0,0,0,0,0,0
4,51fce8a0-5d3e-4fdf-80ac-af941191d4f9,f97d3021-4829-4c75-81b0-60d43e1585b2,枪手兵工厂,True,54a63fc2-c1e8-4ab0-a34b-308f9800ea0b,17,68.82,82.38,0.0,0.0,0.0,low,0,0,0,0,0.0,0.0,0.0,0.0,0.0,0.0,0.0,0,0.0,0,0,0,0,0,0,0
4,51fce8a0-5d3e-4fdf-80ac-af941191d4f9,fb59c3e0-c5bb-4498-9ec7-5e136319392d,绿白贝蒂,True,5b78fe32-305e-4577-a9e1-7bf72051f53e,17,63.0,76.62,0.0,0.0,0.0,low,0,0,0,0,0.0,0.0,0.0,0.0,0.0,0.0,0.0,0,0.0,0,0,0,0,0,0,0
4,51fce8a0-5d3e-4fdf-80ac-af941191d4f9,fbb91ae5-e21b-4481-a9a3-2e79fe1752af,塞尔塔天,True,5b78fe32-305e-4577-a9e1-7bf72051f53e,17,63.76,71.88,0.0,0.0,0.0,low,0,0,0,0,0.0,0.0,0.0,0.0,0.0,0.0,0.0,0,0.0,0,0,0,0,0,0,0
4,51fce8a0-5d3e-4fdf-80ac-af941191d4f9,fc0f6f10-31bb-492f-b61f-50b886ccd7ad,大马士革,True,f7cb1bdd-18b6-4a84-89c6-b4d1db39b4a8,17,63.12,72.75,0.0,0.0,0.0,low,0,0,0,0,0.0,0.0,0.0,0.0,0.0,0.0,0.0,0,0.0,0,0,0,0,0,0,0
4,51fce8a0-5d3e-4fdf-80ac-af941191d4f9,fc9fa60f-d1fc-4065-b080-df97d534b329,那不勒斯,True,b860026c-ffe5-4485-b75d-1d94142297d0,17,56.47,63.38,0.0,0.0,0.0,low,0,0,0,0,0.0,0.0,0.0,0.0,0.0,0.0,0.0,0,0.0,0,0,0,0,0,0,0
4,51fce8a0-5d3e-4fdf-80ac-af941191d4f9,fd35a1e1-ac34-4c5b-9ac2-6d724cd9048d,食蚁兽长,True,e2939281-7372-489e-88d9-335cae06139a,17,59.71,71.5,0.0,0.0,0.0,low,0,0,0,0,0.0,0.0,0.0,0.0,0.0,0.0,0.0,0,0.0,0,0,0,0,0,0,0
4,51fce8a0-5d3e-4fdf-80ac-af941191d4f9,fdd7809f-6f38-44ad-8c3f-a1be68441084,角马迁徙,True,e888c581-b758-4d51-9584-0755a349fc9c,17,56.35,62.38,0.0,0.0,0.0,low,0,0,0,0,0.0,0.0,0.0,0.0,0.0,0.0,0.0,0,0.0,0,0,0,0,0,0,0
4,51fce8a0-5d3e-4fdf-80ac-af941191d4f9,fec58916-7fd4-4e47-ab7f-b3cd7e8547d6,青龙偃月,True,5d3a53d7-9635-47fe-acfe-780aa0edbae3,17,67.65,82.0,0.0,0.0,0.0,low,0,0,0,0,0.0,0.0,0.0,0.0,0.0,0.0,0.0,0,0.0,0,0,0,0,0,0,0
