season_number,season_id,metric_type,position,players,matches,goals,assists,shots,key_passes,assists_per_key_pass,shots_per_match,goals_per_match,tackles,tackles_succ,interceptions,clearances,blocks,def_actions,tackles_per_match,interceptions_per_match,def_actions_per_match,df_tackles,mf_tackles,df_interceptions,mf_interceptions,df_def_actions,mf_def_actions,df_tackle_share_pct,df_interception_share_pct,df_def_action_share_pct,df_mf_tackle_ratio,df_mf_interception_ratio,player_id,player_name,ovr,passes,warning,goal_assist_total
1,652de4c5-3ffb-42af-9203-8e06a0c6411a,position,FW,605,8543,5254,606,22983,4027,0.15,2.69,0.615,2599,1968,2307,1589,539,7034,0.304,0.27,0.823,,,,,,,,,,,,,,,,,
1,652de4c5-3ffb-42af-9203-8e06a0c6411a,position,MF,954,13509,2327,693,11548,5877,0.118,0.855,0.172,12161,10855,14506,5849,3039,35555,0.9,1.074,2.632,,,,,,,,,,,,,,,,,
1,652de4c5-3ffb-42af-9203-8e06a0c6411a,position,DF,910,9724,125,685,755,4422,0.155,0.078,0.013,29409,26795,32304,15927,9524,87164,3.024,3.322,8.964,,,,,,,,,,,,,,,,,
1,652de4c5-3ffb-42af-9203-8e06a0c6411a,position,GK,300,4329,3,7,106,59,0.119,0.024,0.001,0,0,0,0,0,0,0.0,0.0,0.0,,,,,,,,,,,,,,,,,
1,652de4c5-3ffb-42af-9203-8e06a0c6411a,defense_distribution,,,,,,,,,,,,,,,,,,,,29409,12161,32304,14506,87164,35555,66.58,65.77,67.18,2.418,2.227,,,,,,
1,652de4c5-3ffb-42af-9203-8e06a0c6411a,assist_leader,FW,,17,17,6,,8,0.75,,,,,,,,,,,,,,,,,,,,,,,ff6e29c6-25d8-4d3b-8c12-3875d8743626,杨兴,68.0,209,False,
1,652de4c5-3ffb-42af-9203-8e06a0c6411a,assist_leader,FW,,17,7,6,,15,0.4,,,,,,,,,,,,,,,,,,,,,,,c72b5d8b-dae9-4fbe-b171-c7495757baf0,阿方斯 莫兰,62.0,291,False,
1,652de4c5-3ffb-42af-9203-8e06a0c6411a,assist_leader,DF,,16,0,6,,12,0.5,,,,,,,,,,,,,,,,,,,,,,,d3313328-1fa5-4d55-bbc0-b8045ff445f0,伍锦轩,70.0,501,False,
1,652de4c5-3ffb-42af-9203-8e06a0c6411a,assist_leader,DF,,15,0,6,,11,0.545,,,,,,,,,,,,,,,,,,,,,,,6d0993be-4bba-499d-8829-22089c763f2c,季银,51.0,376,False,
1,652de4c5-3ffb-42af-9203-8e06a0c6411a,assist_leader,MF,,15,1,6,,9,0.667,,,,,,,,,,,,,,,,,,,,,,,2d61f5f5-6d3e-41b0-b396-eb928c806cb6,冯智福,63.0,222,False,
1,652de4c5-3ffb-42af-9203-8e06a0c6411a,assist_leader,DF,,13,0,5,,25,0.2,,,,,,,,,,,,,,,,,,,,,,,c415bcba-7adf-4528-b1e5-852968f2038d,乔埃尔 布劳恩,78.0,390,False,
1,652de4c5-3ffb-42af-9203-8e06a0c6411a,assist_leader,DF,,10,0,5,,4,1.25,,,,,,,,,,,,,,,,,,,,,,,b2e14a82-74cf-4e89-bf76-a3615545249d,徐绍炎,66.0,152,True,
1,652de4c5-3ffb-42af-9203-8e06a0c6411a,assist_leader,DF,,17,0,5,,12,0.417,,,,,,,,,,,,,,,,,,,,,,,e88455a6-1d2b-4eed-9a13-1c94ee3b0f64,敏俊 门,64.0,388,False,
1,652de4c5-3ffb-42af-9203-8e06a0c6411a,assist_leader,FW,,17,12,5,,8,0.625,,,,,,,,,,,,,,,,,,,,,,,8d60f3bb-01cd-4a6f-b558-1a3eaa3682a0,辛西尔 布朗,62.0,248,False,
1,652de4c5-3ffb-42af-9203-8e06a0c6411a,assist_leader,DF,,17,1,5,,18,0.278,,,,,,,,,,,,,,,,,,,,,,,f96be0b9-69db-41fd-b383-126229da0188,董文亚,62.0,368,False,
1,652de4c5-3ffb-42af-9203-8e06a0c6411a,assist_leader,FW,,20,10,5,,7,0.714,,,,,,,,,,,,,,,,,,,,,,,8bc9b087-1ad5-4210-a439-dc3a2e71f271,弗洛里安 施奈德,62.0,180,False,
1,652de4c5-3ffb-42af-9203-8e06a0c6411a,assist_leader,DF,,18,0,5,,8,0.625,,,,,,,,,,,,,,,,,,,,,,,a3756e67-9ef2-4aca-a68c-916363eb3314,阿隆索 金塔纳,59.0,438,False,
1,652de4c5-3ffb-42af-9203-8e06a0c6411a,assist_leader,MF,,15,1,5,,16,0.312,,,,,,,,,,,,,,,,,,,,,,,c05eaf05-8584-4933-88a5-b861212f2495,卢克曼 苏,67.0,270,False,
1,652de4c5-3ffb-42af-9203-8e06a0c6411a,assist_leader,MF,,15,4,4,,8,0.5,,,,,,,,,,,,,,,,,,,,,,,3b84cbad-8275-4ff4-a833-4d4e004de71e,陽真 佐久间,54.0,298,False,
1,652de4c5-3ffb-42af-9203-8e06a0c6411a,assist_leader,DF,,16,0,4,,19,0.211,,,,,,,,,,,,,,,,,,,,,,,0e94e3f9-1348-40e8-b5cd-a1ed31eff2e9,祈 槙,74.0,425,False,
1,652de4c5-3ffb-42af-9203-8e06a0c6411a,assist_leader,FW,,17,8,4,,6,0.667,,,,,,,,,,,,,,,,,,,,,,,0b0d052d-2025-4e41-bb50-e7051cfd8512,雅克 帕里斯,53.0,240,False,
1,652de4c5-3ffb-42af-9203-8e06a0c6411a,assist_leader,FW,,17,9,4,,10,0.4,,,,,,,,,,,,,,,,,,,,,,,f99bf30c-fe6a-4f18-b793-3b2c1603fe62,圣地亚哥 古铁雷斯,59.0,246,False,
1,652de4c5-3ffb-42af-9203-8e06a0c6411a,assist_leader,MF,,18,0,4,,12,0.333,,,,,,,,,,,,,,,,,,,,,,,3b89559c-35d6-48ee-beb0-0701f84bf158,飞 刘,60.0,279,False,
1,652de4c5-3ffb-42af-9203-8e06a0c6411a,assist_leader,DF,,11,1,4,,18,0.222,,,,,,,,,,,,,,,,,,,,,,,5fc6d5b4-d254-4aba-a8c2-71c3b09bc30e,居尔普 哈桑,61.0,314,False,
1,652de4c5-3ffb-42af-9203-8e06a0c6411a,assist_leader,DF,,16,0,4,,16,0.25,,,,,,,,,,,,,,,,,,,,,,,5f694651-ed76-42ba-bca7-8935312c60cb,谭洪,62.0,364,False,
1,652de4c5-3ffb-42af-9203-8e06a0c6411a,assist_leader,FW,,18,12,4,,9,0.444,,,,,,,,,,,,,,,,,,,,,,,8a1d830b-1825-4e4a-a47d-9c993319eb21,肯尼迪 莱尔,52.0,260,False,
1,652de4c5-3ffb-42af-9203-8e06a0c6411a,assist_leader,FW,,17,14,4,,12,0.333,,,,,,,,,,,,,,,,,,,,,,,22953d2e-e879-4044-8820-dca68c06ffcb,巴萨姆 杰姆,60.0,284,False,
1,652de4c5-3ffb-42af-9203-8e06a0c6411a,assist_leader,FW,,19,12,4,,15,0.267,,,,,,,,,,,,,,,,,,,,,,,1bbe493e-3001-4888-bdf2-2471d68b23ee,福斯特 奎因,72.0,246,False,
1,652de4c5-3ffb-42af-9203-8e06a0c6411a,assist_leader,DF,,15,0,4,,15,0.267,,,,,,,,,,,,,,,,,,,,,,,98468664-befd-4fb9-8c4c-9e12430f9c67,罗德里格 费拉里,53.0,472,False,
1,652de4c5-3ffb-42af-9203-8e06a0c6411a,assist_leader,DF,,18,1,4,,12,0.333,,,,,,,,,,,,,,,,,,,,,,,e233dba6-7ff0-4ebc-b9e2-a43b0a5821c9,乔黎洋,60.0,396,False,
1,652de4c5-3ffb-42af-9203-8e06a0c6411a,assist_leader,FW,,18,19,4,,19,0.211,,,,,,,,,,,,,,,,,,,,,,,37c0697d-dbf8-46ad-9aca-06dab9aac8b8,熊刚文,63.0,360,False,
1,652de4c5-3ffb-42af-9203-8e06a0c6411a,assist_leader,DF,,15,0,4,,8,0.5,,,,,,,,,,,,,,,,,,,,,,,d74e843b-1748-4047-acc4-e7b758539f12,兹齐斯瓦夫 沃伊切赫,60.0,441,False,
1,652de4c5-3ffb-42af-9203-8e06a0c6411a,assist_leader,FW,,16,6,4,,18,0.222,,,,,,,,,,,,,,,,,,,,,,,69f29298-ae31-4d9e-886e-43fb16d035e8,斯蒂芬 钱伯斯,64.0,242,False,
1,652de4c5-3ffb-42af-9203-8e06a0c6411a,assist_leader,DF,,15,0,4,,16,0.25,,,,,,,,,,,,,,,,,,,,,,,49301804-8264-462a-ada1-8e50fae3d292,长孙文昱,65.0,397,False,
1,652de4c5-3ffb-42af-9203-8e06a0c6411a,assist_leader,DF,,15,0,4,,17,0.235,,,,,,,,,,,,,,,,,,,,,,,bb79e57b-dacb-4104-897d-75dc0461e14b,兰迪 拉森,78.0,544,False,
1,652de4c5-3ffb-42af-9203-8e06a0c6411a,low_ovr_high_output,FW,,15,26,2,73,,,,,,,,,,,,,,,,,,,,,,,,,58c38fe0-e336-4746-846f-38fe98b66a38,弗兰克 斯特伦曼,56.0,,,28
1,652de4c5-3ffb-42af-9203-8e06a0c6411a,low_ovr_high_output,FW,,15,24,3,63,,,,,,,,,,,,,,,,,,,,,,,,,17ba514d-b58d-4b28-8dc0-e1dc7b0f0a79,普雷斯顿 拉赫曼,64.0,,,27
1,652de4c5-3ffb-42af-9203-8e06a0c6411a,low_ovr_high_output,FW,,15,23,3,59,,,,,,,,,,,,,,,,,,,,,,,,,844be665-56d8-43ed-a681-8f86e707a4b8,希蒙 舒瓦洛夫,64.0,,,26
1,652de4c5-3ffb-42af-9203-8e06a0c6411a,low_ovr_high_output,FW,,19,24,2,55,,,,,,,,,,,,,,,,,,,,,,,,,9807529b-66ec-4df4-b475-66e63aa7662c,罗天随,62.0,,,26
1,652de4c5-3ffb-42af-9203-8e06a0c6411a,low_ovr_high_output,FW,,16,23,2,69,,,,,,,,,,,,,,,,,,,,,,,,,c9978591-4f06-4f38-859c-da4b12fe114c,哈里 吉尔斯,64.0,,,25
1,652de4c5-3ffb-42af-9203-8e06a0c6411a,low_ovr_high_output,FW,,16,24,1,69,,,,,,,,,,,,,,,,,,,,,,,,,64fdfdb3-7755-4de2-8aff-a0d31c435a6c,易鸿明,50.0,,,25
1,652de4c5-3ffb-42af-9203-8e06a0c6411a,low_ovr_high_output,FW,,18,19,4,66,,,,,,,,,,,,,,,,,,,,,,,,,37c0697d-dbf8-46ad-9aca-06dab9aac8b8,熊刚文,63.0,,,23
1,652de4c5-3ffb-42af-9203-8e06a0c6411a,low_ovr_high_output,FW,,19,20,3,75,,,,,,,,,,,,,,,,,,,,,,,,,faef0aa0-747b-4872-8cc7-1caffc5edd79,阿斯格 约根森,64.0,,,23
1,652de4c5-3ffb-42af-9203-8e06a0c6411a,low_ovr_high_output,FW,,17,19,3,65,,,,,,,,,,,,,,,,,,,,,,,,,0853efd5-9733-452e-b328-6064c0cec6c4,硕 稀,63.0,,,22
1,652de4c5-3ffb-42af-9203-8e06a0c6411a,low_ovr_high_output,FW,,15,19,2,48,,,,,,,,,,,,,,,,,,,,,,,,,f5620de5-fecd-474b-b708-bab7bb32f83a,布赖恩特 米切尔,49.0,,,21
1,652de4c5-3ffb-42af-9203-8e06a0c6411a,low_ovr_high_output,FW,,17,20,1,57,,,,,,,,,,,,,,,,,,,,,,,,,d6fb9bcd-4cc2-47fe-8e6d-b90bf852d7c6,克劳斯 沃尔夫,59.0,,,21
1,652de4c5-3ffb-42af-9203-8e06a0c6411a,low_ovr_high_output,FW,,16,19,2,68,,,,,,,,,,,,,,,,,,,,,,,,,26334c9c-8ad8-4bcf-abd3-785be95f5cbf,鲜于伟奇,59.0,,,21
1,652de4c5-3ffb-42af-9203-8e06a0c6411a,low_ovr_high_output,FW,,17,19,2,50,,,,,,,,,,,,,,,,,,,,,,,,,85c161c4-f0c7-40ad-97b9-3db9d1fe5daf,瓦列里 西多连科,59.0,,,21
1,652de4c5-3ffb-42af-9203-8e06a0c6411a,low_ovr_high_output,FW,,20,18,3,54,,,,,,,,,,,,,,,,,,,,,,,,,af7eb636-5951-4184-9faf-d60db114a444,基思 贾奇,63.0,,,21
1,652de4c5-3ffb-42af-9203-8e06a0c6411a,low_ovr_high_output,FW,,18,19,1,51,,,,,,,,,,,,,,,,,,,,,,,,,95b68873-9dfd-439f-86d3-0c34198e745d,丹尼尔 福格特,63.0,,,20
1,652de4c5-3ffb-42af-9203-8e06a0c6411a,low_ovr_high_output,FW,,17,18,2,70,,,,,,,,,,,,,,,,,,,,,,,,,e3487146-0211-4aab-874b-5c260a07d84b,奥兰多 史密斯,63.0,,,20
1,652de4c5-3ffb-42af-9203-8e06a0c6411a,low_ovr_high_output,FW,,15,18,2,50,,,,,,,,,,,,,,,,,,,,,,,,,780171b0-36b2-4608-8259-ca91be2af40c,莱昂德尔 韦斯,58.0,,,20
1,652de4c5-3ffb-42af-9203-8e06a0c6411a,low_ovr_high_output,FW,,13,17,3,55,,,,,,,,,,,,,,,,,,,,,,,,,b1bbf4a2-7295-46cc-bd51-14d8862799c9,丹尼尔 洛伦佐,64.0,,,20
1,652de4c5-3ffb-42af-9203-8e06a0c6411a,low_ovr_high_output,FW,,18,16,3,62,,,,,,,,,,,,,,,,,,,,,,,,,426e3beb-0351-48e2-9b04-45eddda140ba,唐绍生,64.0,,,19
1,652de4c5-3ffb-42af-9203-8e06a0c6411a,low_ovr_high_output,FW,,17,19,0,81,,,,,,,,,,,,,,,,,,,,,,,,,a0071d0b-9b12-405a-9271-73e0d417b3e1,姚文铭,62.0,,,19
1,652de4c5-3ffb-42af-9203-8e06a0c6411a,low_ovr_high_output,FW,,17,18,1,58,,,,,,,,,,,,,,,,,,,,,,,,,fea9c6ae-723c-4c55-abfc-53c94eb02d28,林试,54.0,,,19
1,652de4c5-3ffb-42af-9203-8e06a0c6411a,low_ovr_high_output,FW,,17,18,1,59,,,,,,,,,,,,,,,,,,,,,,,,,3300abe4-d984-4e50-9d9b-4b41876d2436,艾萨克 马什,48.0,,,19
1,652de4c5-3ffb-42af-9203-8e06a0c6411a,low_ovr_high_output,FW,,19,18,1,71,,,,,,,,,,,,,,,,,,,,,,,,,cc502920-d7fc-42ea-ac74-6bdb48c8fada,郭湘平,64.0,,,19
1,652de4c5-3ffb-42af-9203-8e06a0c6411a,low_ovr_high_output,FW,,15,16,2,55,,,,,,,,,,,,,,,,,,,,,,,,,e4c978b4-7dfb-4b67-8f39-7db43a3c5cd6,费奥多尔 尤里耶夫,54.0,,,18
1,652de4c5-3ffb-42af-9203-8e06a0c6411a,low_ovr_high_output,FW,,15,15,3,54,,,,,,,,,,,,,,,,,,,,,,,,,f88ad071-080c-4e46-991a-ca586e528d74,周绍畅,59.0,,,18
1,652de4c5-3ffb-42af-9203-8e06a0c6411a,low_ovr_high_output,FW,,17,14,4,63,,,,,,,,,,,,,,,,,,,,,,,,,22953d2e-e879-4044-8820-dca68c06ffcb,巴萨姆 杰姆,60.0,,,18
1,652de4c5-3ffb-42af-9203-8e06a0c6411a,low_ovr_high_output,FW,,15,18,0,54,,,,,,,,,,,,,,,,,,,,,,,,,f2d35893-91cf-4ca2-974c-0c2c77940ca1,鲜于涵宇,52.0,,,18
1,652de4c5-3ffb-42af-9203-8e06a0c6411a,low_ovr_high_output,FW,,17,17,1,44,,,,,,,,,,,,,,,,,,,,,,,,,089896e5-8ed9-4ddd-9972-4bc891e342f2,基 牟,61.0,,,18
1,652de4c5-3ffb-42af-9203-8e06a0c6411a,low_ovr_high_output,FW,,15,16,2,49,,,,,,,,,,,,,,,,,,,,,,,,,10859957-e32b-4e4a-82c3-2cf17e95d301,梁兴峰,64.0,,,18
1,652de4c5-3ffb-42af-9203-8e06a0c6411a,low_ovr_high_output,FW,,18,15,2,62,,,,,,,,,,,,,,,,,,,,,,,,,b80635ef-80a1-407d-b088-fbbfbfe1ccd0,忒修斯 法拉利,51.0,,,17
2,2b6b23bb-e7cd-46fd-b899-a0a9e3a96237,position,FW,621,8746,5521,581,23729,4231,0.137,2.713,0.631,2677,2036,2242,1608,644,7171,0.306,0.256,0.82,,,,,,,,,,,,,,,,,
2,2b6b23bb-e7cd-46fd-b899-a0a9e3a96237,position,MF,919,13264,2209,668,11404,6020,0.111,0.86,0.167,11489,10288,14058,5428,2936,33911,0.866,1.06,2.557,,,,,,,,,,,,,,,,,
2,2b6b23bb-e7cd-46fd-b899-a0a9e3a96237,position,DF,904,9828,124,645,787,4453,0.145,0.08,0.013,28570,25856,31791,15864,9777,86002,2.907,3.235,8.751,,,,,,,,,,,,,,,,,
2,2b6b23bb-e7cd-46fd-b899-a0a9e3a96237,position,GK,310,4336,5,2,109,77,0.026,0.025,0.001,0,0,0,0,0,0,0.0,0.0,0.0,,,,,,,,,,,,,,,,,
2,2b6b23bb-e7cd-46fd-b899-a0a9e3a96237,defense_distribution,,,,,,,,,,,,,,,,,,,,28570,11489,31791,14058,86002,33911,66.85,66.11,67.67,2.487,2.261,,,,,,
2,2b6b23bb-e7cd-46fd-b899-a0a9e3a96237,assist_leader,DF,,15,0,7,,18,0.389,,,,,,,,,,,,,,,,,,,,,,,3cd08bd8-17ab-4666-ac24-6b3b93a10f0c,赫 苏,67.0,404,False,
2,2b6b23bb-e7cd-46fd-b899-a0a9e3a96237,assist_leader,DF,,17,0,6,,12,0.5,,,,,,,,,,,,,,,,,,,,,,,e462ce73-c80a-441a-bd71-d1d4a7f426aa,约瑟夫 博加乔夫,73.0,490,False,
2,2b6b23bb-e7cd-46fd-b899-a0a9e3a96237,assist_leader,DF,,18,0,6,,11,0.545,,,,,,,,,,,,,,,,,,,,,,,ff694db0-c1e2-4dfc-8702-282049fe12a2,齐西斯 塞拉,68.0,397,False,
2,2b6b23bb-e7cd-46fd-b899-a0a9e3a96237,assist_leader,FW,,15,11,6,,6,1.0,,,,,,,,,,,,,,,,,,,,,,,92a88ed1-54ce-48c4-90aa-ec5dc2a6c34e,伊万 屠格涅夫,54.0,214,False,
2,2b6b23bb-e7cd-46fd-b899-a0a9e3a96237,assist_leader,DF,,15,0,6,,13,0.462,,,,,,,,,,,,,,,,,,,,,,,5f694651-ed76-42ba-bca7-8935312c60cb,谭洪,62.0,381,False,
2,2b6b23bb-e7cd-46fd-b899-a0a9e3a96237,assist_leader,FW,,18,13,5,,15,0.333,,,,,,,,,,,,,,,,,,,,,,,57e6141f-d7f4-4cdd-bb06-022c962c5df6,奥克塔维奥 阿吉拉尔,71.0,283,False,
2,2b6b23bb-e7cd-46fd-b899-a0a9e3a96237,assist_leader,DF,,17,0,5,,5,1.0,,,,,,,,,,,,,,,,,,,,,,,6bc4d0b1-ec00-4473-abc7-3a3d4dc1ed10,埃赫桑 卡里姆,70.0,443,False,
2,2b6b23bb-e7cd-46fd-b899-a0a9e3a96237,assist_leader,DF,,19,1,5,,14,0.357,,,,,,,,,,,,,,,,,,,,,,,be4dff2b-6a06-4ebe-b793-180a769d65f9,安东 叶戈罗夫,74.0,539,False,
2,2b6b23bb-e7cd-46fd-b899-a0a9e3a96237,assist_leader,FW,,15,9,5,,8,0.625,,,,,,,,,,,,,,,,,,,,,,,e4c978b4-7dfb-4b67-8f39-7db43a3c5cd6,费奥多尔 尤里耶夫,55.0,179,False,
2,2b6b23bb-e7cd-46fd-b899-a0a9e3a96237,assist_leader,DF,,17,0,5,,10,0.5,,,,,,,,,,,,,,,,,,,,,,,0202ac02-daa1-4d4c-be4c-398933dfe52d,艾哈迈德 亚当斯,55.0,449,False,
2,2b6b23bb-e7cd-46fd-b899-a0a9e3a96237,assist_leader,MF,,16,6,5,,19,0.263,,,,,,,,,,,,,,,,,,,,,,,d319528d-0535-4f36-9712-f04ebf5696c5,韩康明,68.0,345,False,
2,2b6b23bb-e7cd-46fd-b899-a0a9e3a96237,assist_leader,DF,,15,0,5,,28,0.179,,,,,,,,,,,,,,,,,,,,,,,f96be0b9-69db-41fd-b383-126229da0188,董文亚,67.0,397,False,
2,2b6b23bb-e7cd-46fd-b899-a0a9e3a96237,assist_leader,MF,,16,4,5,,10,0.5,,,,,,,,,,,,,,,,,,,,,,,a0603450-3ee4-41fd-ab85-f7b9972afcd0,索尔维 舍曼,66.0,375,False,
2,2b6b23bb-e7cd-46fd-b899-a0a9e3a96237,assist_leader,MF,,20,3,5,,10,0.5,,,,,,,,,,,,,,,,,,,,,,,3780fa1e-1c71-423f-acbe-d95fb1540b6c,法维奥 基耶利尼,48.0,255,False,
2,2b6b23bb-e7cd-46fd-b899-a0a9e3a96237,assist_leader,DF,,17,0,5,,5,1.0,,,,,,,,,,,,,,,,,,,,,,,06851cf5-9943-44e4-b390-494747df6f56,贝恩哈德 莫雷诺,59.0,374,False,
2,2b6b23bb-e7cd-46fd-b899-a0a9e3a96237,assist_leader,MF,,16,1,5,,26,0.192,,,,,,,,,,,,,,,,,,,,,,,a4794791-4760-49c7-88b5-f56a88a2c7d2,史平浩,62.0,331,False,
2,2b6b23bb-e7cd-46fd-b899-a0a9e3a96237,assist_leader,MF,,16,3,5,,8,0.625,,,,,,,,,,,,,,,,,,,,,,,cc792acd-71f7-4f20-a857-49c594d1e199,德拉甘 赫迪诺娃,61.0,267,False,
2,2b6b23bb-e7cd-46fd-b899-a0a9e3a96237,assist_leader,FW,,18,14,5,,17,0.294,,,,,,,,,,,,,,,,,,,,,,,40247ab6-b202-472c-b073-f390dc83eace,秀 马场,76.0,354,False,
2,2b6b23bb-e7cd-46fd-b899-a0a9e3a96237,assist_leader,FW,,16,16,5,,14,0.357,,,,,,,,,,,,,,,,,,,,,,,7d4ad36b-dd1a-480e-b375-b2c2ae976314,悠斗 长野,64.0,327,False,
2,2b6b23bb-e7cd-46fd-b899-a0a9e3a96237,assist_leader,MF,,13,2,5,,6,0.833,,,,,,,,,,,,,,,,,,,,,,,85be7c00-1ff1-4c8a-bfc4-cd297efa69c4,塔基布 埃尔坎,58.0,249,False,
2,2b6b23bb-e7cd-46fd-b899-a0a9e3a96237,assist_leader,MF,,15,5,5,,9,0.556,,,,,,,,,,,,,,,,,,,,,,,86ce3a28-d980-4b05-b179-e036c7d98e70,普图 克里安凯,64.0,257,False,
2,2b6b23bb-e7cd-46fd-b899-a0a9e3a96237,assist_leader,FW,,19,12,4,,8,0.5,,,,,,,,,,,,,,,,,,,,,,,cc502920-d7fc-42ea-ac74-6bdb48c8fada,郭湘平,68.0,263,False,
2,2b6b23bb-e7cd-46fd-b899-a0a9e3a96237,assist_leader,FW,,20,11,4,,12,0.333,,,,,,,,,,,,,,,,,,,,,,,aef74def-65f4-4fe9-aa77-b3c8256a04bd,马凯 库珀,61.0,222,False,
2,2b6b23bb-e7cd-46fd-b899-a0a9e3a96237,assist_leader,DF,,16,0,4,,8,0.5,,,,,,,,,,,,,,,,,,,,,,,a08a6cce-b0d5-4ced-8744-72701f3de856,尼克拉斯 瓦格纳,59.0,501,False,
2,2b6b23bb-e7cd-46fd-b899-a0a9e3a96237,assist_leader,FW,,17,10,4,,10,0.4,,,,,,,,,,,,,,,,,,,,,,,ff6e29c6-25d8-4d3b-8c12-3875d8743626,杨兴,63.0,195,False,
2,2b6b23bb-e7cd-46fd-b899-a0a9e3a96237,assist_leader,DF,,15,0,4,,26,0.154,,,,,,,,,,,,,,,,,,,,,,,db600a44-ed66-4141-81b5-1267e51dbdf0,宋形,71.0,413,False,
2,2b6b23bb-e7cd-46fd-b899-a0a9e3a96237,assist_leader,MF,,17,4,4,,9,0.444,,,,,,,,,,,,,,,,,,,,,,,312fedbb-0d0b-482a-84c2-717a451465ce,钟文田,71.0,327,False,
2,2b6b23bb-e7cd-46fd-b899-a0a9e3a96237,assist_leader,MF,,16,4,4,,6,0.667,,,,,,,,,,,,,,,,,,,,,,,5380d9eb-8cf3-4e90-9ee4-813d9f7de3cb,埃米利奥 德尔加多,62.0,334,False,
2,2b6b23bb-e7cd-46fd-b899-a0a9e3a96237,assist_leader,FW,,17,10,4,,7,0.571,,,,,,,,,,,,,,,,,,,,,,,b9ae6d16-97e4-446a-92fe-8b395ccc5793,泽诺 曼奇尼,46.0,179,False,
2,2b6b23bb-e7cd-46fd-b899-a0a9e3a96237,assist_leader,FW,,16,22,4,,7,0.571,,,,,,,,,,,,,,,,,,,,,,,7a525e18-c1b6-46f2-b82f-0b099d1fe17b,贾绍祥,62.0,249,False,
2,2b6b23bb-e7cd-46fd-b899-a0a9e3a96237,low_ovr_high_output,FW,,16,22,4,52,,,,,,,,,,,,,,,,,,,,,,,,,7a525e18-c1b6-46f2-b82f-0b099d1fe17b,贾绍祥,62.0,,,26
2,2b6b23bb-e7cd-46fd-b899-a0a9e3a96237,low_ovr_high_output,FW,,19,21,1,64,,,,,,,,,,,,,,,,,,,,,,,,,126d3f9d-b427-454b-a7c1-77a2b00d348e,迪奥戈 托蒂,53.0,,,22
2,2b6b23bb-e7cd-46fd-b899-a0a9e3a96237,low_ovr_high_output,FW,,15,20,2,55,,,,,,,,,,,,,,,,,,,,,,,,,794260f8-67b1-4b81-a1c9-4a0d09f4e881,普林斯顿 史密斯,49.0,,,22
2,2b6b23bb-e7cd-46fd-b899-a0a9e3a96237,low_ovr_high_output,FW,,18,21,0,62,,,,,,,,,,,,,,,,,,,,,,,,,ce5b2524-4f30-4e1c-a49e-07dfa373d51d,以诺 吉尔斯,62.0,,,21
2,2b6b23bb-e7cd-46fd-b899-a0a9e3a96237,low_ovr_high_output,FW,,16,16,5,63,,,,,,,,,,,,,,,,,,,,,,,,,7d4ad36b-dd1a-480e-b375-b2c2ae976314,悠斗 长野,64.0,,,21
2,2b6b23bb-e7cd-46fd-b899-a0a9e3a96237,low_ovr_high_output,FW,,17,20,0,57,,,,,,,,,,,,,,,,,,,,,,,,,7b0cb697-dbbf-45bf-b754-bf4d8b873446,沈文煜,58.0,,,20
2,2b6b23bb-e7cd-46fd-b899-a0a9e3a96237,low_ovr_high_output,FW,,18,19,1,68,,,,,,,,,,,,,,,,,,,,,,,,,3ad2910e-7333-4a38-8b8c-2544986c122c,大輔 矢口,60.0,,,20
2,2b6b23bb-e7cd-46fd-b899-a0a9e3a96237,low_ovr_high_output,FW,,19,19,1,68,,,,,,,,,,,,,,,,,,,,,,,,,70883476-03eb-4555-8f6a-a3e0b68b5d0a,阿尔曼多 西里古,60.0,,,20
2,2b6b23bb-e7cd-46fd-b899-a0a9e3a96237,low_ovr_high_output,FW,,17,19,0,56,,,,,,,,,,,,,,,,,,,,,,,,,411cee28-5995-4956-9b79-bdad4ff3e179,马克西姆 霍尔登,62.0,,,19
2,2b6b23bb-e7cd-46fd-b899-a0a9e3a96237,low_ovr_high_output,FW,,20,17,2,72,,,,,,,,,,,,,,,,,,,,,,,,,26334c9c-8ad8-4bcf-abd3-785be95f5cbf,鲜于伟奇,54.0,,,19
2,2b6b23bb-e7cd-46fd-b899-a0a9e3a96237,low_ovr_high_output,FW,,16,16,3,52,,,,,,,,,,,,,,,,,,,,,,,,,4eff2226-108e-45ed-b72c-07cef7d2483b,多米尼克 艾希,63.0,,,19
2,2b6b23bb-e7cd-46fd-b899-a0a9e3a96237,low_ovr_high_output,FW,,19,16,3,60,,,,,,,,,,,,,,,,,,,,,,,,,344a38f3-a7ce-4cf4-b372-104f238437d7,瓦尔德马 阿斯克兰德,62.0,,,19
2,2b6b23bb-e7cd-46fd-b899-a0a9e3a96237,low_ovr_high_output,FW,,16,19,0,47,,,,,,,,,,,,,,,,,,,,,,,,,89104dc1-0e05-4ca1-ab85-5787c93883f8,苏高峻,58.0,,,19
2,2b6b23bb-e7cd-46fd-b899-a0a9e3a96237,low_ovr_high_output,FW,,16,15,3,44,,,,,,,,,,,,,,,,,,,,,,,,,2e4348bc-dc1d-42f8-9787-527010c54973,薛杉,61.0,,,18
2,2b6b23bb-e7cd-46fd-b899-a0a9e3a96237,low_ovr_high_output,FW,,17,17,1,63,,,,,,,,,,,,,,,,,,,,,,,,,da410251-f269-4123-a405-37a3dbe7639b,斯特凡诺斯 费拉罗,63.0,,,18
2,2b6b23bb-e7cd-46fd-b899-a0a9e3a96237,low_ovr_high_output,FW,,17,16,1,43,,,,,,,,,,,,,,,,,,,,,,,,,a1258e78-ea60-4198-a12a-53ca7041393d,埃内斯托 猜,64.0,,,17
2,2b6b23bb-e7cd-46fd-b899-a0a9e3a96237,low_ovr_high_output,FW,,21,17,0,87,,,,,,,,,,,,,,,,,,,,,,,,,71dbd8a7-90bd-47c0-bf71-07a1af62a24a,珉奎 井,59.0,,,17
2,2b6b23bb-e7cd-46fd-b899-a0a9e3a96237,low_ovr_high_output,FW,,15,16,1,58,,,,,,,,,,,,,,,,,,,,,,,,,d39cbc00-1732-41a1-b6d5-38e5e7b9df3a,艾哈迈德 察猜,59.0,,,17
2,2b6b23bb-e7cd-46fd-b899-a0a9e3a96237,low_ovr_high_output,FW,,16,16,1,58,,,,,,,,,,,,,,,,,,,,,,,,,c8ea4748-c3b3-4290-9e69-42424a4656e0,史赋,60.0,,,17
2,2b6b23bb-e7cd-46fd-b899-a0a9e3a96237,low_ovr_high_output,FW,,17,17,0,68,,,,,,,,,,,,,,,,,,,,,,,,,426e3beb-0351-48e2-9b04-45eddda140ba,唐绍生,59.0,,,17
2,2b6b23bb-e7cd-46fd-b899-a0a9e3a96237,low_ovr_high_output,FW,,15,11,6,44,,,,,,,,,,,,,,,,,,,,,,,,,92a88ed1-54ce-48c4-90aa-ec5dc2a6c34e,伊万 屠格涅夫,54.0,,,17
2,2b6b23bb-e7cd-46fd-b899-a0a9e3a96237,low_ovr_high_output,FW,,16,16,1,47,,,,,,,,,,,,,,,,,,,,,,,,,c0468a08-a66c-4359-b65d-793f552ae040,詹姆森 沙利文,54.0,,,17
2,2b6b23bb-e7cd-46fd-b899-a0a9e3a96237,low_ovr_high_output,FW,,20,17,0,54,,,,,,,,,,,,,,,,,,,,,,,,,9807529b-66ec-4df4-b475-66e63aa7662c,罗天随,61.0,,,17
2,2b6b23bb-e7cd-46fd-b899-a0a9e3a96237,low_ovr_high_output,FW,,16,15,2,43,,,,,,,,,,,,,,,,,,,,,,,,,85c161c4-f0c7-40ad-97b9-3db9d1fe5daf,瓦列里 西多连科,59.0,,,17
2,2b6b23bb-e7cd-46fd-b899-a0a9e3a96237,low_ovr_high_output,FW,,16,13,4,39,,,,,,,,,,,,,,,,,,,,,,,,,0c57401e-8e19-4815-898c-6859431e4c2f,何昊腾,52.0,,,17
2,2b6b23bb-e7cd-46fd-b899-a0a9e3a96237,low_ovr_high_output,FW,,21,14,3,62,,,,,,,,,,,,,,,,,,,,,,,,,9af3d58a-8722-4566-bed7-eaecfb10223d,慕容亮彬,64.0,,,17
2,2b6b23bb-e7cd-46fd-b899-a0a9e3a96237,low_ovr_high_output,FW,,18,17,0,67,,,,,,,,,,,,,,,,,,,,,,,,,129a49d7-d084-4c0d-bcf7-c036396fc3ba,莱奥 瓦尔德,63.0,,,17
2,2b6b23bb-e7cd-46fd-b899-a0a9e3a96237,low_ovr_high_output,FW,,18,16,0,72,,,,,,,,,,,,,,,,,,,,,,,,,da029eb8-fd6d-4708-870b-951d7d19172f,汤文研,59.0,,,16
2,2b6b23bb-e7cd-46fd-b899-a0a9e3a96237,low_ovr_high_output,FW,,16,16,0,52,,,,,,,,,,,,,,,,,,,,,,,,,157bdc38-09b4-4ed6-b2f1-9bd478a54d86,伊万 福格尔,63.0,,,16
2,2b6b23bb-e7cd-46fd-b899-a0a9e3a96237,low_ovr_high_output,FW,,17,15,1,51,,,,,,,,,,,,,,,,,,,,,,,,,298efccf-e661-44f0-bbbb-77236cf96090,袁宇霸,64.0,,,16
3,cb06dd19-381c-4513-8a9b-17b6e349adde,position,FW,638,8884,5804,583,24133,4159,0.14,2.716,0.653,2531,1932,2215,1635,630,7011,0.285,0.249,0.789,,,,,,,,,,,,,,,,,
3,cb06dd19-381c-4513-8a9b-17b6e349adde,position,MF,912,13201,2264,711,11524,5864,0.121,0.873,0.172,10786,9517,13672,5240,2967,32665,0.817,1.036,2.474,,,,,,,,,,,,,,,,,
3,cb06dd19-381c-4513-8a9b-17b6e349adde,position,DF,887,9755,150,693,819,4533,0.153,0.084,0.015,27336,24714,30961,15306,9788,83391,2.802,3.174,8.549,,,,,,,,,,,,,,,,,
3,cb06dd19-381c-4513-8a9b-17b6e349adde,position,GK,320,4354,5,7,104,77,0.091,0.024,0.001,0,0,0,0,0,0,0.0,0.0,0.0,,,,,,,,,,,,,,,,,
3,cb06dd19-381c-4513-8a9b-17b6e349adde,defense_distribution,,,,,,,,,,,,,,,,,,,,27336,10786,30961,13672,83391,32665,67.24,66.09,67.76,2.534,2.265,,,,,,
3,cb06dd19-381c-4513-8a9b-17b6e349adde,assist_leader,DF,,21,1,7,,19,0.368,,,,,,,,,,,,,,,,,,,,,,,4cbbe4a8-4ff1-4d7d-b940-3ba5668fe73f,石追,79.0,476,False,
3,cb06dd19-381c-4513-8a9b-17b6e349adde,assist_leader,DF,,19,0,6,,28,0.214,,,,,,,,,,,,,,,,,,,,,,,1b1ee2ea-02a4-4cd7-894f-95bd8eac0baf,伊阿宋 巴斯克斯,75.0,528,False,
3,cb06dd19-381c-4513-8a9b-17b6e349adde,assist_leader,DF,,14,0,6,,10,0.6,,,,,,,,,,,,,,,,,,,,,,,49bc4405-46a1-4006-8afd-a94858f8a0d4,杰迪代亚 凯恩,71.0,350,False,
3,cb06dd19-381c-4513-8a9b-17b6e349adde,assist_leader,MF,,15,7,6,,23,0.261,,,,,,,,,,,,,,,,,,,,,,,72e57fb7-df63-4a57-aaae-caac3fefa3f5,阿尔弗雷德 欧文斯,79.0,405,False,
3,cb06dd19-381c-4513-8a9b-17b6e349adde,assist_leader,MF,,15,0,5,,18,0.278,,,,,,,,,,,,,,,,,,,,,,,a6b21e52-c22d-4c74-8ff1-8777213ddbb7,阿隆 郑,39.0,249,False,
3,cb06dd19-381c-4513-8a9b-17b6e349adde,assist_leader,DF,,17,1,5,,32,0.156,,,,,,,,,,,,,,,,,,,,,,,0276f8c9-480f-41b8-98a7-d8cacd0f9541,沃伊切赫 诺沃特娜,55.0,415,False,
3,cb06dd19-381c-4513-8a9b-17b6e349adde,assist_leader,DF,,17,0,5,,14,0.357,,,,,,,,,,,,,,,,,,,,,,,c316a5bc-8def-46bb-999a-a23b626dddd0,徐嘉平,73.0,485,False,
3,cb06dd19-381c-4513-8a9b-17b6e349adde,assist_leader,FW,,17,17,5,,11,0.455,,,,,,,,,,,,,,,,,,,,,,,64393686-9156-4972-9abd-c5267cb6cc26,穆罕默德 卡拉布里亚,73.0,263,False,
3,cb06dd19-381c-4513-8a9b-17b6e349adde,assist_leader,FW,,16,3,5,,15,0.333,,,,,,,,,,,,,,,,,,,,,,,4361ac8e-3cf4-49b0-8ca2-3af23ef57d18,武 阮,56.0,247,False,
3,cb06dd19-381c-4513-8a9b-17b6e349adde,assist_leader,DF,,16,0,5,,17,0.294,,,,,,,,,,,,,,,,,,,,,,,23651884-95b6-4e4d-a3a6-8b516f09c72c,萨尔瓦托雷 莫里斯,65.0,432,False,
3,cb06dd19-381c-4513-8a9b-17b6e349adde,assist_leader,MF,,19,1,5,,10,0.5,,,,,,,,,,,,,,,,,,,,,,,3d372a3f-b245-4417-a552-015ef1725494,帕蓬 苏里亚,60.0,347,False,
3,cb06dd19-381c-4513-8a9b-17b6e349adde,assist_leader,DF,,15,0,5,,9,0.556,,,,,,,,,,,,,,,,,,,,,,,d99763b1-2173-4637-940f-27582fd2372e,安文瑾,71.0,368,False,
3,cb06dd19-381c-4513-8a9b-17b6e349adde,assist_leader,MF,,18,1,5,,4,1.25,,,,,,,,,,,,,,,,,,,,,,,dc58dedd-e9b0-45fe-bf1e-e67974ae8a96,扎伊登 巴尼特,73.0,455,True,
3,cb06dd19-381c-4513-8a9b-17b6e349adde,assist_leader,MF,,17,2,5,,22,0.227,,,,,,,,,,,,,,,,,,,,,,,ca54cc36-3fd1-4427-8e8a-13c85002f55b,帕纳约蒂斯 法拉利,74.0,345,False,
3,cb06dd19-381c-4513-8a9b-17b6e349adde,assist_leader,FW,,17,13,5,,20,0.25,,,,,,,,,,,,,,,,,,,,,,,5bbd159b-75ee-4c08-9c8f-a97a3a55bd0f,钱文彤,56.0,245,False,
3,cb06dd19-381c-4513-8a9b-17b6e349adde,assist_leader,FW,,15,7,5,,9,0.556,,,,,,,,,,,,,,,,,,,,,,,1a07b641-a5fa-4c19-9885-88a3be096dee,承佑 凡,63.0,276,False,
3,cb06dd19-381c-4513-8a9b-17b6e349adde,assist_leader,FW,,16,9,5,,10,0.5,,,,,,,,,,,,,,,,,,,,,,,09844265-9a77-48ac-8b5b-bb19398be183,奥德 古德约翰森,68.0,295,False,
3,cb06dd19-381c-4513-8a9b-17b6e349adde,assist_leader,DF,,13,0,5,,17,0.294,,,,,,,,,,,,,,,,,,,,,,,0d4ff0b1-14f0-4a61-8b6d-5a62091d65c1,米奥德拉格 施特莱科娃,58.0,316,False,
3,cb06dd19-381c-4513-8a9b-17b6e349adde,assist_leader,DF,,18,1,5,,11,0.455,,,,,,,,,,,,,,,,,,,,,,,2c2289e4-5de1-4fe2-a4f9-8f2343db8338,爱德华多 邓,58.0,296,False,
3,cb06dd19-381c-4513-8a9b-17b6e349adde,assist_leader,FW,,15,6,5,,7,0.714,,,,,,,,,,,,,,,,,,,,,,,4abb7546-7d44-4d91-985b-4659ca633021,令狐东浩,61.0,253,False,
3,cb06dd19-381c-4513-8a9b-17b6e349adde,assist_leader,DF,,20,0,5,,12,0.417,,,,,,,,,,,,,,,,,,,,,,,d9819450-5b4f-4bab-8fe2-b8cf92062090,塔里克 济明,70.0,410,False,
3,cb06dd19-381c-4513-8a9b-17b6e349adde,assist_leader,DF,,17,1,5,,18,0.278,,,,,,,,,,,,,,,,,,,,,,,8590d182-e18d-4157-b827-e3f7024acd43,费奥多尔 乌曼诺夫,80.0,460,False,
3,cb06dd19-381c-4513-8a9b-17b6e349adde,assist_leader,DF,,15,0,5,,17,0.294,,,,,,,,,,,,,,,,,,,,,,,efba1fc9-a842-4560-85ec-df7763cd3174,鲁文 菲奥雷,57.0,381,False,
3,cb06dd19-381c-4513-8a9b-17b6e349adde,assist_leader,DF,,16,0,4,,8,0.5,,,,,,,,,,,,,,,,,,,,,,,2818b38a-636e-47b8-a057-ed4eb346f835,薛绍云,68.0,505,False,
3,cb06dd19-381c-4513-8a9b-17b6e349adde,assist_leader,MF,,17,5,4,,7,0.571,,,,,,,,,,,,,,,,,,,,,,,ee8b8951-99b2-4d58-adc5-bd34113c0b67,梁煜城,65.0,260,False,
3,cb06dd19-381c-4513-8a9b-17b6e349adde,assist_leader,DF,,16,1,4,,9,0.444,,,,,,,,,,,,,,,,,,,,,,,80c4c6e5-9c8f-4bba-864c-30b0b7013035,阿什坎 卢艾,61.0,287,False,
3,cb06dd19-381c-4513-8a9b-17b6e349adde,assist_leader,FW,,18,41,4,,16,0.25,,,,,,,,,,,,,,,,,,,,,,,8ce50068-b5c7-4da5-91fe-65f297e52887,浩介 前田,79.0,238,False,
3,cb06dd19-381c-4513-8a9b-17b6e349adde,assist_leader,DF,,14,0,4,,14,0.286,,,,,,,,,,,,,,,,,,,,,,,3cd08bd8-17ab-4666-ac24-6b3b93a10f0c,赫 苏,71.0,404,False,
3,cb06dd19-381c-4513-8a9b-17b6e349adde,assist_leader,MF,,17,3,4,,7,0.571,,,,,,,,,,,,,,,,,,,,,,,5da1cca0-0872-4dac-9a96-cc99d67091dd,王智盛,72.0,455,False,
3,cb06dd19-381c-4513-8a9b-17b6e349adde,assist_leader,MF,,17,10,4,,8,0.5,,,,,,,,,,,,,,,,,,,,,,,73a7b1b9-7a33-40b5-a98e-75ac6834c1a9,切萨里奥 罗马诺,79.0,369,False,
3,cb06dd19-381c-4513-8a9b-17b6e349adde,low_ovr_high_output,FW,,18,20,4,63,,,,,,,,,,,,,,,,,,,,,,,,,d39cbc00-1732-41a1-b6d5-38e5e7b9df3a,艾哈迈德 察猜,59.0,,,24
3,cb06dd19-381c-4513-8a9b-17b6e349adde,low_ovr_high_output,FW,,18,22,1,80,,,,,,,,,,,,,,,,,,,,,,,,,71dbd8a7-90bd-47c0-bf71-07a1af62a24a,珉奎 井,63.0,,,23
3,cb06dd19-381c-4513-8a9b-17b6e349adde,low_ovr_high_output,FW,,21,20,3,70,,,,,,,,,,,,,,,,,,,,,,,,,914fc97e-fc53-4f00-a160-f62ab572ee92,阿德利 贾马尔,63.0,,,23
3,cb06dd19-381c-4513-8a9b-17b6e349adde,low_ovr_high_output,FW,,19,22,0,90,,,,,,,,,,,,,,,,,,,,,,,,,3d0283f9-c1ee-413a-bb1a-a27a2380daae,乌马尔 梁,61.0,,,22
3,cb06dd19-381c-4513-8a9b-17b6e349adde,low_ovr_high_output,FW,,18,19,2,61,,,,,,,,,,,,,,,,,,,,,,,,,8b0816fe-c4c5-4dc4-a182-8a04a1ab6631,卡尔 鲁伊斯,57.0,,,21
3,cb06dd19-381c-4513-8a9b-17b6e349adde,low_ovr_high_output,FW,,16,21,0,75,,,,,,,,,,,,,,,,,,,,,,,,,d41547c4-a2be-4b42-b342-f5b910fb67c8,中 德维,55.0,,,21
3,cb06dd19-381c-4513-8a9b-17b6e349adde,low_ovr_high_output,FW,,16,18,3,53,,,,,,,,,,,,,,,,,,,,,,,,,7b01fa42-69a3-4c5e-8869-5f5a332f9c32,曹誉,59.0,,,21
3,cb06dd19-381c-4513-8a9b-17b6e349adde,low_ovr_high_output,FW,,19,17,3,48,,,,,,,,,,,,,,,,,,,,,,,,,97477782-46a6-441a-a791-0c9a58b0dd7c,韦尔纳 诺德,60.0,,,20
3,cb06dd19-381c-4513-8a9b-17b6e349adde,low_ovr_high_output,FW,,16,18,2,50,,,,,,,,,,,,,,,,,,,,,,,,,9af3d58a-8722-4566-bed7-eaecfb10223d,慕容亮彬,64.0,,,20
3,cb06dd19-381c-4513-8a9b-17b6e349adde,low_ovr_high_output,FW,,17,16,3,52,,,,,,,,,,,,,,,,,,,,,,,,,57ae736f-7f6c-4c15-a8a7-4a0452176c6f,波尔 帕沃内,59.0,,,19
3,cb06dd19-381c-4513-8a9b-17b6e349adde,low_ovr_high_output,FW,,17,17,2,63,,,,,,,,,,,,,,,,,,,,,,,,,cd4eadff-54ab-4461-80aa-cdf47a1942ff,遥斗 吉井,64.0,,,19
3,cb06dd19-381c-4513-8a9b-17b6e349adde,low_ovr_high_output,FW,,16,16,3,51,,,,,,,,,,,,,,,,,,,,,,,,,b2402593-3494-488e-80da-b41947b869e3,马埃尔 加图索,48.0,,,19
3,cb06dd19-381c-4513-8a9b-17b6e349adde,low_ovr_high_output,FW,,19,18,0,40,,,,,,,,,,,,,,,,,,,,,,,,,3d5ecc7d-1de2-4e6f-a3ae-6602f214e74a,塞巴斯蒂安 范登霍夫,62.0,,,18
3,cb06dd19-381c-4513-8a9b-17b6e349adde,low_ovr_high_output,FW,,16,17,1,61,,,,,,,,,,,,,,,,,,,,,,,,,da029eb8-fd6d-4708-870b-951d7d19172f,汤文研,59.0,,,18
3,cb06dd19-381c-4513-8a9b-17b6e349adde,low_ovr_high_output,FW,,16,17,1,55,,,,,,,,,,,,,,,,,,,,,,,,,900eda5c-5c70-42bb-a12f-f38657e3ac9a,博伊科 莱赫,64.0,,,18
3,cb06dd19-381c-4513-8a9b-17b6e349adde,low_ovr_high_output,FW,,17,13,5,42,,,,,,,,,,,,,,,,,,,,,,,,,5bbd159b-75ee-4c08-9c8f-a97a3a55bd0f,钱文彤,56.0,,,18
3,cb06dd19-381c-4513-8a9b-17b6e349adde,low_ovr_high_output,FW,,17,16,2,46,,,,,,,,,,,,,,,,,,,,,,,,,70883476-03eb-4555-8f6a-a3e0b68b5d0a,阿尔曼多 西里古,49.0,,,18
3,cb06dd19-381c-4513-8a9b-17b6e349adde,low_ovr_high_output,FW,,16,16,2,51,,,,,,,,,,,,,,,,,,,,,,,,,0b2b64b9-e708-4997-a325-0cd14a21c57e,韦鹤伟,39.0,,,18
3,cb06dd19-381c-4513-8a9b-17b6e349adde,low_ovr_high_output,FW,,17,15,2,54,,,,,,,,,,,,,,,,,,,,,,,,,dd92b862-11bb-4b8a-812e-1dff07055967,龙泰文,55.0,,,17
3,cb06dd19-381c-4513-8a9b-17b6e349adde,low_ovr_high_output,FW,,15,16,1,63,,,,,,,,,,,,,,,,,,,,,,,,,7a525e18-c1b6-46f2-b82f-0b099d1fe17b,贾绍祥,62.0,,,17
3,cb06dd19-381c-4513-8a9b-17b6e349adde,low_ovr_high_output,FW,,18,14,3,45,,,,,,,,,,,,,,,,,,,,,,,,,27ab32ac-c3f4-4b07-96f3-1ac6baf1996d,劳森 穆迪,54.0,,,17
3,cb06dd19-381c-4513-8a9b-17b6e349adde,low_ovr_high_output,FW,,15,15,2,68,,,,,,,,,,,,,,,,,,,,,,,,,28e28a56-06e7-4db6-ba1b-7e1419950f7a,暖 川岛,60.0,,,17
3,cb06dd19-381c-4513-8a9b-17b6e349adde,low_ovr_high_output,FW,,16,17,0,54,,,,,,,,,,,,,,,,,,,,,,,,,e3487146-0211-4aab-874b-5c260a07d84b,奥兰多 史密斯,53.0,,,17
3,cb06dd19-381c-4513-8a9b-17b6e349adde,low_ovr_high_output,FW,,16,15,2,49,,,,,,,,,,,,,,,,,,,,,,,,,670d96bc-3677-453c-869d-4eb8fd702012,蔡致源,60.0,,,17
3,cb06dd19-381c-4513-8a9b-17b6e349adde,low_ovr_high_output,FW,,16,15,2,58,,,,,,,,,,,,,,,,,,,,,,,,,b709852c-91e9-4212-9bdb-6eece62a7dc8,马拉凯 诺顿,55.0,,,17
3,cb06dd19-381c-4513-8a9b-17b6e349adde,low_ovr_high_output,FW,,16,17,0,56,,,,,,,,,,,,,,,,,,,,,,,,,df41d6ca-a41d-4677-bd2a-d96912812241,比尔尼尔 弗里贝里,60.0,,,17
3,cb06dd19-381c-4513-8a9b-17b6e349adde,low_ovr_high_output,FW,,17,16,1,63,,,,,,,,,,,,,,,,,,,,,,,,,0236e753-fc69-4103-a6f4-aa850e7fb72d,瓦吉赫 法鲁克,56.0,,,17
3,cb06dd19-381c-4513-8a9b-17b6e349adde,low_ovr_high_output,FW,,15,15,1,51,,,,,,,,,,,,,,,,,,,,,,,,,87847de3-3509-41cc-8c8e-5b534979daed,陆旭志,62.0,,,16
3,cb06dd19-381c-4513-8a9b-17b6e349adde,low_ovr_high_output,FW,,17,16,0,38,,,,,,,,,,,,,,,,,,,,,,,,,c8ea4748-c3b3-4290-9e69-42424a4656e0,史赋,58.0,,,16
3,cb06dd19-381c-4513-8a9b-17b6e349adde,low_ovr_high_output,FW,,16,12,4,50,,,,,,,,,,,,,,,,,,,,,,,,,7d4a02a9-d1e9-4236-bcf4-f9802a93da21,俊昊 厦,63.0,,,16
