loop_index,season_id,season_day,fixture_id,fixture_type,side,team_id,opponent_team_id,formation_id,passing_style,attack_width,attack_tempo,defensive_line_height,crossing_strategy,shooting_mentality,playmaker_focus,pressing_intensity,defensive_compactness,marking_strategy,offside_trap,tackling_aggression,starter_count,starter_avg_ovr,starter_avg_lineup_score,starter_avg_state,starter_avg_fitness,starter_low_form_count,starter_gk,starter_df,starter_mf,starter_fw,bench_count,bench_avg_ovr,bench_avg_lineup_score,bench_avg_state,bench_avg_fitness,starter_bench_lineup_score_gap,starter_bench_state_gap,starter_bench_fitness_gap
1,fceb9f7f-160f-4d62-ac9c-935b5f01bd55,1,03916d41-bf39-491c-8621-eab746a0e5ca,league,home,5291086e-d715-4838-9bec-b4cf0fa17df4,daff1402-f2cf-4d9d-917b-d05547fa001e,,,,,,,,,,,,,,0,0,0,0,0,0,0,0,0,0,0,0,0,0,0,0,0,0
1,fceb9f7f-160f-4d62-ac9c-935b5f01bd55,1,03916d41-bf39-491c-8621-eab746a0e5ca,league,away,daff1402-f2cf-4d9d-917b-d05547fa001e,5291086e-d715-4838-9bec-b4cf0fa17df4,,,,,,,,,,,,,,0,0,0,0,0,0,0,0,0,0,0,0,0,0,0,0,0,0
1,fceb9f7f-160f-4d62-ac9c-935b5f01bd55,1,068a5b64-4a26-47cb-be5e-ce822d418c96,league,home,3eb34725-34fc-4161-977c-dd341a97ee36,2c4633be-61e5-4cd2-9d47-b13b609045dd,,,,,,,,,,,,,,0,0,0,0,0,0,0,0,0,0,0,0,0,0,0,0,0,0
1,fceb9f7f-160f-4d62-ac9c-935b5f01bd55,1,068a5b64-4a26-47cb-be5e-ce822d418c96,league,away,2c4633be-61e5-4cd2-9d47-b13b609045dd,3eb34725-34fc-4161-977c-dd341a97ee36,,,,,,,,,,,,,,0,0,0,0,0,0,0,0,0,0,0,0,0,0,0,0,0,0
1,fceb9f7f-160f-4d62-ac9c-935b5f01bd55,1,0a54ec04-72db-4905-80b7-e4eb61185352,league,home,7483a48f-f627-44e2-ac3e-fe1a417731ac,a9ed8a5f-019e-4413-9d6d-273feb63e710,,,,,,,,,,,,,,0,0,0,0,0,0,0,0,0,0,0,0,0,0,0,0,0,0
1,fceb9f7f-160f-4d62-ac9c-935b5f01bd55,1,0a54ec04-72db-4905-80b7-e4eb61185352,league,away,a9ed8a5f-019e-4413-9d6d-273feb63e710,7483a48f-f627-44e2-ac3e-fe1a417731ac,,,,,,,,,,,,,,0,0,0,0,0,0,0,0,0,0,0,0,0,0,0,0,0,0
1,fceb9f7f-160f-4d62-ac9c-935b5f01bd55,1,0b041d85-059e-41de-8c8a-67bbc66afc96,league,home,bc3a56d6-4ddb-40f6-aa84-593764e80e3d,15f0e3f9-3c19-4bf5-8ed1-327b7cdf03e8,,,,,,,,,,,,,,0,0,0,0,0,0,0,0,0,0,0,0,0,0,0,0,0,0
1,fceb9f7f-160f-4d62-ac9c-935b5f01bd55,1,0b041d85-059e-41de-8c8a-67bbc66afc96,league,away,15f0e3f9-3c19-4bf5-8ed1-327b7cdf03e8,bc3a56d6-4ddb-40f6-aa84-593764e80e3d,,,,,,,,,,,,,,0,0,0,0,0,0,0,0,0,0,0,0,0,0,0,0,0,0
1,fceb9f7f-160f-4d62-ac9c-935b5f01bd55,1,0b06d392-9132-4a94-8909-dca70756d4d2,league,home,7cb8a688-dc41-4c34-8c96-07d2a3ef0e76,34bf5ca6-e972-4993-a46b-d58cd63d553e,,,,,,,,,,,,,,0,0,0,0,0,0,0,0,0,0,0,0,0,0,0,0,0,0
1,fceb9f7f-160f-4d62-ac9c-935b5f01bd55,1,0b06d392-9132-4a94-8909-dca70756d4d2,league,away,34bf5ca6-e972-4993-a46b-d58cd63d553e,7cb8a688-dc41-4c34-8c96-07d2a3ef0e76,,,,,,,,,,,,,,0,0,0,0,0,0,0,0,0,0,0,0,0,0,0,0,0,0
1,fceb9f7f-160f-4d62-ac9c-935b5f01bd55,1,1920f293-ad86-42f5-a425-d45293b3d1cf,league,home,89c397f6-1713-418d-a2c4-3a9b4dc70948,5f39b6a0-03dc-4f72-82bc-147b48084f05,,,,,,,,,,,,,,0,0,0,0,0,0,0,0,0,0,0,0,0,0,0,0,0,0
1,fceb9f7f-160f-4d62-ac9c-935b5f01bd55,1,1920f293-ad86-42f5-a425-d45293b3d1cf,league,away,5f39b6a0-03dc-4f72-82bc-147b48084f05,89c397f6-1713-418d-a2c4-3a9b4dc70948,,,,,,,,,,,,,,0,0,0,0,0,0,0,0,0,0,0,0,0,0,0,0,0,0
1,fceb9f7f-160f-4d62-ac9c-935b5f01bd55,1,1cbcc074-d9fc-43df-8db4-45f1f59bfdcd,league,home,0a7c6d3f-6134-495d-9af7-1a8e472ca1d2,3a80175e-ec13-40ae-995b-f2ebf89b55e6,,,,,,,,,,,,,,0,0,0,0,0,0,0,0,0,0,0,0,0,0,0,0,0,0
1,fceb9f7f-160f-4d62-ac9c-935b5f01bd55,1,1cbcc074-d9fc-43df-8db4-45f1f59bfdcd,league,away,3a80175e-ec13-40ae-995b-f2ebf89b55e6,0a7c6d3f-6134-495d-9af7-1a8e472ca1d2,,,,,,,,,,,,,,0,0,0,0,0,0,0,0,0,0,0,0,0,0,0,0,0,0
1,fceb9f7f-160f-4d62-ac9c-935b5f01bd55,1,1e31be27-0f98-4761-bcec-04b92ce0d4c6,league,home,6c925f1f-45f1-4710-b508-c281d0da8a38,731e5b07-f0a4-4256-8262-f4afa09c8e73,,,,,,,,,,,,,,0,0,0,0,0,0,0,0,0,0,0,0,0,0,0,0,0,0
1,fceb9f7f-160f-4d62-ac9c-935b5f01bd55,1,1e31be27-0f98-4761-bcec-04b92ce0d4c6,league,away,731e5b07-f0a4-4256-8262-f4afa09c8e73,6c925f1f-45f1-4710-b508-c281d0da8a38,,,,,,,,,,,,,,0,0,0,0,0,0,0,0,0,0,0,0,0,0,0,0,0,0
1,fceb9f7f-160f-4d62-ac9c-935b5f01bd55,1,20a70b68-2923-444e-be2e-b70b5b46aaa4,league,home,fb727d64-232e-4e79-9eb9-43f3444e3594,282c7b6c-46af-4fc1-bd97-75b61cc0267a,,,,,,,,,,,,,,0,0,0,0,0,0,0,0,0,0,0,0,0,0,0,0,0,0
1,fceb9f7f-160f-4d62-ac9c-935b5f01bd55,1,20a70b68-2923-444e-be2e-b70b5b46aaa4,league,away,282c7b6c-46af-4fc1-bd97-75b61cc0267a,fb727d64-232e-4e79-9eb9-43f3444e3594,,,,,,,,,,,,,,0,0,0,0,0,0,0,0,0,0,0,0,0,0,0,0,0,0
1,fceb9f7f-160f-4d62-ac9c-935b5f01bd55,1,218974aa-033c-470f-ad28-2e22406b1c2d,league,home,da8249e8-562f-435b-9e60-c9db03c42b90,bf82fecb-f21c-46c3-9af7-68607fdf3d6d,,,,,,,,,,,,,,0,0,0,0,0,0,0,0,0,0,0,0,0,0,0,0,0,0
1,fceb9f7f-160f-4d62-ac9c-935b5f01bd55,1,218974aa-033c-470f-ad28-2e22406b1c2d,league,away,bf82fecb-f21c-46c3-9af7-68607fdf3d6d,da8249e8-562f-435b-9e60-c9db03c42b90,,,,,,,,,,,,,,0,0,0,0,0,0,0,0,0,0,0,0,0,0,0,0,0,0
1,fceb9f7f-160f-4d62-ac9c-935b5f01bd55,1,234ad24e-8559-4c54-aa12-eec75a58951a,league,home,9e06a9ab-206c-401e-a2e9-6d985ba26b12,839c0e99-d504-4b03-8883-9b52e619c430,,,,,,,,,,,,,,0,0,0,0,0,0,0,0,0,0,0,0,0,0,0,0,0,0
1,fceb9f7f-160f-4d62-ac9c-935b5f01bd55,1,234ad24e-8559-4c54-aa12-eec75a58951a,league,away,839c0e99-d504-4b03-8883-9b52e619c430,9e06a9ab-206c-401e-a2e9-6d985ba26b12,,,,,,,,,,,,,,0,0,0,0,0,0,0,0,0,0,0,0,0,0,0,0,0,0
1,fceb9f7f-160f-4d62-ac9c-935b5f01bd55,1,2416e36b-6a78-47c1-9a38-cea6fe62d0fb,league,home,a63208f8-3b7c-457d-9f4a-3f091aefb5a9,9ac9a9d0-b398-444f-bb0c-2f16365ff8d5,,,,,,,,,,,,,,0,0,0,0,0,0,0,0,0,0,0,0,0,0,0,0,0,0
1,fceb9f7f-160f-4d62-ac9c-935b5f01bd55,1,2416e36b-6a78-47c1-9a38-cea6fe62d0fb,league,away,9ac9a9d0-b398-444f-bb0c-2f16365ff8d5,a63208f8-3b7c-457d-9f4a-3f091aefb5a9,,,,,,,,,,,,,,0,0,0,0,0,0,0,0,0,0,0,0,0,0,0,0,0,0
1,fceb9f7f-160f-4d62-ac9c-935b5f01bd55,1,275abcb5-150c-44a8-98fb-fcb873088525,league,home,027c5522-58d5-483d-aed8-4ada82275faa,e560d449-661e-4faa-8fe6-bf9551745ba0,,,,,,,,,,,,,,0,0,0,0,0,0,0,0,0,0,0,0,0,0,0,0,0,0
1,fceb9f7f-160f-4d62-ac9c-935b5f01bd55,1,275abcb5-150c-44a8-98fb-fcb873088525,league,away,e560d449-661e-4faa-8fe6-bf9551745ba0,027c5522-58d5-483d-aed8-4ada82275faa,,,,,,,,,,,,,,0,0,0,0,0,0,0,0,0,0,0,0,0,0,0,0,0,0
1,fceb9f7f-160f-4d62-ac9c-935b5f01bd55,1,27cbed8d-2184-4f04-b1ce-2dfa0860c78e,league,home,8b90604d-5295-4b09-9d3b-b77195301353,7554e304-da70-4cb3-b348-a57d6d8f17e4,,,,,,,,,,,,,,0,0,0,0,0,0,0,0,0,0,0,0,0,0,0,0,0,0
1,fceb9f7f-160f-4d62-ac9c-935b5f01bd55,1,27cbed8d-2184-4f04-b1ce-2dfa0860c78e,league,away,7554e304-da70-4cb3-b348-a57d6d8f17e4,8b90604d-5295-4b09-9d3b-b77195301353,,,,,,,,,,,,,,0,0,0,0,0,0,0,0,0,0,0,0,0,0,0,0,0,0
1,fceb9f7f-160f-4d62-ac9c-935b5f01bd55,1,2c0c7143-6046-4316-b4c0-a69c00813437,league,home,ffb377ee-3638-4567-8a78-392e6bd49c0b,e65e39b7-ed22-4674-b34e-c365c3d96adf,,,,,,,,,,,,,,0,0,0,0,0,0,0,0,0,0,0,0,0,0,0,0,0,0
1,fceb9f7f-160f-4d62-ac9c-935b5f01bd55,1,2c0c7143-6046-4316-b4c0-a69c00813437,league,away,e65e39b7-ed22-4674-b34e-c365c3d96adf,ffb377ee-3638-4567-8a78-392e6bd49c0b,,,,,,,,,,,,,,0,0,0,0,0,0,0,0,0,0,0,0,0,0,0,0,0,0
1,fceb9f7f-160f-4d62-ac9c-935b5f01bd55,1,2e10d4df-395b-409f-a5f6-2f23928b21c1,league,home,8c670c65-5d6b-4060-9934-27875636b294,b4c010d1-8ad1-4ca6-b943-a1e463880f4a,,,,,,,,,,,,,,0,0,0,0,0,0,0,0,0,0,0,0,0,0,0,0,0,0
1,fceb9f7f-160f-4d62-ac9c-935b5f01bd55,1,2e10d4df-395b-409f-a5f6-2f23928b21c1,league,away,b4c010d1-8ad1-4ca6-b943-a1e463880f4a,8c670c65-5d6b-4060-9934-27875636b294,,,,,,,,,,,,,,0,0,0,0,0,0,0,0,0,0,0,0,0,0,0,0,0,0
1,fceb9f7f-160f-4d62-ac9c-935b5f01bd55,1,2e29aac5-7d1e-429a-99fd-42e63ba90947,league,home,deb5febe-e879-4893-a375-feaea4db9c13,39800012-4dd4-4519-af36-bbecace37763,,,,,,,,,,,,,,0,0,0,0,0,0,0,0,0,0,0,0,0,0,0,0,0,0
1,fceb9f7f-160f-4d62-ac9c-935b5f01bd55,1,2e29aac5-7d1e-429a-99fd-42e63ba90947,league,away,39800012-4dd4-4519-af36-bbecace37763,deb5febe-e879-4893-a375-feaea4db9c13,,,,,,,,,,,,,,0,0,0,0,0,0,0,0,0,0,0,0,0,0,0,0,0,0
1,fceb9f7f-160f-4d62-ac9c-935b5f01bd55,1,2e75176e-6521-4309-bc34-9cae030f76a7,league,home,5f737a79-c551-4302-b5ee-c97c2e0d8add,a1728e37-51b6-47c8-a33d-8b17341381e6,,,,,,,,,,,,,,0,0,0,0,0,0,0,0,0,0,0,0,0,0,0,0,0,0
1,fceb9f7f-160f-4d62-ac9c-935b5f01bd55,1,2e75176e-6521-4309-bc34-9cae030f76a7,league,away,a1728e37-51b6-47c8-a33d-8b17341381e6,5f737a79-c551-4302-b5ee-c97c2e0d8add,,,,,,,,,,,,,,0,0,0,0,0,0,0,0,0,0,0,0,0,0,0,0,0,0
1,fceb9f7f-160f-4d62-ac9c-935b5f01bd55,1,2f0a2416-feaa-49cb-88d8-e063e7098668,league,home,cd02f80a-ab96-45ed-b8fa-3952d9556dd1,b7d313ca-d503-48cb-a45e-1f29764034fe,,,,,,,,,,,,,,0,0,0,0,0,0,0,0,0,0,0,0,0,0,0,0,0,0
1,fceb9f7f-160f-4d62-ac9c-935b5f01bd55,1,2f0a2416-feaa-49cb-88d8-e063e7098668,league,away,b7d313ca-d503-48cb-a45e-1f29764034fe,cd02f80a-ab96-45ed-b8fa-3952d9556dd1,,,,,,,,,,,,,,0,0,0,0,0,0,0,0,0,0,0,0,0,0,0,0,0,0
1,fceb9f7f-160f-4d62-ac9c-935b5f01bd55,1,2f492977-3aa0-48c7-9bd0-089f31f0cd71,league,home,d547647c-75f3-4b70-8014-af53dd9f42b5,ba604905-8dea-4920-8829-32504fa4e0b0,,,,,,,,,,,,,,0,0,0,0,0,0,0,0,0,0,0,0,0,0,0,0,0,0
1,fceb9f7f-160f-4d62-ac9c-935b5f01bd55,1,2f492977-3aa0-48c7-9bd0-089f31f0cd71,league,away,ba604905-8dea-4920-8829-32504fa4e0b0,d547647c-75f3-4b70-8014-af53dd9f42b5,,,,,,,,,,,,,,0,0,0,0,0,0,0,0,0,0,0,0,0,0,0,0,0,0
1,fceb9f7f-160f-4d62-ac9c-935b5f01bd55,1,2f6f2872-b35a-463f-b804-15f901cd42fb,league,home,6b3a5915-f518-4bb4-940f-3203036c15fe,24931598-80fd-4e9e-862a-505effb409b8,,,,,,,,,,,,,,0,0,0,0,0,0,0,0,0,0,0,0,0,0,0,0,0,0
1,fceb9f7f-160f-4d62-ac9c-935b5f01bd55,1,2f6f2872-b35a-463f-b804-15f901cd42fb,league,away,24931598-80fd-4e9e-862a-505effb409b8,6b3a5915-f518-4bb4-940f-3203036c15fe,,,,,,,,,,,,,,0,0,0,0,0,0,0,0,0,0,0,0,0,0,0,0,0,0
1,fceb9f7f-160f-4d62-ac9c-935b5f01bd55,1,311b01a2-e0ed-419f-a6d2-317c82602f74,league,home,ec0ecfcc-24f4-47cc-8e16-4d63869fe708,43e1ca42-375d-403f-b921-1df9b7450738,,,,,,,,,,,,,,0,0,0,0,0,0,0,0,0,0,0,0,0,0,0,0,0,0
1,fceb9f7f-160f-4d62-ac9c-935b5f01bd55,1,311b01a2-e0ed-419f-a6d2-317c82602f74,league,away,43e1ca42-375d-403f-b921-1df9b7450738,ec0ecfcc-24f4-47cc-8e16-4d63869fe708,,,,,,,,,,,,,,0,0,0,0,0,0,0,0,0,0,0,0,0,0,0,0,0,0
1,fceb9f7f-160f-4d62-ac9c-935b5f01bd55,1,31f5ae75-a77f-447a-a470-9d41d33c5f58,league,home,d15dd8e0-7585-4037-ada3-0794902007a2,914679b9-3a30-4d45-b19a-f84b4ca64e8f,,,,,,,,,,,,,,0,0,0,0,0,0,0,0,0,0,0,0,0,0,0,0,0,0
1,fceb9f7f-160f-4d62-ac9c-935b5f01bd55,1,31f5ae75-a77f-447a-a470-9d41d33c5f58,league,away,914679b9-3a30-4d45-b19a-f84b4ca64e8f,d15dd8e0-7585-4037-ada3-0794902007a2,,,,,,,,,,,,,,0,0,0,0,0,0,0,0,0,0,0,0,0,0,0,0,0,0
1,fceb9f7f-160f-4d62-ac9c-935b5f01bd55,1,33d5b662-ea85-4d69-b22e-214c945890c9,league,home,17f8477c-d7ce-464f-b92f-0f64aa0e7e06,79f80c9b-8b50-482f-a44e-31bd656fa2d0,,,,,,,,,,,,,,0,0,0,0,0,0,0,0,0,0,0,0,0,0,0,0,0,0
1,fceb9f7f-160f-4d62-ac9c-935b5f01bd55,1,33d5b662-ea85-4d69-b22e-214c945890c9,league,away,79f80c9b-8b50-482f-a44e-31bd656fa2d0,17f8477c-d7ce-464f-b92f-0f64aa0e7e06,,,,,,,,,,,,,,0,0,0,0,0,0,0,0,0,0,0,0,0,0,0,0,0,0
1,fceb9f7f-160f-4d62-ac9c-935b5f01bd55,1,33e0473a-13f4-41ff-ac6d-4ff9b85e483a,league,home,2515d8ea-f372-4158-aea4-4337da176086,1819298f-837a-485c-bce8-6bcc25b012be,,,,,,,,,,,,,,0,0,0,0,0,0,0,0,0,0,0,0,0,0,0,0,0,0
1,fceb9f7f-160f-4d62-ac9c-935b5f01bd55,1,33e0473a-13f4-41ff-ac6d-4ff9b85e483a,league,away,1819298f-837a-485c-bce8-6bcc25b012be,2515d8ea-f372-4158-aea4-4337da176086,,,,,,,,,,,,,,0,0,0,0,0,0,0,0,0,0,0,0,0,0,0,0,0,0
1,fceb9f7f-160f-4d62-ac9c-935b5f01bd55,1,34cccee0-9c12-451b-a400-7a31ae9191c6,league,home,7575f4bf-7f2c-4234-9819-15b81876a3d3,ca4cc48a-1c92-4b6c-9dce-891eafe49290,,,,,,,,,,,,,,0,0,0,0,0,0,0,0,0,0,0,0,0,0,0,0,0,0
1,fceb9f7f-160f-4d62-ac9c-935b5f01bd55,1,34cccee0-9c12-451b-a400-7a31ae9191c6,league,away,ca4cc48a-1c92-4b6c-9dce-891eafe49290,7575f4bf-7f2c-4234-9819-15b81876a3d3,,,,,,,,,,,,,,0,0,0,0,0,0,0,0,0,0,0,0,0,0,0,0,0,0
1,fceb9f7f-160f-4d62-ac9c-935b5f01bd55,1,35eb6422-e470-4b1b-b3b5-3d00a9b4fb27,league,home,21b710cb-b7f6-4a7b-b179-08cb8252dafc,89675b71-4329-4e86-a6dc-9e886f8f0e54,,,,,,,,,,,,,,0,0,0,0,0,0,0,0,0,0,0,0,0,0,0,0,0,0
1,fceb9f7f-160f-4d62-ac9c-935b5f01bd55,1,35eb6422-e470-4b1b-b3b5-3d00a9b4fb27,league,away,89675b71-4329-4e86-a6dc-9e886f8f0e54,21b710cb-b7f6-4a7b-b179-08cb8252dafc,,,,,,,,,,,,,,0,0,0,0,0,0,0,0,0,0,0,0,0,0,0,0,0,0
1,fceb9f7f-160f-4d62-ac9c-935b5f01bd55,1,360d0184-31df-48c0-807a-5f72cffeb714,league,home,76341d29-f350-4eee-ad6a-b663e1f09612,c39bd969-9665-4688-b68e-6edf44050706,,,,,,,,,,,,,,0,0,0,0,0,0,0,0,0,0,0,0,0,0,0,0,0,0
1,fceb9f7f-160f-4d62-ac9c-935b5f01bd55,1,360d0184-31df-48c0-807a-5f72cffeb714,league,away,c39bd969-9665-4688-b68e-6edf44050706,76341d29-f350-4eee-ad6a-b663e1f09612,,,,,,,,,,,,,,0,0,0,0,0,0,0,0,0,0,0,0,0,0,0,0,0,0
1,fceb9f7f-160f-4d62-ac9c-935b5f01bd55,1,36606d5d-e6ec-4547-acaa-e77cd180a6ac,league,home,049829b0-a8e1-45f1-8e19-22c708f4a7ed,88e3741b-20fe-4064-baf3-7b8193800389,,,,,,,,,,,,,,0,0,0,0,0,0,0,0,0,0,0,0,0,0,0,0,0,0
1,fceb9f7f-160f-4d62-ac9c-935b5f01bd55,1,36606d5d-e6ec-4547-acaa-e77cd180a6ac,league,away,88e3741b-20fe-4064-baf3-7b8193800389,049829b0-a8e1-45f1-8e19-22c708f4a7ed,,,,,,,,,,,,,,0,0,0,0,0,0,0,0,0,0,0,0,0,0,0,0,0,0
1,fceb9f7f-160f-4d62-ac9c-935b5f01bd55,1,38d9ad89-6ccf-401a-b663-65e299cf61a9,league,home,1d17fbf2-5687-4c30-8b19-3005781a7c55,7aa316a6-7c7b-4ca5-a002-e72b249dd988,,,,,,,,,,,,,,0,0,0,0,0,0,0,0,0,0,0,0,0,0,0,0,0,0
1,fceb9f7f-160f-4d62-ac9c-935b5f01bd55,1,38d9ad89-6ccf-401a-b663-65e299cf61a9,league,away,7aa316a6-7c7b-4ca5-a002-e72b249dd988,1d17fbf2-5687-4c30-8b19-3005781a7c55,,,,,,,,,,,,,,0,0,0,0,0,0,0,0,0,0,0,0,0,0,0,0,0,0
1,fceb9f7f-160f-4d62-ac9c-935b5f01bd55,1,3a81b72c-778d-4adf-83ee-88829b414cc3,league,home,1c64f893-961c-47c2-b431-88b508e0da0f,5a06649b-dcb2-4c71-8839-fff4e79b8cd2,,,,,,,,,,,,,,0,0,0,0,0,0,0,0,0,0,0,0,0,0,0,0,0,0
1,fceb9f7f-160f-4d62-ac9c-935b5f01bd55,1,3a81b72c-778d-4adf-83ee-88829b414cc3,league,away,5a06649b-dcb2-4c71-8839-fff4e79b8cd2,1c64f893-961c-47c2-b431-88b508e0da0f,,,,,,,,,,,,,,0,0,0,0,0,0,0,0,0,0,0,0,0,0,0,0,0,0
1,fceb9f7f-160f-4d62-ac9c-935b5f01bd55,1,3b2c7c21-973e-40f1-9e4f-d911e8349527,league,home,b233c263-90a8-4d89-af79-8d231fb1f87f,52344247-d407-48d8-ac5b-57c9ccd4b06e,,,,,,,,,,,,,,0,0,0,0,0,0,0,0,0,0,0,0,0,0,0,0,0,0
1,fceb9f7f-160f-4d62-ac9c-935b5f01bd55,1,3b2c7c21-973e-40f1-9e4f-d911e8349527,league,away,52344247-d407-48d8-ac5b-57c9ccd4b06e,b233c263-90a8-4d89-af79-8d231fb1f87f,,,,,,,,,,,,,,0,0,0,0,0,0,0,0,0,0,0,0,0,0,0,0,0,0
1,fceb9f7f-160f-4d62-ac9c-935b5f01bd55,1,3d4ee631-8031-4121-bd5a-43ff4b6d78c4,league,home,59694af2-2d58-4f57-92bd-4b20cf1e0d9e,7401885f-5920-4a16-9e4e-e802e3d5ff56,,,,,,,,,,,,,,0,0,0,0,0,0,0,0,0,0,0,0,0,0,0,0,0,0
1,fceb9f7f-160f-4d62-ac9c-935b5f01bd55,1,3d4ee631-8031-4121-bd5a-43ff4b6d78c4,league,away,7401885f-5920-4a16-9e4e-e802e3d5ff56,59694af2-2d58-4f57-92bd-4b20cf1e0d9e,,,,,,,,,,,,,,0,0,0,0,0,0,0,0,0,0,0,0,0,0,0,0,0,0
1,fceb9f7f-160f-4d62-ac9c-935b5f01bd55,1,3db2ca12-8f7d-4244-be74-2fe604cbee78,league,home,8b481b52-e671-466f-a5f9-c0c1fa7bf26d,4ec171f0-2418-46a6-ba61-06c1719fdee6,,,,,,,,,,,,,,0,0,0,0,0,0,0,0,0,0,0,0,0,0,0,0,0,0
1,fceb9f7f-160f-4d62-ac9c-935b5f01bd55,1,3db2ca12-8f7d-4244-be74-2fe604cbee78,league,away,4ec171f0-2418-46a6-ba61-06c1719fdee6,8b481b52-e671-466f-a5f9-c0c1fa7bf26d,,,,,,,,,,,,,,0,0,0,0,0,0,0,0,0,0,0,0,0,0,0,0,0,0
1,fceb9f7f-160f-4d62-ac9c-935b5f01bd55,1,4197901a-7f3e-4a64-8453-0dd5b6a03b6d,league,home,51deb0b3-aadd-4a25-8701-33ffafe1f7d2,a2ed5684-69de-4e4b-bad8-11083f0b90db,,,,,,,,,,,,,,0,0,0,0,0,0,0,0,0,0,0,0,0,0,0,0,0,0
1,fceb9f7f-160f-4d62-ac9c-935b5f01bd55,1,4197901a-7f3e-4a64-8453-0dd5b6a03b6d,league,away,a2ed5684-69de-4e4b-bad8-11083f0b90db,51deb0b3-aadd-4a25-8701-33ffafe1f7d2,,,,,,,,,,,,,,0,0,0,0,0,0,0,0,0,0,0,0,0,0,0,0,0,0
1,fceb9f7f-160f-4d62-ac9c-935b5f01bd55,1,4303a59c-5543-4a4b-8d7c-dc0559414a1a,league,home,afe221c9-eac5-4649-846c-fb85b84914be,773533ae-97b4-40a7-b3cd-3a935b56e08d,,,,,,,,,,,,,,0,0,0,0,0,0,0,0,0,0,0,0,0,0,0,0,0,0
1,fceb9f7f-160f-4d62-ac9c-935b5f01bd55,1,4303a59c-5543-4a4b-8d7c-dc0559414a1a,league,away,773533ae-97b4-40a7-b3cd-3a935b56e08d,afe221c9-eac5-4649-846c-fb85b84914be,,,,,,,,,,,,,,0,0,0,0,0,0,0,0,0,0,0,0,0,0,0,0,0,0
1,fceb9f7f-160f-4d62-ac9c-935b5f01bd55,1,44fc7aa3-4ded-41af-80ee-5eb24a52202f,league,home,6f417791-000d-439a-b48a-4646f9d282d8,2c7cae39-a973-4f42-a624-3fd873cf53f1,,,,,,,,,,,,,,0,0,0,0,0,0,0,0,0,0,0,0,0,0,0,0,0,0
1,fceb9f7f-160f-4d62-ac9c-935b5f01bd55,1,44fc7aa3-4ded-41af-80ee-5eb24a52202f,league,away,2c7cae39-a973-4f42-a624-3fd873cf53f1,6f417791-000d-439a-b48a-4646f9d282d8,,,,,,,,,,,,,,0,0,0,0,0,0,0,0,0,0,0,0,0,0,0,0,0,0
1,fceb9f7f-160f-4d62-ac9c-935b5f01bd55,1,4bd85cc7-1f54-4c2e-baff-1cfa740c21ec,league,home,2cb5bd68-1507-4554-a959-e2305b69c3cf,b5c7fbe0-bca9-4baa-9fa9-816a2b9bb0ce,,,,,,,,,,,,,,0,0,0,0,0,0,0,0,0,0,0,0,0,0,0,0,0,0
1,fceb9f7f-160f-4d62-ac9c-935b5f01bd55,1,4bd85cc7-1f54-4c2e-baff-1cfa740c21ec,league,away,b5c7fbe0-bca9-4baa-9fa9-816a2b9bb0ce,2cb5bd68-1507-4554-a959-e2305b69c3cf,,,,,,,,,,,,,,0,0,0,0,0,0,0,0,0,0,0,0,0,0,0,0,0,0
1,fceb9f7f-160f-4d62-ac9c-935b5f01bd55,1,4c35a6f9-86c9-43af-a505-794d1244bdbc,league,home,6a3289df-bdbb-4859-a435-24327e83ce4e,12232906-1c5d-49e9-b0dc-9731660f2eec,,,,,,,,,,,,,,0,0,0,0,0,0,0,0,0,0,0,0,0,0,0,0,0,0
1,fceb9f7f-160f-4d62-ac9c-935b5f01bd55,1,4c35a6f9-86c9-43af-a505-794d1244bdbc,league,away,12232906-1c5d-49e9-b0dc-9731660f2eec,6a3289df-bdbb-4859-a435-24327e83ce4e,,,,,,,,,,,,,,0,0,0,0,0,0,0,0,0,0,0,0,0,0,0,0,0,0
1,fceb9f7f-160f-4d62-ac9c-935b5f01bd55,1,4d165de9-7e2b-4a95-8e58-7a8be35435a3,league,home,33699b5e-3965-42df-8811-bcdebb9be258,32a1a900-addc-4155-a157-a18dcb915cf7,,,,,,,,,,,,,,0,0,0,0,0,0,0,0,0,0,0,0,0,0,0,0,0,0
1,fceb9f7f-160f-4d62-ac9c-935b5f01bd55,1,4d165de9-7e2b-4a95-8e58-7a8be35435a3,league,away,32a1a900-addc-4155-a157-a18dcb915cf7,33699b5e-3965-42df-8811-bcdebb9be258,,,,,,,,,,,,,,0,0,0,0,0,0,0,0,0,0,0,0,0,0,0,0,0,0
1,fceb9f7f-160f-4d62-ac9c-935b5f01bd55,1,4f60e659-d2a8-4c76-8032-6ba3fe51f29e,league,home,9607b2a1-352a-4838-839b-9c85f4831362,9ccee97a-1a5c-4e1c-ab9f-c8f511272f83,,,,,,,,,,,,,,0,0,0,0,0,0,0,0,0,0,0,0,0,0,0,0,0,0
1,fceb9f7f-160f-4d62-ac9c-935b5f01bd55,1,4f60e659-d2a8-4c76-8032-6ba3fe51f29e,league,away,9ccee97a-1a5c-4e1c-ab9f-c8f511272f83,9607b2a1-352a-4838-839b-9c85f4831362,,,,,,,,,,,,,,0,0,0,0,0,0,0,0,0,0,0,0,0,0,0,0,0,0
1,fceb9f7f-160f-4d62-ac9c-935b5f01bd55,1,50192a0b-a0f1-4612-8817-4cd83ce85674,league,home,e88476ed-7246-4027-a0fb-b816744a03af,ddf0e13b-0555-44d9-8878-d2568c55d9d3,,,,,,,,,,,,,,0,0,0,0,0,0,0,0,0,0,0,0,0,0,0,0,0,0
1,fceb9f7f-160f-4d62-ac9c-935b5f01bd55,1,50192a0b-a0f1-4612-8817-4cd83ce85674,league,away,ddf0e13b-0555-44d9-8878-d2568c55d9d3,e88476ed-7246-4027-a0fb-b816744a03af,,,,,,,,,,,,,,0,0,0,0,0,0,0,0,0,0,0,0,0,0,0,0,0,0
1,fceb9f7f-160f-4d62-ac9c-935b5f01bd55,1,51214ad4-ddea-4e34-b7c6-173449c94224,league,home,28201149-0420-400b-b5ea-4d95bf5c84a1,f8d9ccd1-f232-4aa4-b79f-979ba2d8a633,,,,,,,,,,,,,,0,0,0,0,0,0,0,0,0,0,0,0,0,0,0,0,0,0
1,fceb9f7f-160f-4d62-ac9c-935b5f01bd55,1,51214ad4-ddea-4e34-b7c6-173449c94224,league,away,f8d9ccd1-f232-4aa4-b79f-979ba2d8a633,28201149-0420-400b-b5ea-4d95bf5c84a1,,,,,,,,,,,,,,0,0,0,0,0,0,0,0,0,0,0,0,0,0,0,0,0,0
1,fceb9f7f-160f-4d62-ac9c-935b5f01bd55,1,54eb03d8-485e-4ff8-9660-fea1a0dbeb2a,league,home,2999d6d2-8661-490c-bbe1-117ca4dac2dc,475a1b3e-8ad1-47ff-a77c-6b3845ab395e,,,,,,,,,,,,,,0,0,0,0,0,0,0,0,0,0,0,0,0,0,0,0,0,0
1,fceb9f7f-160f-4d62-ac9c-935b5f01bd55,1,54eb03d8-485e-4ff8-9660-fea1a0dbeb2a,league,away,475a1b3e-8ad1-47ff-a77c-6b3845ab395e,2999d6d2-8661-490c-bbe1-117ca4dac2dc,,,,,,,,,,,,,,0,0,0,0,0,0,0,0,0,0,0,0,0,0,0,0,0,0
1,fceb9f7f-160f-4d62-ac9c-935b5f01bd55,1,55ababe5-536e-49ff-9c74-23ba6b7b8a6b,league,home,58dc5ee2-c517-4d82-89f9-4e2addd5d779,ebadc9d1-3ac7-4195-89d1-68d65b21d7bf,,,,,,,,,,,,,,0,0,0,0,0,0,0,0,0,0,0,0,0,0,0,0,0,0
1,fceb9f7f-160f-4d62-ac9c-935b5f01bd55,1,55ababe5-536e-49ff-9c74-23ba6b7b8a6b,league,away,ebadc9d1-3ac7-4195-89d1-68d65b21d7bf,58dc5ee2-c517-4d82-89f9-4e2addd5d779,,,,,,,,,,,,,,0,0,0,0,0,0,0,0,0,0,0,0,0,0,0,0,0,0
1,fceb9f7f-160f-4d62-ac9c-935b5f01bd55,1,565054a0-dfad-495e-a19c-3598157e6bda,league,home,e04c133f-581e-46b1-ad03-20172c70d8ae,60363443-c408-4644-83c2-b40e4f2ca789,,,,,,,,,,,,,,0,0,0,0,0,0,0,0,0,0,0,0,0,0,0,0,0,0
1,fceb9f7f-160f-4d62-ac9c-935b5f01bd55,1,565054a0-dfad-495e-a19c-3598157e6bda,league,away,60363443-c408-4644-83c2-b40e4f2ca789,e04c133f-581e-46b1-ad03-20172c70d8ae,,,,,,,,,,,,,,0,0,0,0,0,0,0,0,0,0,0,0,0,0,0,0,0,0
1,fceb9f7f-160f-4d62-ac9c-935b5f01bd55,1,59be843c-2d09-46fa-bea4-219324e418f6,league,home,41a8fa17-1422-4bf2-8739-b77b3c9f58c8,e148d4bd-559a-40d4-9260-4c949a1454e2,,,,,,,,,,,,,,0,0,0,0,0,0,0,0,0,0,0,0,0,0,0,0,0,0
1,fceb9f7f-160f-4d62-ac9c-935b5f01bd55,1,59be843c-2d09-46fa-bea4-219324e418f6,league,away,e148d4bd-559a-40d4-9260-4c949a1454e2,41a8fa17-1422-4bf2-8739-b77b3c9f58c8,,,,,,,,,,,,,,0,0,0,0,0,0,0,0,0,0,0,0,0,0,0,0,0,0
1,fceb9f7f-160f-4d62-ac9c-935b5f01bd55,1,5a0ae074-48c6-49bd-a72f-2de4a114a712,league,home,43a74a31-78d1-4d8c-afbb-2a2904ded69b,054aa8db-0530-4392-9e66-1fdd639be190,,,,,,,,,,,,,,0,0,0,0,0,0,0,0,0,0,0,0,0,0,0,0,0,0
1,fceb9f7f-160f-4d62-ac9c-935b5f01bd55,1,5a0ae074-48c6-49bd-a72f-2de4a114a712,league,away,054aa8db-0530-4392-9e66-1fdd639be190,43a74a31-78d1-4d8c-afbb-2a2904ded69b,,,,,,,,,,,,,,0,0,0,0,0,0,0,0,0,0,0,0,0,0,0,0,0,0
1,fceb9f7f-160f-4d62-ac9c-935b5f01bd55,1,5b0b2eac-7192-4e52-8e05-de2a100d18a7,league,home,1eea79b9-440c-424c-a484-baaf8c04348b,5a1c4dd5-3098-4200-b3b1-46e672bb616e,,,,,,,,,,,,,,0,0,0,0,0,0,0,0,0,0,0,0,0,0,0,0,0,0
1,fceb9f7f-160f-4d62-ac9c-935b5f01bd55,1,5b0b2eac-7192-4e52-8e05-de2a100d18a7,league,away,5a1c4dd5-3098-4200-b3b1-46e672bb616e,1eea79b9-440c-424c-a484-baaf8c04348b,,,,,,,,,,,,,,0,0,0,0,0,0,0,0,0,0,0,0,0,0,0,0,0,0
1,fceb9f7f-160f-4d62-ac9c-935b5f01bd55,1,5bc8be89-af36-449b-b2a6-114318759a43,league,home,441b8d90-7681-4fe6-b52c-8eb6296dffc5,4a727c2c-8eb8-4eee-8be0-a345b177db78,,,,,,,,,,,,,,0,0,0,0,0,0,0,0,0,0,0,0,0,0,0,0,0,0
1,fceb9f7f-160f-4d62-ac9c-935b5f01bd55,1,5bc8be89-af36-449b-b2a6-114318759a43,league,away,4a727c2c-8eb8-4eee-8be0-a345b177db78,441b8d90-7681-4fe6-b52c-8eb6296dffc5,,,,,,,,,,,,,,0,0,0,0,0,0,0,0,0,0,0,0,0,0,0,0,0,0
1,fceb9f7f-160f-4d62-ac9c-935b5f01bd55,1,5d4d2174-df64-4949-b22e-56a7f5ce0a5b,league,home,415f17e4-d88c-4128-96e2-a1d79e1b412f,79617b1d-b321-469d-858b-364343d79e49,,,,,,,,,,,,,,0,0,0,0,0,0,0,0,0,0,0,0,0,0,0,0,0,0
1,fceb9f7f-160f-4d62-ac9c-935b5f01bd55,1,5d4d2174-df64-4949-b22e-56a7f5ce0a5b,league,away,79617b1d-b321-469d-858b-364343d79e49,415f17e4-d88c-4128-96e2-a1d79e1b412f,,,,,,,,,,,,,,0,0,0,0,0,0,0,0,0,0,0,0,0,0,0,0,0,0
1,fceb9f7f-160f-4d62-ac9c-935b5f01bd55,1,5d67beb0-ada3-41f7-8ff9-f230d7a7fb8d,league,home,981401a5-f156-4823-b08e-9e021eba6173,db709ae9-4589-4fe6-973f-a7515e449c8c,,,,,,,,,,,,,,0,0,0,0,0,0,0,0,0,0,0,0,0,0,0,0,0,0
1,fceb9f7f-160f-4d62-ac9c-935b5f01bd55,1,5d67beb0-ada3-41f7-8ff9-f230d7a7fb8d,league,away,db709ae9-4589-4fe6-973f-a7515e449c8c,981401a5-f156-4823-b08e-9e021eba6173,,,,,,,,,,,,,,0,0,0,0,0,0,0,0,0,0,0,0,0,0,0,0,0,0
1,fceb9f7f-160f-4d62-ac9c-935b5f01bd55,1,5dde5880-b75f-4e87-b500-fac06f4d970f,league,home,10ab0e04-cbf4-46ac-be2f-f093cb17627e,3e2e762c-65bd-4cb1-9dfd-f6df7b0c8738,,,,,,,,,,,,,,0,0,0,0,0,0,0,0,0,0,0,0,0,0,0,0,0,0
1,fceb9f7f-160f-4d62-ac9c-935b5f01bd55,1,5dde5880-b75f-4e87-b500-fac06f4d970f,league,away,3e2e762c-65bd-4cb1-9dfd-f6df7b0c8738,10ab0e04-cbf4-46ac-be2f-f093cb17627e,,,,,,,,,,,,,,0,0,0,0,0,0,0,0,0,0,0,0,0,0,0,0,0,0
1,fceb9f7f-160f-4d62-ac9c-935b5f01bd55,1,5e65344a-d9ee-48ee-b25a-29d9a394525f,league,home,bbc21929-75d0-4523-b26d-e3086f88e17a,3c4ad695-681d-4875-b961-ba99b69f2a80,,,,,,,,,,,,,,0,0,0,0,0,0,0,0,0,0,0,0,0,0,0,0,0,0
1,fceb9f7f-160f-4d62-ac9c-935b5f01bd55,1,5e65344a-d9ee-48ee-b25a-29d9a394525f,league,away,3c4ad695-681d-4875-b961-ba99b69f2a80,bbc21929-75d0-4523-b26d-e3086f88e17a,,,,,,,,,,,,,,0,0,0,0,0,0,0,0,0,0,0,0,0,0,0,0,0,0
1,fceb9f7f-160f-4d62-ac9c-935b5f01bd55,1,5fe31b67-e4b0-4b80-8770-03ad5670c353,league,home,21fc06b5-ee24-4e02-ab81-4ab23f655c0d,efd3e365-fa22-488b-b3d9-fa1806f07fda,,,,,,,,,,,,,,0,0,0,0,0,0,0,0,0,0,0,0,0,0,0,0,0,0
1,fceb9f7f-160f-4d62-ac9c-935b5f01bd55,1,5fe31b67-e4b0-4b80-8770-03ad5670c353,league,away,efd3e365-fa22-488b-b3d9-fa1806f07fda,21fc06b5-ee24-4e02-ab81-4ab23f655c0d,,,,,,,,,,,,,,0,0,0,0,0,0,0,0,0,0,0,0,0,0,0,0,0,0
1,fceb9f7f-160f-4d62-ac9c-935b5f01bd55,1,609c466a-ddfc-4485-809b-037cc34ccd31,league,home,574f3f0c-5859-4e25-a871-d2e233fd8ff3,c86c5d67-0448-4591-bbe9-0211dc6be571,,,,,,,,,,,,,,0,0,0,0,0,0,0,0,0,0,0,0,0,0,0,0,0,0
1,fceb9f7f-160f-4d62-ac9c-935b5f01bd55,1,609c466a-ddfc-4485-809b-037cc34ccd31,league,away,c86c5d67-0448-4591-bbe9-0211dc6be571,574f3f0c-5859-4e25-a871-d2e233fd8ff3,,,,,,,,,,,,,,0,0,0,0,0,0,0,0,0,0,0,0,0,0,0,0,0,0
1,fceb9f7f-160f-4d62-ac9c-935b5f01bd55,1,65990a0c-7bdf-4600-bccf-ac452d2263f1,league,home,d4c96a39-2020-4ee2-a75d-665d48319933,71ef4219-0eed-4375-9849-82874b814b28,,,,,,,,,,,,,,0,0,0,0,0,0,0,0,0,0,0,0,0,0,0,0,0,0
1,fceb9f7f-160f-4d62-ac9c-935b5f01bd55,1,65990a0c-7bdf-4600-bccf-ac452d2263f1,league,away,71ef4219-0eed-4375-9849-82874b814b28,d4c96a39-2020-4ee2-a75d-665d48319933,,,,,,,,,,,,,,0,0,0,0,0,0,0,0,0,0,0,0,0,0,0,0,0,0
1,fceb9f7f-160f-4d62-ac9c-935b5f01bd55,1,65a0500d-47f9-487b-b620-ace4e7d37a22,league,home,cb837e24-4956-480a-b299-918f3bc43cd0,b23f0411-99aa-40d6-83b6-daacdb345efa,,,,,,,,,,,,,,0,0,0,0,0,0,0,0,0,0,0,0,0,0,0,0,0,0
1,fceb9f7f-160f-4d62-ac9c-935b5f01bd55,1,65a0500d-47f9-487b-b620-ace4e7d37a22,league,away,b23f0411-99aa-40d6-83b6-daacdb345efa,cb837e24-4956-480a-b299-918f3bc43cd0,,,,,,,,,,,,,,0,0,0,0,0,0,0,0,0,0,0,0,0,0,0,0,0,0
1,fceb9f7f-160f-4d62-ac9c-935b5f01bd55,1,66213ccd-4464-462d-b8bd-63844991330c,league,home,a8280396-e126-4e6b-b4f2-c63aac2a320c,bd3c81c2-da9a-4249-9e40-57c39a5bb89e,,,,,,,,,,,,,,0,0,0,0,0,0,0,0,0,0,0,0,0,0,0,0,0,0
1,fceb9f7f-160f-4d62-ac9c-935b5f01bd55,1,66213ccd-4464-462d-b8bd-63844991330c,league,away,bd3c81c2-da9a-4249-9e40-57c39a5bb89e,a8280396-e126-4e6b-b4f2-c63aac2a320c,,,,,,,,,,,,,,0,0,0,0,0,0,0,0,0,0,0,0,0,0,0,0,0,0
1,fceb9f7f-160f-4d62-ac9c-935b5f01bd55,1,6b6b4ef8-14ee-4d55-93d7-c484582f90fc,league,home,9d995036-9628-43e0-8798-06b06a0e7fdf,ffe425d0-a1e8-4a30-8c56-24cf296d900b,,,,,,,,,,,,,,0,0,0,0,0,0,0,0,0,0,0,0,0,0,0,0,0,0
1,fceb9f7f-160f-4d62-ac9c-935b5f01bd55,1,6b6b4ef8-14ee-4d55-93d7-c484582f90fc,league,away,ffe425d0-a1e8-4a30-8c56-24cf296d900b,9d995036-9628-43e0-8798-06b06a0e7fdf,,,,,,,,,,,,,,0,0,0,0,0,0,0,0,0,0,0,0,0,0,0,0,0,0
1,fceb9f7f-160f-4d62-ac9c-935b5f01bd55,1,70abbad8-edc4-4d43-96a1-0541334b739c,league,home,bd62cdd9-66d3-412c-bf48-291a6eadc3f6,3d9b6b6a-2327-418e-afd9-40ebe870b6c5,,,,,,,,,,,,,,0,0,0,0,0,0,0,0,0,0,0,0,0,0,0,0,0,0
1,fceb9f7f-160f-4d62-ac9c-935b5f01bd55,1,70abbad8-edc4-4d43-96a1-0541334b739c,league,away,3d9b6b6a-2327-418e-afd9-40ebe870b6c5,bd62cdd9-66d3-412c-bf48-291a6eadc3f6,,,,,,,,,,,,,,0,0,0,0,0,0,0,0,0,0,0,0,0,0,0,0,0,0
1,fceb9f7f-160f-4d62-ac9c-935b5f01bd55,1,70eea871-1310-4d94-8516-c97027331ae0,league,home,86d1b28f-ac72-4af8-a331-22072274d027,07be0fca-fc14-4a58-bd06-b9427b03de9f,,,,,,,,,,,,,,0,0,0,0,0,0,0,0,0,0,0,0,0,0,0,0,0,0
1,fceb9f7f-160f-4d62-ac9c-935b5f01bd55,1,70eea871-1310-4d94-8516-c97027331ae0,league,away,07be0fca-fc14-4a58-bd06-b9427b03de9f,86d1b28f-ac72-4af8-a331-22072274d027,,,,,,,,,,,,,,0,0,0,0,0,0,0,0,0,0,0,0,0,0,0,0,0,0
1,fceb9f7f-160f-4d62-ac9c-935b5f01bd55,1,735a490e-cb85-41c0-950b-dee62f34c90e,league,home,a292d5b0-bde8-4fcc-9da4-e2894165a4ed,0a6e04dd-880a-46cb-8a6a-bf2c33665178,,,,,,,,,,,,,,0,0,0,0,0,0,0,0,0,0,0,0,0,0,0,0,0,0
1,fceb9f7f-160f-4d62-ac9c-935b5f01bd55,1,735a490e-cb85-41c0-950b-dee62f34c90e,league,away,0a6e04dd-880a-46cb-8a6a-bf2c33665178,a292d5b0-bde8-4fcc-9da4-e2894165a4ed,,,,,,,,,,,,,,0,0,0,0,0,0,0,0,0,0,0,0,0,0,0,0,0,0
1,fceb9f7f-160f-4d62-ac9c-935b5f01bd55,1,799952b2-a201-47e4-887c-72bbf6df6137,league,home,2daabcac-a2c9-4c44-8628-4f72079033df,2428b0e8-751a-4896-a0ef-c9d25954e811,,,,,,,,,,,,,,0,0,0,0,0,0,0,0,0,0,0,0,0,0,0,0,0,0
1,fceb9f7f-160f-4d62-ac9c-935b5f01bd55,1,799952b2-a201-47e4-887c-72bbf6df6137,league,away,2428b0e8-751a-4896-a0ef-c9d25954e811,2daabcac-a2c9-4c44-8628-4f72079033df,,,,,,,,,,,,,,0,0,0,0,0,0,0,0,0,0,0,0,0,0,0,0,0,0
1,fceb9f7f-160f-4d62-ac9c-935b5f01bd55,1,7e449458-f952-4f97-9821-938d4f746139,league,home,da862854-6793-4676-b4b4-a9f1b1fb0ffb,b78923f9-476a-47cf-a00f-b19cbd4a968b,,,,,,,,,,,,,,0,0,0,0,0,0,0,0,0,0,0,0,0,0,0,0,0,0
1,fceb9f7f-160f-4d62-ac9c-935b5f01bd55,1,7e449458-f952-4f97-9821-938d4f746139,league,away,b78923f9-476a-47cf-a00f-b19cbd4a968b,da862854-6793-4676-b4b4-a9f1b1fb0ffb,,,,,,,,,,,,,,0,0,0,0,0,0,0,0,0,0,0,0,0,0,0,0,0,0
1,fceb9f7f-160f-4d62-ac9c-935b5f01bd55,1,803996f2-3b18-481f-99b3-1963c9767646,league,home,dab555de-d03a-4cb7-b976-45e45a8b5cbb,dc3e4d99-310b-4678-98ab-a5adfa5d95d0,,,,,,,,,,,,,,0,0,0,0,0,0,0,0,0,0,0,0,0,0,0,0,0,0
1,fceb9f7f-160f-4d62-ac9c-935b5f01bd55,1,803996f2-3b18-481f-99b3-1963c9767646,league,away,dc3e4d99-310b-4678-98ab-a5adfa5d95d0,dab555de-d03a-4cb7-b976-45e45a8b5cbb,,,,,,,,,,,,,,0,0,0,0,0,0,0,0,0,0,0,0,0,0,0,0,0,0
1,fceb9f7f-160f-4d62-ac9c-935b5f01bd55,1,816d6dff-3433-40d7-bf0d-2756090bedb6,league,home,4e946a25-a7ab-49ab-976c-566b9fb59154,306a935a-991d-4ebe-979e-da93356814fe,,,,,,,,,,,,,,0,0,0,0,0,0,0,0,0,0,0,0,0,0,0,0,0,0
1,fceb9f7f-160f-4d62-ac9c-935b5f01bd55,1,816d6dff-3433-40d7-bf0d-2756090bedb6,league,away,306a935a-991d-4ebe-979e-da93356814fe,4e946a25-a7ab-49ab-976c-566b9fb59154,,,,,,,,,,,,,,0,0,0,0,0,0,0,0,0,0,0,0,0,0,0,0,0,0
1,fceb9f7f-160f-4d62-ac9c-935b5f01bd55,1,855cb448-b9e6-4516-a6ba-6eb717b8425c,league,home,e18f49c3-2ff4-4c9b-971c-71acfb0c9ad2,d15a9fa6-53c8-4880-8f38-f9ec8397e96e,,,,,,,,,,,,,,0,0,0,0,0,0,0,0,0,0,0,0,0,0,0,0,0,0
1,fceb9f7f-160f-4d62-ac9c-935b5f01bd55,1,855cb448-b9e6-4516-a6ba-6eb717b8425c,league,away,d15a9fa6-53c8-4880-8f38-f9ec8397e96e,e18f49c3-2ff4-4c9b-971c-71acfb0c9ad2,,,,,,,,,,,,,,0,0,0,0,0,0,0,0,0,0,0,0,0,0,0,0,0,0
1,fceb9f7f-160f-4d62-ac9c-935b5f01bd55,1,8b8ea5de-35a1-46d5-9f4c-9c91d966060d,league,home,346eab74-d60c-4538-aa3f-96286f32c2d6,202086d8-4b0c-47ff-ab90-8cd923407d72,,,,,,,,,,,,,,0,0,0,0,0,0,0,0,0,0,0,0,0,0,0,0,0,0
1,fceb9f7f-160f-4d62-ac9c-935b5f01bd55,1,8b8ea5de-35a1-46d5-9f4c-9c91d966060d,league,away,202086d8-4b0c-47ff-ab90-8cd923407d72,346eab74-d60c-4538-aa3f-96286f32c2d6,,,,,,,,,,,,,,0,0,0,0,0,0,0,0,0,0,0,0,0,0,0,0,0,0
1,fceb9f7f-160f-4d62-ac9c-935b5f01bd55,1,8cdc8ba6-0700-4088-a2dc-db20311e703f,league,home,aaee24ea-2e8c-4ea0-8162-8834520ad407,500a5f84-16b5-488d-82d2-6d876033eee4,,,,,,,,,,,,,,0,0,0,0,0,0,0,0,0,0,0,0,0,0,0,0,0,0
1,fceb9f7f-160f-4d62-ac9c-935b5f01bd55,1,8cdc8ba6-0700-4088-a2dc-db20311e703f,league,away,500a5f84-16b5-488d-82d2-6d876033eee4,aaee24ea-2e8c-4ea0-8162-8834520ad407,,,,,,,,,,,,,,0,0,0,0,0,0,0,0,0,0,0,0,0,0,0,0,0,0
1,fceb9f7f-160f-4d62-ac9c-935b5f01bd55,1,913ed576-18f3-48f7-b90f-7b3f39b446a3,league,home,24b261d3-d6c4-4245-a687-029d02cc0c64,92c5d738-0918-48bc-859e-67902a12d516,,,,,,,,,,,,,,0,0,0,0,0,0,0,0,0,0,0,0,0,0,0,0,0,0
1,fceb9f7f-160f-4d62-ac9c-935b5f01bd55,1,913ed576-18f3-48f7-b90f-7b3f39b446a3,league,away,92c5d738-0918-48bc-859e-67902a12d516,24b261d3-d6c4-4245-a687-029d02cc0c64,,,,,,,,,,,,,,0,0,0,0,0,0,0,0,0,0,0,0,0,0,0,0,0,0
1,fceb9f7f-160f-4d62-ac9c-935b5f01bd55,1,92fb3cab-5edf-457e-a4be-236bcda34478,league,home,e9e95ef7-792f-4bef-a39c-8b95e5ac0b66,8605adc0-de1b-435e-963a-73089ab2bb63,,,,,,,,,,,,,,0,0,0,0,0,0,0,0,0,0,0,0,0,0,0,0,0,0
1,fceb9f7f-160f-4d62-ac9c-935b5f01bd55,1,92fb3cab-5edf-457e-a4be-236bcda34478,league,away,8605adc0-de1b-435e-963a-73089ab2bb63,e9e95ef7-792f-4bef-a39c-8b95e5ac0b66,,,,,,,,,,,,,,0,0,0,0,0,0,0,0,0,0,0,0,0,0,0,0,0,0
1,fceb9f7f-160f-4d62-ac9c-935b5f01bd55,1,93a573a0-2dcd-45b7-9c0a-c622cc9fbe73,league,home,921f8dde-cf39-43bb-b9a7-f16d6870348c,77b5387a-1d04-4c29-a16e-8788083e25ae,,,,,,,,,,,,,,0,0,0,0,0,0,0,0,0,0,0,0,0,0,0,0,0,0
1,fceb9f7f-160f-4d62-ac9c-935b5f01bd55,1,93a573a0-2dcd-45b7-9c0a-c622cc9fbe73,league,away,77b5387a-1d04-4c29-a16e-8788083e25ae,921f8dde-cf39-43bb-b9a7-f16d6870348c,,,,,,,,,,,,,,0,0,0,0,0,0,0,0,0,0,0,0,0,0,0,0,0,0
1,fceb9f7f-160f-4d62-ac9c-935b5f01bd55,1,96e86ded-f3bd-4173-898e-7db38cc2c8ad,league,home,b938037f-7fa4-4e52-9e25-b301a77d889c,59360dec-a706-416c-9ea1-3e1af1bdd29f,,,,,,,,,,,,,,0,0,0,0,0,0,0,0,0,0,0,0,0,0,0,0,0,0
1,fceb9f7f-160f-4d62-ac9c-935b5f01bd55,1,96e86ded-f3bd-4173-898e-7db38cc2c8ad,league,away,59360dec-a706-416c-9ea1-3e1af1bdd29f,b938037f-7fa4-4e52-9e25-b301a77d889c,,,,,,,,,,,,,,0,0,0,0,0,0,0,0,0,0,0,0,0,0,0,0,0,0
1,fceb9f7f-160f-4d62-ac9c-935b5f01bd55,1,988eb857-3c5c-42f1-8a5e-ed0a9cb2b091,league,home,f59f2054-80c7-4f67-b162-b31180eb55b4,9a22ab41-df5a-4efe-9991-1d22b211c39c,,,,,,,,,,,,,,0,0,0,0,0,0,0,0,0,0,0,0,0,0,0,0,0,0
1,fceb9f7f-160f-4d62-ac9c-935b5f01bd55,1,988eb857-3c5c-42f1-8a5e-ed0a9cb2b091,league,away,9a22ab41-df5a-4efe-9991-1d22b211c39c,f59f2054-80c7-4f67-b162-b31180eb55b4,,,,,,,,,,,,,,0,0,0,0,0,0,0,0,0,0,0,0,0,0,0,0,0,0
1,fceb9f7f-160f-4d62-ac9c-935b5f01bd55,1,98dd3631-3cb4-459c-b9ba-48d28ca599b6,league,home,a5360a4c-a326-4823-b953-c31bedcc547a,443b4d97-b36c-4f9d-8708-c20d1c529be7,,,,,,,,,,,,,,0,0,0,0,0,0,0,0,0,0,0,0,0,0,0,0,0,0
1,fceb9f7f-160f-4d62-ac9c-935b5f01bd55,1,98dd3631-3cb4-459c-b9ba-48d28ca599b6,league,away,443b4d97-b36c-4f9d-8708-c20d1c529be7,a5360a4c-a326-4823-b953-c31bedcc547a,,,,,,,,,,,,,,0,0,0,0,0,0,0,0,0,0,0,0,0,0,0,0,0,0
1,fceb9f7f-160f-4d62-ac9c-935b5f01bd55,1,9ab65102-70fe-42b3-a397-cf9046b87efe,league,home,f611b471-16bb-4e9c-a05c-866a05e16b1c,84a14f20-b8ab-432d-9f18-ea9fa4b1b2a1,,,,,,,,,,,,,,0,0,0,0,0,0,0,0,0,0,0,0,0,0,0,0,0,0
1,fceb9f7f-160f-4d62-ac9c-935b5f01bd55,1,9ab65102-70fe-42b3-a397-cf9046b87efe,league,away,84a14f20-b8ab-432d-9f18-ea9fa4b1b2a1,f611b471-16bb-4e9c-a05c-866a05e16b1c,,,,,,,,,,,,,,0,0,0,0,0,0,0,0,0,0,0,0,0,0,0,0,0,0
1,fceb9f7f-160f-4d62-ac9c-935b5f01bd55,1,9bec0730-7413-44b7-8140-506d49b79c16,league,home,bc6cc32b-8806-46a5-8d31-90abba49989b,9d8c2565-0aa1-466d-90ac-95cfdfb744f4,,,,,,,,,,,,,,0,0,0,0,0,0,0,0,0,0,0,0,0,0,0,0,0,0
1,fceb9f7f-160f-4d62-ac9c-935b5f01bd55,1,9bec0730-7413-44b7-8140-506d49b79c16,league,away,9d8c2565-0aa1-466d-90ac-95cfdfb744f4,bc6cc32b-8806-46a5-8d31-90abba49989b,,,,,,,,,,,,,,0,0,0,0,0,0,0,0,0,0,0,0,0,0,0,0,0,0
1,fceb9f7f-160f-4d62-ac9c-935b5f01bd55,1,9ed17813-f586-49cd-8436-4d419ea14ea1,league,home,4b7be0cc-e30d-48b2-ac89-a66776e99bac,e2103b12-de3e-4feb-9d60-a9a9ce76b817,,,,,,,,,,,,,,0,0,0,0,0,0,0,0,0,0,0,0,0,0,0,0,0,0
1,fceb9f7f-160f-4d62-ac9c-935b5f01bd55,1,9ed17813-f586-49cd-8436-4d419ea14ea1,league,away,e2103b12-de3e-4feb-9d60-a9a9ce76b817,4b7be0cc-e30d-48b2-ac89-a66776e99bac,,,,,,,,,,,,,,0,0,0,0,0,0,0,0,0,0,0,0,0,0,0,0,0,0
1,fceb9f7f-160f-4d62-ac9c-935b5f01bd55,1,a6853aac-c675-4816-9500-e98c887caede,league,home,3c1eb103-3da0-4933-99d2-c9c11e1ebb47,a67b3cd5-f130-4b90-9c89-3e84a091765a,,,,,,,,,,,,,,0,0,0,0,0,0,0,0,0,0,0,0,0,0,0,0,0,0
1,fceb9f7f-160f-4d62-ac9c-935b5f01bd55,1,a6853aac-c675-4816-9500-e98c887caede,league,away,a67b3cd5-f130-4b90-9c89-3e84a091765a,3c1eb103-3da0-4933-99d2-c9c11e1ebb47,,,,,,,,,,,,,,0,0,0,0,0,0,0,0,0,0,0,0,0,0,0,0,0,0
1,fceb9f7f-160f-4d62-ac9c-935b5f01bd55,1,a80892b1-2b98-4164-a7aa-98e5732e0232,league,home,5013b817-a5d3-4bdc-8b84-813642f4e2aa,6b423ce9-ac91-46c7-b408-3b5391748744,,,,,,,,,,,,,,0,0,0,0,0,0,0,0,0,0,0,0,0,0,0,0,0,0
1,fceb9f7f-160f-4d62-ac9c-935b5f01bd55,1,a80892b1-2b98-4164-a7aa-98e5732e0232,league,away,6b423ce9-ac91-46c7-b408-3b5391748744,5013b817-a5d3-4bdc-8b84-813642f4e2aa,,,,,,,,,,,,,,0,0,0,0,0,0,0,0,0,0,0,0,0,0,0,0,0,0
1,fceb9f7f-160f-4d62-ac9c-935b5f01bd55,1,a828179b-6881-4a59-a661-d818d2f978cb,league,home,33de359d-d58a-4043-8e12-f31c67fe8efb,b1b4d0e2-744e-4f75-bfda-1f9b5c9f776d,,,,,,,,,,,,,,0,0,0,0,0,0,0,0,0,0,0,0,0,0,0,0,0,0
1,fceb9f7f-160f-4d62-ac9c-935b5f01bd55,1,a828179b-6881-4a59-a661-d818d2f978cb,league,away,b1b4d0e2-744e-4f75-bfda-1f9b5c9f776d,33de359d-d58a-4043-8e12-f31c67fe8efb,,,,,,,,,,,,,,0,0,0,0,0,0,0,0,0,0,0,0,0,0,0,0,0,0
1,fceb9f7f-160f-4d62-ac9c-935b5f01bd55,1,a8c156ba-9c62-4f27-a7fe-0dfeb9aa64df,league,home,e4294afb-89b6-416b-91e7-8aca8ea5d33f,3059cf72-4b34-4757-ac02-1ac521619c90,,,,,,,,,,,,,,0,0,0,0,0,0,0,0,0,0,0,0,0,0,0,0,0,0
1,fceb9f7f-160f-4d62-ac9c-935b5f01bd55,1,a8c156ba-9c62-4f27-a7fe-0dfeb9aa64df,league,away,3059cf72-4b34-4757-ac02-1ac521619c90,e4294afb-89b6-416b-91e7-8aca8ea5d33f,,,,,,,,,,,,,,0,0,0,0,0,0,0,0,0,0,0,0,0,0,0,0,0,0
1,fceb9f7f-160f-4d62-ac9c-935b5f01bd55,1,a94ba46e-51ec-4756-8b94-1141eb8070fd,league,home,54799594-209a-4bc1-908f-63e7aa7f2fc7,a7c7dd55-b765-429a-a3df-211025e5dab7,,,,,,,,,,,,,,0,0,0,0,0,0,0,0,0,0,0,0,0,0,0,0,0,0
1,fceb9f7f-160f-4d62-ac9c-935b5f01bd55,1,a94ba46e-51ec-4756-8b94-1141eb8070fd,league,away,a7c7dd55-b765-429a-a3df-211025e5dab7,54799594-209a-4bc1-908f-63e7aa7f2fc7,,,,,,,,,,,,,,0,0,0,0,0,0,0,0,0,0,0,0,0,0,0,0,0,0
1,fceb9f7f-160f-4d62-ac9c-935b5f01bd55,1,aafd15c7-140b-45dd-b80c-75bed64b2965,league,home,1f35074a-98c5-4327-aa33-47afa35468e3,4f134bec-27d0-40d7-a57b-790a7f2afba7,,,,,,,,,,,,,,0,0,0,0,0,0,0,0,0,0,0,0,0,0,0,0,0,0
1,fceb9f7f-160f-4d62-ac9c-935b5f01bd55,1,aafd15c7-140b-45dd-b80c-75bed64b2965,league,away,4f134bec-27d0-40d7-a57b-790a7f2afba7,1f35074a-98c5-4327-aa33-47afa35468e3,,,,,,,,,,,,,,0,0,0,0,0,0,0,0,0,0,0,0,0,0,0,0,0,0
1,fceb9f7f-160f-4d62-ac9c-935b5f01bd55,1,b36469fb-6bf9-4a19-a840-9871d77545cc,league,home,a119f2fe-251c-4e50-b0f2-4aad9262c2d1,dc83b471-b4e9-4a9c-a73e-a893e89a90a5,,,,,,,,,,,,,,0,0,0,0,0,0,0,0,0,0,0,0,0,0,0,0,0,0
1,fceb9f7f-160f-4d62-ac9c-935b5f01bd55,1,b36469fb-6bf9-4a19-a840-9871d77545cc,league,away,dc83b471-b4e9-4a9c-a73e-a893e89a90a5,a119f2fe-251c-4e50-b0f2-4aad9262c2d1,,,,,,,,,,,,,,0,0,0,0,0,0,0,0,0,0,0,0,0,0,0,0,0,0
1,fceb9f7f-160f-4d62-ac9c-935b5f01bd55,1,b4fed1fd-3c46-4504-8f8a-2337ae7a6326,league,home,ee500632-1f8a-4213-8ea0-e36271a21297,262de674-ff1e-44e5-93c4-fd41a86b661a,,,,,,,,,,,,,,0,0,0,0,0,0,0,0,0,0,0,0,0,0,0,0,0,0
1,fceb9f7f-160f-4d62-ac9c-935b5f01bd55,1,b4fed1fd-3c46-4504-8f8a-2337ae7a6326,league,away,262de674-ff1e-44e5-93c4-fd41a86b661a,ee500632-1f8a-4213-8ea0-e36271a21297,,,,,,,,,,,,,,0,0,0,0,0,0,0,0,0,0,0,0,0,0,0,0,0,0
1,fceb9f7f-160f-4d62-ac9c-935b5f01bd55,1,b738fb11-4e38-434e-b49e-5d8bb47a7646,league,home,d3212d49-0f5b-4855-8c16-3fd55207e61d,ca4feb27-21c5-4d55-b678-e0da882b5760,,,,,,,,,,,,,,0,0,0,0,0,0,0,0,0,0,0,0,0,0,0,0,0,0
1,fceb9f7f-160f-4d62-ac9c-935b5f01bd55,1,b738fb11-4e38-434e-b49e-5d8bb47a7646,league,away,ca4feb27-21c5-4d55-b678-e0da882b5760,d3212d49-0f5b-4855-8c16-3fd55207e61d,,,,,,,,,,,,,,0,0,0,0,0,0,0,0,0,0,0,0,0,0,0,0,0,0
1,fceb9f7f-160f-4d62-ac9c-935b5f01bd55,1,b7407fa0-a5dd-4339-a593-66d1f132660e,league,home,119b49ed-114f-4b16-b9bb-b33b5c593091,6d87e842-1b65-442d-90ef-a4fa31eb1a0b,,,,,,,,,,,,,,0,0,0,0,0,0,0,0,0,0,0,0,0,0,0,0,0,0
1,fceb9f7f-160f-4d62-ac9c-935b5f01bd55,1,b7407fa0-a5dd-4339-a593-66d1f132660e,league,away,6d87e842-1b65-442d-90ef-a4fa31eb1a0b,119b49ed-114f-4b16-b9bb-b33b5c593091,,,,,,,,,,,,,,0,0,0,0,0,0,0,0,0,0,0,0,0,0,0,0,0,0
1,fceb9f7f-160f-4d62-ac9c-935b5f01bd55,1,b84352fc-310d-4b67-a26c-8bf67c27ea2a,league,home,16828fc4-0a03-4c69-9ffb-c819707d3fcb,1565389c-0837-4e32-aec5-b455f089a7ce,,,,,,,,,,,,,,0,0,0,0,0,0,0,0,0,0,0,0,0,0,0,0,0,0
1,fceb9f7f-160f-4d62-ac9c-935b5f01bd55,1,b84352fc-310d-4b67-a26c-8bf67c27ea2a,league,away,1565389c-0837-4e32-aec5-b455f089a7ce,16828fc4-0a03-4c69-9ffb-c819707d3fcb,,,,,,,,,,,,,,0,0,0,0,0,0,0,0,0,0,0,0,0,0,0,0,0,0
1,fceb9f7f-160f-4d62-ac9c-935b5f01bd55,1,ba57dca2-f0e0-4d6a-8a4d-ac5de751497f,league,home,7f5cd488-fca9-43fb-89af-37a441b46aba,668b7196-b4aa-4311-aae1-900b073af7d0,,,,,,,,,,,,,,0,0,0,0,0,0,0,0,0,0,0,0,0,0,0,0,0,0
1,fceb9f7f-160f-4d62-ac9c-935b5f01bd55,1,ba57dca2-f0e0-4d6a-8a4d-ac5de751497f,league,away,668b7196-b4aa-4311-aae1-900b073af7d0,7f5cd488-fca9-43fb-89af-37a441b46aba,,,,,,,,,,,,,,0,0,0,0,0,0,0,0,0,0,0,0,0,0,0,0,0,0
1,fceb9f7f-160f-4d62-ac9c-935b5f01bd55,1,bcc72c79-b60e-4255-a1d7-b5dcd9417129,league,home,76f89c4a-dfd6-4074-9933-4b08bcc014bf,b7d9682b-34dc-46f6-86b3-ada8ee9c5ed2,,,,,,,,,,,,,,0,0,0,0,0,0,0,0,0,0,0,0,0,0,0,0,0,0
1,fceb9f7f-160f-4d62-ac9c-935b5f01bd55,1,bcc72c79-b60e-4255-a1d7-b5dcd9417129,league,away,b7d9682b-34dc-46f6-86b3-ada8ee9c5ed2,76f89c4a-dfd6-4074-9933-4b08bcc014bf,,,,,,,,,,,,,,0,0,0,0,0,0,0,0,0,0,0,0,0,0,0,0,0,0
1,fceb9f7f-160f-4d62-ac9c-935b5f01bd55,1,bd156545-54fd-44b9-8420-9dfc0fb0147e,league,home,853e04f9-a450-4647-badb-59dcb9fdedc5,e4ef9bbc-cae2-4dfd-9977-2a317c877f7a,,,,,,,,,,,,,,0,0,0,0,0,0,0,0,0,0,0,0,0,0,0,0,0,0
1,fceb9f7f-160f-4d62-ac9c-935b5f01bd55,1,bd156545-54fd-44b9-8420-9dfc0fb0147e,league,away,e4ef9bbc-cae2-4dfd-9977-2a317c877f7a,853e04f9-a450-4647-badb-59dcb9fdedc5,,,,,,,,,,,,,,0,0,0,0,0,0,0,0,0,0,0,0,0,0,0,0,0,0
1,fceb9f7f-160f-4d62-ac9c-935b5f01bd55,1,c0c852b9-ded0-4aac-9379-26a991c5b606,league,home,a1b7d569-b773-4941-9760-23033235b1b8,5be51e92-9870-40c4-a774-cfd94435ba23,,,,,,,,,,,,,,0,0,0,0,0,0,0,0,0,0,0,0,0,0,0,0,0,0
1,fceb9f7f-160f-4d62-ac9c-935b5f01bd55,1,c0c852b9-ded0-4aac-9379-26a991c5b606,league,away,5be51e92-9870-40c4-a774-cfd94435ba23,a1b7d569-b773-4941-9760-23033235b1b8,,,,,,,,,,,,,,0,0,0,0,0,0,0,0,0,0,0,0,0,0,0,0,0,0
1,fceb9f7f-160f-4d62-ac9c-935b5f01bd55,1,c4d76a38-5173-4f63-b696-0ce38441afe1,league,home,211cb2b8-1ae6-4bc2-b873-0dbbd21f37da,286d9173-8e88-4df2-a2c2-7f4f8655d070,,,,,,,,,,,,,,0,0,0,0,0,0,0,0,0,0,0,0,0,0,0,0,0,0
1,fceb9f7f-160f-4d62-ac9c-935b5f01bd55,1,c4d76a38-5173-4f63-b696-0ce38441afe1,league,away,286d9173-8e88-4df2-a2c2-7f4f8655d070,211cb2b8-1ae6-4bc2-b873-0dbbd21f37da,,,,,,,,,,,,,,0,0,0,0,0,0,0,0,0,0,0,0,0,0,0,0,0,0
1,fceb9f7f-160f-4d62-ac9c-935b5f01bd55,1,c66376e4-913f-4098-9005-37cb45960851,league,home,d0739cbd-b136-4608-9c7a-762664f6b43d,dbe0839f-c324-46e0-ac94-dcecbf3b71fa,,,,,,,,,,,,,,0,0,0,0,0,0,0,0,0,0,0,0,0,0,0,0,0,0
1,fceb9f7f-160f-4d62-ac9c-935b5f01bd55,1,c66376e4-913f-4098-9005-37cb45960851,league,away,dbe0839f-c324-46e0-ac94-dcecbf3b71fa,d0739cbd-b136-4608-9c7a-762664f6b43d,,,,,,,,,,,,,,0,0,0,0,0,0,0,0,0,0,0,0,0,0,0,0,0,0
1,fceb9f7f-160f-4d62-ac9c-935b5f01bd55,1,ca98b143-7b2a-464c-8b44-028c0241dd07,league,home,a6eac254-0823-427b-8d1e-8a3daadcf61f,4d923c13-27c3-4ba5-890e-1cf9efb08614,,,,,,,,,,,,,,0,0,0,0,0,0,0,0,0,0,0,0,0,0,0,0,0,0
1,fceb9f7f-160f-4d62-ac9c-935b5f01bd55,1,ca98b143-7b2a-464c-8b44-028c0241dd07,league,away,4d923c13-27c3-4ba5-890e-1cf9efb08614,a6eac254-0823-427b-8d1e-8a3daadcf61f,,,,,,,,,,,,,,0,0,0,0,0,0,0,0,0,0,0,0,0,0,0,0,0,0
1,fceb9f7f-160f-4d62-ac9c-935b5f01bd55,1,cab08b69-756a-4fad-bec7-86fcd59fe404,league,home,6bb75c42-dcc2-46e4-995e-2ce7e1aa65c2,8f8ea845-c456-4db1-b144-9d249002d477,,,,,,,,,,,,,,0,0,0,0,0,0,0,0,0,0,0,0,0,0,0,0,0,0
1,fceb9f7f-160f-4d62-ac9c-935b5f01bd55,1,cab08b69-756a-4fad-bec7-86fcd59fe404,league,away,8f8ea845-c456-4db1-b144-9d249002d477,6bb75c42-dcc2-46e4-995e-2ce7e1aa65c2,,,,,,,,,,,,,,0,0,0,0,0,0,0,0,0,0,0,0,0,0,0,0,0,0
1,fceb9f7f-160f-4d62-ac9c-935b5f01bd55,1,cb5ec880-9bb5-42a5-8429-227676618829,league,home,20dddde7-715d-433b-a330-e1147175845e,f43d8a62-7d26-4074-9207-11916cd67cfe,,,,,,,,,,,,,,0,0,0,0,0,0,0,0,0,0,0,0,0,0,0,0,0,0
1,fceb9f7f-160f-4d62-ac9c-935b5f01bd55,1,cb5ec880-9bb5-42a5-8429-227676618829,league,away,f43d8a62-7d26-4074-9207-11916cd67cfe,20dddde7-715d-433b-a330-e1147175845e,,,,,,,,,,,,,,0,0,0,0,0,0,0,0,0,0,0,0,0,0,0,0,0,0
1,fceb9f7f-160f-4d62-ac9c-935b5f01bd55,1,cf8cab5f-5362-4d6a-bafa-8030f2171976,league,home,e7234e4a-727e-4250-96a7-f6c4ca808e7b,2079c3ae-7b51-40d1-87fe-ff0f95110c62,,,,,,,,,,,,,,0,0,0,0,0,0,0,0,0,0,0,0,0,0,0,0,0,0
1,fceb9f7f-160f-4d62-ac9c-935b5f01bd55,1,cf8cab5f-5362-4d6a-bafa-8030f2171976,league,away,2079c3ae-7b51-40d1-87fe-ff0f95110c62,e7234e4a-727e-4250-96a7-f6c4ca808e7b,,,,,,,,,,,,,,0,0,0,0,0,0,0,0,0,0,0,0,0,0,0,0,0,0
1,fceb9f7f-160f-4d62-ac9c-935b5f01bd55,1,d24b2172-94b0-4c42-aa64-b4d919c6c115,league,home,aa181883-1437-425c-b53c-9064751a6bc2,c844f9ae-63c5-4907-9b03-3a917b41ae75,,,,,,,,,,,,,,0,0,0,0,0,0,0,0,0,0,0,0,0,0,0,0,0,0
1,fceb9f7f-160f-4d62-ac9c-935b5f01bd55,1,d24b2172-94b0-4c42-aa64-b4d919c6c115,league,away,c844f9ae-63c5-4907-9b03-3a917b41ae75,aa181883-1437-425c-b53c-9064751a6bc2,,,,,,,,,,,,,,0,0,0,0,0,0,0,0,0,0,0,0,0,0,0,0,0,0
1,fceb9f7f-160f-4d62-ac9c-935b5f01bd55,1,d2dcca27-0884-4d64-bdd7-5c2f92908f48,league,home,9daaf7fc-334a-4c05-a717-f95a0c96dc65,e5f2bfc8-7e7b-40e2-b76d-f73b1fb2f24e,,,,,,,,,,,,,,0,0,0,0,0,0,0,0,0,0,0,0,0,0,0,0,0,0
1,fceb9f7f-160f-4d62-ac9c-935b5f01bd55,1,d2dcca27-0884-4d64-bdd7-5c2f92908f48,league,away,e5f2bfc8-7e7b-40e2-b76d-f73b1fb2f24e,9daaf7fc-334a-4c05-a717-f95a0c96dc65,,,,,,,,,,,,,,0,0,0,0,0,0,0,0,0,0,0,0,0,0,0,0,0,0
1,fceb9f7f-160f-4d62-ac9c-935b5f01bd55,1,d2fd42a0-eaaa-48c7-9927-91291ac21f64,league,home,8162bf39-9107-44bd-97f8-32251deaf226,ee66a88b-b014-43de-9252-f8bc5f046e31,,,,,,,,,,,,,,0,0,0,0,0,0,0,0,0,0,0,0,0,0,0,0,0,0
1,fceb9f7f-160f-4d62-ac9c-935b5f01bd55,1,d2fd42a0-eaaa-48c7-9927-91291ac21f64,league,away,ee66a88b-b014-43de-9252-f8bc5f046e31,8162bf39-9107-44bd-97f8-32251deaf226,,,,,,,,,,,,,,0,0,0,0,0,0,0,0,0,0,0,0,0,0,0,0,0,0
1,fceb9f7f-160f-4d62-ac9c-935b5f01bd55,1,d3fb497b-0f69-43ca-a249-c1051706f944,league,home,25e497eb-3342-4dd6-a0b0-9a8354840005,7829a6dd-b5d4-4601-9037-8abc42c74280,,,,,,,,,,,,,,0,0,0,0,0,0,0,0,0,0,0,0,0,0,0,0,0,0
1,fceb9f7f-160f-4d62-ac9c-935b5f01bd55,1,d3fb497b-0f69-43ca-a249-c1051706f944,league,away,7829a6dd-b5d4-4601-9037-8abc42c74280,25e497eb-3342-4dd6-a0b0-9a8354840005,,,,,,,,,,,,,,0,0,0,0,0,0,0,0,0,0,0,0,0,0,0,0,0,0
1,fceb9f7f-160f-4d62-ac9c-935b5f01bd55,1,d7148fe0-ef7c-4a8d-b39a-ca92c07e94b7,league,home,b4f7f859-77d9-48d0-8fe9-ee60ff10776f,39c8edbd-c8c4-4b45-8ca3-5c9ab231c1bb,,,,,,,,,,,,,,0,0,0,0,0,0,0,0,0,0,0,0,0,0,0,0,0,0
1,fceb9f7f-160f-4d62-ac9c-935b5f01bd55,1,d7148fe0-ef7c-4a8d-b39a-ca92c07e94b7,league,away,39c8edbd-c8c4-4b45-8ca3-5c9ab231c1bb,b4f7f859-77d9-48d0-8fe9-ee60ff10776f,,,,,,,,,,,,,,0,0,0,0,0,0,0,0,0,0,0,0,0,0,0,0,0,0
1,fceb9f7f-160f-4d62-ac9c-935b5f01bd55,1,d97a2687-404f-4e2f-904d-ee1e74f20459,league,home,db51f113-335f-4959-9cfb-7bec7cc9e0a9,55b6259a-ddd2-4e57-8cd2-59a39d019aa7,,,,,,,,,,,,,,0,0,0,0,0,0,0,0,0,0,0,0,0,0,0,0,0,0
1,fceb9f7f-160f-4d62-ac9c-935b5f01bd55,1,d97a2687-404f-4e2f-904d-ee1e74f20459,league,away,55b6259a-ddd2-4e57-8cd2-59a39d019aa7,db51f113-335f-4959-9cfb-7bec7cc9e0a9,,,,,,,,,,,,,,0,0,0,0,0,0,0,0,0,0,0,0,0,0,0,0,0,0
1,fceb9f7f-160f-4d62-ac9c-935b5f01bd55,1,da872469-2685-44c0-8363-6e3b0c180d6e,league,home,edaa19fe-3661-48cc-8804-a6260b17f2e2,f80da48a-c5b8-47e2-88be-af441a489160,,,,,,,,,,,,,,0,0,0,0,0,0,0,0,0,0,0,0,0,0,0,0,0,0
1,fceb9f7f-160f-4d62-ac9c-935b5f01bd55,1,da872469-2685-44c0-8363-6e3b0c180d6e,league,away,f80da48a-c5b8-47e2-88be-af441a489160,edaa19fe-3661-48cc-8804-a6260b17f2e2,,,,,,,,,,,,,,0,0,0,0,0,0,0,0,0,0,0,0,0,0,0,0,0,0
1,fceb9f7f-160f-4d62-ac9c-935b5f01bd55,1,db90d5d6-5c3b-4ad5-a85a-8d20ba17b169,league,home,b5fb4c9d-4912-4352-9103-d2cdcaa5469d,5856dc7e-31cf-4c92-ab95-5b5a24e9d0e5,,,,,,,,,,,,,,0,0,0,0,0,0,0,0,0,0,0,0,0,0,0,0,0,0
1,fceb9f7f-160f-4d62-ac9c-935b5f01bd55,1,db90d5d6-5c3b-4ad5-a85a-8d20ba17b169,league,away,5856dc7e-31cf-4c92-ab95-5b5a24e9d0e5,b5fb4c9d-4912-4352-9103-d2cdcaa5469d,,,,,,,,,,,,,,0,0,0,0,0,0,0,0,0,0,0,0,0,0,0,0,0,0
1,fceb9f7f-160f-4d62-ac9c-935b5f01bd55,1,e08c904f-a5be-4b9c-a99b-cb21691cb351,league,home,d84c0810-144d-4e7e-b51b-8e3d3c4b598c,aa893f78-6b93-4796-a02d-755050d941da,,,,,,,,,,,,,,0,0,0,0,0,0,0,0,0,0,0,0,0,0,0,0,0,0
1,fceb9f7f-160f-4d62-ac9c-935b5f01bd55,1,e08c904f-a5be-4b9c-a99b-cb21691cb351,league,away,aa893f78-6b93-4796-a02d-755050d941da,d84c0810-144d-4e7e-b51b-8e3d3c4b598c,,,,,,,,,,,,,,0,0,0,0,0,0,0,0,0,0,0,0,0,0,0,0,0,0
1,fceb9f7f-160f-4d62-ac9c-935b5f01bd55,1,e0ef0055-b912-4582-8128-13446dd67168,league,home,5d2626c8-3096-487f-91e6-6fdecb44633c,6b3fb430-e23f-45b7-8b96-8f7217da37f1,,,,,,,,,,,,,,0,0,0,0,0,0,0,0,0,0,0,0,0,0,0,0,0,0
1,fceb9f7f-160f-4d62-ac9c-935b5f01bd55,1,e0ef0055-b912-4582-8128-13446dd67168,league,away,6b3fb430-e23f-45b7-8b96-8f7217da37f1,5d2626c8-3096-487f-91e6-6fdecb44633c,,,,,,,,,,,,,,0,0,0,0,0,0,0,0,0,0,0,0,0,0,0,0,0,0
1,fceb9f7f-160f-4d62-ac9c-935b5f01bd55,1,e5d825e9-e372-45ce-a356-df5480d13494,league,home,18452e09-af9a-4272-9e08-4cb78c5c393e,5cec85fc-d451-4812-83e8-8cc435f79947,,,,,,,,,,,,,,0,0,0,0,0,0,0,0,0,0,0,0,0,0,0,0,0,0
1,fceb9f7f-160f-4d62-ac9c-935b5f01bd55,1,e5d825e9-e372-45ce-a356-df5480d13494,league,away,5cec85fc-d451-4812-83e8-8cc435f79947,18452e09-af9a-4272-9e08-4cb78c5c393e,,,,,,,,,,,,,,0,0,0,0,0,0,0,0,0,0,0,0,0,0,0,0,0,0
1,fceb9f7f-160f-4d62-ac9c-935b5f01bd55,1,e671e4e3-b803-4bff-991b-ab553956ec33,league,home,7fa673e4-b922-48c5-8661-91cbcfe0d8a5,1bfa9d02-9cd6-4cd4-a813-ad240735ada2,,,,,,,,,,,,,,0,0,0,0,0,0,0,0,0,0,0,0,0,0,0,0,0,0
1,fceb9f7f-160f-4d62-ac9c-935b5f01bd55,1,e671e4e3-b803-4bff-991b-ab553956ec33,league,away,1bfa9d02-9cd6-4cd4-a813-ad240735ada2,7fa673e4-b922-48c5-8661-91cbcfe0d8a5,,,,,,,,,,,,,,0,0,0,0,0,0,0,0,0,0,0,0,0,0,0,0,0,0
1,fceb9f7f-160f-4d62-ac9c-935b5f01bd55,1,e84d8d5b-616c-450a-bb73-7f4297b844b9,league,home,636030ff-70ac-4ba2-b918-9e8e5f75055b,078e02e4-1461-4de3-9657-0925d11ead5f,,,,,,,,,,,,,,0,0,0,0,0,0,0,0,0,0,0,0,0,0,0,0,0,0
1,fceb9f7f-160f-4d62-ac9c-935b5f01bd55,1,e84d8d5b-616c-450a-bb73-7f4297b844b9,league,away,078e02e4-1461-4de3-9657-0925d11ead5f,636030ff-70ac-4ba2-b918-9e8e5f75055b,,,,,,,,,,,,,,0,0,0,0,0,0,0,0,0,0,0,0,0,0,0,0,0,0
1,fceb9f7f-160f-4d62-ac9c-935b5f01bd55,1,e877237f-d25e-4712-bc06-826f8d09c0a2,league,home,cfe2bf64-3927-4044-9bfa-0da65e4dcfb0,5de60e98-e61b-446e-8a3c-8b8676384b0a,,,,,,,,,,,,,,0,0,0,0,0,0,0,0,0,0,0,0,0,0,0,0,0,0
1,fceb9f7f-160f-4d62-ac9c-935b5f01bd55,1,e877237f-d25e-4712-bc06-826f8d09c0a2,league,away,5de60e98-e61b-446e-8a3c-8b8676384b0a,cfe2bf64-3927-4044-9bfa-0da65e4dcfb0,,,,,,,,,,,,,,0,0,0,0,0,0,0,0,0,0,0,0,0,0,0,0,0,0
1,fceb9f7f-160f-4d62-ac9c-935b5f01bd55,1,e8af320c-ba9b-41b5-9a9f-1a667bf37b0e,league,home,2ab2a38e-d2f3-4ee5-829c-027167e1fb6b,9fe47a5d-bbdb-4aeb-ba95-89db9ff178a8,,,,,,,,,,,,,,0,0,0,0,0,0,0,0,0,0,0,0,0,0,0,0,0,0
1,fceb9f7f-160f-4d62-ac9c-935b5f01bd55,1,e8af320c-ba9b-41b5-9a9f-1a667bf37b0e,league,away,9fe47a5d-bbdb-4aeb-ba95-89db9ff178a8,2ab2a38e-d2f3-4ee5-829c-027167e1fb6b,,,,,,,,,,,,,,0,0,0,0,0,0,0,0,0,0,0,0,0,0,0,0,0,0
1,fceb9f7f-160f-4d62-ac9c-935b5f01bd55,1,e8af7aea-6aee-4e9c-a043-69e019236fbd,league,home,5be262df-a4b9-4c27-b531-269a6010ab04,52189902-ce72-4610-9888-3cda0ea86a25,,,,,,,,,,,,,,0,0,0,0,0,0,0,0,0,0,0,0,0,0,0,0,0,0
1,fceb9f7f-160f-4d62-ac9c-935b5f01bd55,1,e8af7aea-6aee-4e9c-a043-69e019236fbd,league,away,52189902-ce72-4610-9888-3cda0ea86a25,5be262df-a4b9-4c27-b531-269a6010ab04,,,,,,,,,,,,,,0,0,0,0,0,0,0,0,0,0,0,0,0,0,0,0,0,0
1,fceb9f7f-160f-4d62-ac9c-935b5f01bd55,1,e8e2af40-4e0b-40e7-9879-ad8983ccdf8a,league,home,d9d0349e-4818-4223-9964-deefbfd27081,b2d4a20c-fcc7-4ef6-a69c-bf4df7638c7a,,,,,,,,,,,,,,0,0,0,0,0,0,0,0,0,0,0,0,0,0,0,0,0,0
1,fceb9f7f-160f-4d62-ac9c-935b5f01bd55,1,e8e2af40-4e0b-40e7-9879-ad8983ccdf8a,league,away,b2d4a20c-fcc7-4ef6-a69c-bf4df7638c7a,d9d0349e-4818-4223-9964-deefbfd27081,,,,,,,,,,,,,,0,0,0,0,0,0,0,0,0,0,0,0,0,0,0,0,0,0
1,fceb9f7f-160f-4d62-ac9c-935b5f01bd55,1,eacc044d-e07a-45ec-8b21-e4060391592b,league,home,39ec3d4f-b876-4613-8e9e-14bcdd2c1ad3,d10c62e5-dd4b-484a-ba0d-d33018e00c0c,,,,,,,,,,,,,,0,0,0,0,0,0,0,0,0,0,0,0,0,0,0,0,0,0
1,fceb9f7f-160f-4d62-ac9c-935b5f01bd55,1,eacc044d-e07a-45ec-8b21-e4060391592b,league,away,d10c62e5-dd4b-484a-ba0d-d33018e00c0c,39ec3d4f-b876-4613-8e9e-14bcdd2c1ad3,,,,,,,,,,,,,,0,0,0,0,0,0,0,0,0,0,0,0,0,0,0,0,0,0
1,fceb9f7f-160f-4d62-ac9c-935b5f01bd55,1,ecd04009-b5e2-4028-907c-b42054cf2e94,league,home,b6b552cc-8d5d-4fa8-b564-bf344eac7d14,1805927a-b339-4033-92b8-cd3e0003e3e0,,,,,,,,,,,,,,0,0,0,0,0,0,0,0,0,0,0,0,0,0,0,0,0,0
1,fceb9f7f-160f-4d62-ac9c-935b5f01bd55,1,ecd04009-b5e2-4028-907c-b42054cf2e94,league,away,1805927a-b339-4033-92b8-cd3e0003e3e0,b6b552cc-8d5d-4fa8-b564-bf344eac7d14,,,,,,,,,,,,,,0,0,0,0,0,0,0,0,0,0,0,0,0,0,0,0,0,0
1,fceb9f7f-160f-4d62-ac9c-935b5f01bd55,1,ed2a8367-cfd0-4944-bc61-1c6a51475759,league,home,6b4c43d0-27a3-4ef9-b982-28c10756eb04,aa970ca8-760e-481b-a0be-101d9bfe026a,,,,,,,,,,,,,,0,0,0,0,0,0,0,0,0,0,0,0,0,0,0,0,0,0
1,fceb9f7f-160f-4d62-ac9c-935b5f01bd55,1,ed2a8367-cfd0-4944-bc61-1c6a51475759,league,away,aa970ca8-760e-481b-a0be-101d9bfe026a,6b4c43d0-27a3-4ef9-b982-28c10756eb04,,,,,,,,,,,,,,0,0,0,0,0,0,0,0,0,0,0,0,0,0,0,0,0,0
1,fceb9f7f-160f-4d62-ac9c-935b5f01bd55,1,ee045002-adc3-48d9-ab57-00740a976a17,league,home,05a3d1f1-8daa-42ec-bfb9-b2d89b6fa5aa,54982114-8f40-4124-a57a-98b0f3648a40,,,,,,,,,,,,,,0,0,0,0,0,0,0,0,0,0,0,0,0,0,0,0,0,0
1,fceb9f7f-160f-4d62-ac9c-935b5f01bd55,1,ee045002-adc3-48d9-ab57-00740a976a17,league,away,54982114-8f40-4124-a57a-98b0f3648a40,05a3d1f1-8daa-42ec-bfb9-b2d89b6fa5aa,,,,,,,,,,,,,,0,0,0,0,0,0,0,0,0,0,0,0,0,0,0,0,0,0
1,fceb9f7f-160f-4d62-ac9c-935b5f01bd55,1,ee3d41d2-612e-4679-b54b-ccbe6936994d,league,home,319ab932-12b9-4175-85b6-ac85df51e0d5,4a3247e5-b6e6-4e1b-b720-f127f181b3d5,,,,,,,,,,,,,,0,0,0,0,0,0,0,0,0,0,0,0,0,0,0,0,0,0
1,fceb9f7f-160f-4d62-ac9c-935b5f01bd55,1,ee3d41d2-612e-4679-b54b-ccbe6936994d,league,away,4a3247e5-b6e6-4e1b-b720-f127f181b3d5,319ab932-12b9-4175-85b6-ac85df51e0d5,,,,,,,,,,,,,,0,0,0,0,0,0,0,0,0,0,0,0,0,0,0,0,0,0
1,fceb9f7f-160f-4d62-ac9c-935b5f01bd55,1,f0a3771f-ffc7-4d5c-b215-697b007f74a4,league,home,56522907-76cd-466f-855b-6adbb721d8b2,78a92cab-b8cd-4306-8af6-4b5a59a1eed3,,,,,,,,,,,,,,0,0,0,0,0,0,0,0,0,0,0,0,0,0,0,0,0,0
1,fceb9f7f-160f-4d62-ac9c-935b5f01bd55,1,f0a3771f-ffc7-4d5c-b215-697b007f74a4,league,away,78a92cab-b8cd-4306-8af6-4b5a59a1eed3,56522907-76cd-466f-855b-6adbb721d8b2,,,,,,,,,,,,,,0,0,0,0,0,0,0,0,0,0,0,0,0,0,0,0,0,0
1,fceb9f7f-160f-4d62-ac9c-935b5f01bd55,1,f3f6e1e9-2278-4492-87db-d52b8eed0f3a,league,home,a8284df2-2aa9-4f92-a988-823ccfaeade8,d1f18ae3-f9c5-4ae5-b240-96d1e934849d,,,,,,,,,,,,,,0,0,0,0,0,0,0,0,0,0,0,0,0,0,0,0,0,0
1,fceb9f7f-160f-4d62-ac9c-935b5f01bd55,1,f3f6e1e9-2278-4492-87db-d52b8eed0f3a,league,away,d1f18ae3-f9c5-4ae5-b240-96d1e934849d,a8284df2-2aa9-4f92-a988-823ccfaeade8,,,,,,,,,,,,,,0,0,0,0,0,0,0,0,0,0,0,0,0,0,0,0,0,0
1,fceb9f7f-160f-4d62-ac9c-935b5f01bd55,1,fae9bdbe-9116-4657-9dc3-e22080949660,league,home,592f0fb4-23dc-45fa-9d16-c2cf413529aa,2627cbe9-ba60-4455-8ce8-6ed171b7b485,,,,,,,,,,,,,,0,0,0,0,0,0,0,0,0,0,0,0,0,0,0,0,0,0
1,fceb9f7f-160f-4d62-ac9c-935b5f01bd55,1,fae9bdbe-9116-4657-9dc3-e22080949660,league,away,2627cbe9-ba60-4455-8ce8-6ed171b7b485,592f0fb4-23dc-45fa-9d16-c2cf413529aa,,,,,,,,,,,,,,0,0,0,0,0,0,0,0,0,0,0,0,0,0,0,0,0,0
1,fceb9f7f-160f-4d62-ac9c-935b5f01bd55,1,fb29670e-8dff-4724-a536-114d9a976eac,league,home,a37ba018-774c-4efe-882e-5a83355e39d8,e90977f7-ef55-4758-aab4-650bff1a98bc,,,,,,,,,,,,,,0,0,0,0,0,0,0,0,0,0,0,0,0,0,0,0,0,0
1,fceb9f7f-160f-4d62-ac9c-935b5f01bd55,1,fb29670e-8dff-4724-a536-114d9a976eac,league,away,e90977f7-ef55-4758-aab4-650bff1a98bc,a37ba018-774c-4efe-882e-5a83355e39d8,,,,,,,,,,,,,,0,0,0,0,0,0,0,0,0,0,0,0,0,0,0,0,0,0
1,fceb9f7f-160f-4d62-ac9c-935b5f01bd55,1,fba76c85-7c95-4ab8-b767-4f213b80fd1a,league,home,0b6ae84d-a91a-49b3-a944-1e9dbf56ce54,21e38975-4203-40cc-b42d-e7e69d152327,,,,,,,,,,,,,,0,0,0,0,0,0,0,0,0,0,0,0,0,0,0,0,0,0
1,fceb9f7f-160f-4d62-ac9c-935b5f01bd55,1,fba76c85-7c95-4ab8-b767-4f213b80fd1a,league,away,21e38975-4203-40cc-b42d-e7e69d152327,0b6ae84d-a91a-49b3-a944-1e9dbf56ce54,,,,,,,,,,,,,,0,0,0,0,0,0,0,0,0,0,0,0,0,0,0,0,0,0
1,fceb9f7f-160f-4d62-ac9c-935b5f01bd55,1,ff1fc044-fc5e-421a-800a-14a4c9988d21,league,home,b4e39c36-3aca-4354-bdfb-426053241eec,37b2afd8-4e2b-429e-932f-c803607968cc,,,,,,,,,,,,,,0,0,0,0,0,0,0,0,0,0,0,0,0,0,0,0,0,0
1,fceb9f7f-160f-4d62-ac9c-935b5f01bd55,1,ff1fc044-fc5e-421a-800a-14a4c9988d21,league,away,37b2afd8-4e2b-429e-932f-c803607968cc,b4e39c36-3aca-4354-bdfb-426053241eec,,,,,,,,,,,,,,0,0,0,0,0,0,0,0,0,0,0,0,0,0,0,0,0,0
