season_number,season_id,team_id,team_name,is_ai,total_sessions,total_breakthroughs,avg_efficiency,total_load_points
1,e390d114-ccdf-4c42-ac2e-d52bea23fde7,01ec34c0-958d-4df7-a5cc-2576b499600f,辛巴达航,True,1230,115,0.36,1172
1,e390d114-ccdf-4c42-ac2e-d52bea23fde7,02abfa70-362d-40f2-9f8e-4ac1192b6b8f,金鹰破晓,True,1227,75,0.67,1313
1,e390d114-ccdf-4c42-ac2e-d52bea23fde7,02cc7c9b-e8f6-465e-8c77-2c6fba8830a4,斯图加特,True,1172,88,0.88,1239
1,e390d114-ccdf-4c42-ac2e-d52bea23fde7,037e4da5-9c3d-4a6c-a424-cf7506bf10fe,青龙偃月,True,1209,42,0.68,1252
1,e390d114-ccdf-4c42-ac2e-d52bea23fde7,03fae27f-60f8-4c15-b36e-f4542736870a,狂熊撼地,True,1238,105,1.0,1356
1,e390d114-ccdf-4c42-ac2e-d52bea23fde7,04a3b108-1c55-4163-9236-5908ba06a7a7,尼罗河源,True,1089,94,0.36,1219
1,e390d114-ccdf-4c42-ac2e-d52bea23fde7,062a4cff-0a7a-43d6-b2a9-f561a0650218,绿茵魔术师,True,1252,113,0.89,1308
1,e390d114-ccdf-4c42-ac2e-d52bea23fde7,07bcce3a-03ea-4e24-9ddb-57cbf153ee9e,罗马狼王,True,1173,60,0.7,1333
1,e390d114-ccdf-4c42-ac2e-d52bea23fde7,081fe7a1-7b47-49e1-af0f-dc4a09b5e2c7,小海马萨,True,1244,68,0.8,1334
1,e390d114-ccdf-4c42-ac2e-d52bea23fde7,08b5a7b2-16f6-49ac-a9c7-da19cb2675da,美丽游戏,True,1237,68,0.73,1176
1,e390d114-ccdf-4c42-ac2e-d52bea23fde7,0a554e03-0ee6-46ed-9a06-526475828ac2,阿散蒂金,True,1101,103,0.88,1101
1,e390d114-ccdf-4c42-ac2e-d52bea23fde7,0b641aa1-2c4d-4e4b-a719-ae490593fa6c,峨眉女侠,True,1235,78,0.6,1393
1,e390d114-ccdf-4c42-ac2e-d52bea23fde7,0c7bc4e7-d179-44de-9f13-45d37a6b18b1,猎豹闪电,True,1244,117,0.88,1221
1,e390d114-ccdf-4c42-ac2e-d52bea23fde7,0e06c118-d702-4dd6-b837-0fb888b5b184,红魔曼联,True,1231,53,0.7,1385
1,e390d114-ccdf-4c42-ac2e-d52bea23fde7,0e327ff2-94b8-4789-9b3f-2f6357316248,足球精灵,True,1223,69,0.64,1103
1,e390d114-ccdf-4c42-ac2e-d52bea23fde7,0f28d8ff-2c2c-4e73-b5f6-d85b6ead1196,弯月之星,True,1163,80,0.66,1221
1,e390d114-ccdf-4c42-ac2e-d52bea23fde7,11f23551-bfc3-466f-a0c5-83c796047ce6,金字塔尖,True,1219,55,0.65,1371
1,e390d114-ccdf-4c42-ac2e-d52bea23fde7,12606a9e-ab02-4999-bd13-5d6f61fea886,单峰快驼,True,1241,86,0.27,1458
1,e390d114-ccdf-4c42-ac2e-d52bea23fde7,129e5ae2-7ec9-46ec-bb88-0d560fb2256b,维多利亚,True,1234,111,0.56,1556
1,e390d114-ccdf-4c42-ac2e-d52bea23fde7,12b3ccbc-7c49-451d-bad8-b28f502ef3b3,撒哈拉驼,True,1184,86,0.66,1375
1,e390d114-ccdf-4c42-ac2e-d52bea23fde7,14619cd0-36e2-4088-9610-11b34a48f4ba,沙漠玫瑰,True,1245,86,0.39,1444
1,e390d114-ccdf-4c42-ac2e-d52bea23fde7,14e49277-adb0-4773-af1f-fca507cad5fc,红军利物浦,True,1230,124,0.45,1085
1,e390d114-ccdf-4c42-ac2e-d52bea23fde7,151c7a32-78c9-46ff-a960-9d9e7767f208,街球之王,True,1232,147,0.84,1397
1,e390d114-ccdf-4c42-ac2e-d52bea23fde7,15d31e77-db47-464f-8026-b6dc5143e3a6,布宜诺斯,True,1167,104,0.89,1108
1,e390d114-ccdf-4c42-ac2e-d52bea23fde7,17137111-2cdb-4844-aad9-201ed6604de1,五人制王,True,1219,81,0.27,1434
1,e390d114-ccdf-4c42-ac2e-d52bea23fde7,17529bad-36e6-4fbe-8204-ba37a650e518,巴格达城,True,1231,98,0.69,1264
1,e390d114-ccdf-4c42-ac2e-d52bea23fde7,187e1f0a-ccd1-4d23-ab9a-c2e3f2f9f50c,一千零一夜,True,1254,52,0.56,1338
1,e390d114-ccdf-4c42-ac2e-d52bea23fde7,1963e4a6-4f06-45ba-9855-1df40371137e,圣保罗彩,True,1234,74,0.8,1261
1,e390d114-ccdf-4c42-ac2e-d52bea23fde7,19c76ada-1e19-48f7-b09b-8a5e1cf95dc5,祖鲁战士,True,1244,38,0.65,1338
1,e390d114-ccdf-4c42-ac2e-d52bea23fde7,1acdc22c-672d-4d2e-bb3c-93ead83f2c92,巴塔哥尼,True,1237,77,0.71,1278
1,e390d114-ccdf-4c42-ac2e-d52bea23fde7,1b1135cf-6418-47e8-a8e6-593ba7f23413,金刚鹦鹉,True,1236,57,0.8,1201
1,e390d114-ccdf-4c42-ac2e-d52bea23fde7,1b8a4d50-174f-41e1-9c8c-27767935b3ab,波斯猫王,True,1237,106,0.33,1245
1,e390d114-ccdf-4c42-ac2e-d52bea23fde7,1bc5bf16-4a9e-48bb-a77b-532fd8aefa56,伊斯法罕,True,1164,61,0.45,1330
1,e390d114-ccdf-4c42-ac2e-d52bea23fde7,1ead6e05-654c-4a3f-85b8-cdc8dd92e282,波斯地毯,True,1236,103,0.88,1325
1,e390d114-ccdf-4c42-ac2e-d52bea23fde7,1f298146-a566-4516-9d24-38cd351aaf33,贝都因骑,True,1236,145,0.3,1446
1,e390d114-ccdf-4c42-ac2e-d52bea23fde7,1ffe6c96-1336-4606-a4fe-fa74c03aeb54,老鹰水晶宫,True,1235,70,0.6,1183
1,e390d114-ccdf-4c42-ac2e-d52bea23fde7,227ade00-2007-422f-aee3-e8ebf9172c44,食人鱼群,True,1220,114,0.62,1318
1,e390d114-ccdf-4c42-ac2e-d52bea23fde7,23d638ce-190f-4095-a102-692a0d02fa98,绿洲明珠,True,1214,136,0.27,1399
1,e390d114-ccdf-4c42-ac2e-d52bea23fde7,249908bf-e5ae-4980-8516-137115719560,蓝鹰拉齐,True,1236,71,0.76,1263
1,e390d114-ccdf-4c42-ac2e-d52bea23fde7,25701c45-6781-482d-bdd3-fc03b94e3c08,不来梅绿,True,1230,139,0.62,1429
1,e390d114-ccdf-4c42-ac2e-d52bea23fde7,25d9d5c2-7b00-47e8-8ecb-eeb2b9a6cf84,飓风之眼,True,1231,54,0.73,1347
1,e390d114-ccdf-4c42-ac2e-d52bea23fde7,28a854f0-e8c6-413c-b4ec-8300ad2ff2a3,香料之路,True,1167,45,0.58,1199
1,e390d114-ccdf-4c42-ac2e-d52bea23fde7,2a047a32-a1a2-4c88-a0de-7ed57cc1ca24,宇宙巴萨,True,1242,96,0.72,1266
1,e390d114-ccdf-4c42-ac2e-d52bea23fde7,2a6cfb38-e7ba-4e12-96f2-80b0a3f958cc,大津巴布,True,1219,94,0.93,1456
1,e390d114-ccdf-4c42-ac2e-d52bea23fde7,2c7e76e3-1fc5-447a-affb-9169785c8a33,白百合热,True,1236,60,0.6,1413
1,e390d114-ccdf-4c42-ac2e-d52bea23fde7,2cb0734f-0a23-448d-a980-4c6e456bab65,库尔德勇,True,1191,67,0.74,1148
1,e390d114-ccdf-4c42-ac2e-d52bea23fde7,2fcc55d4-cab2-4e26-bfe1-7a7c6832b2c9,马赛勇士,True,1239,109,0.62,1397
1,e390d114-ccdf-4c42-ac2e-d52bea23fde7,3031635b-5f29-49ae-a866-560513d3f327,蓝黑战士,True,1177,95,0.31,1301
1,e390d114-ccdf-4c42-ac2e-d52bea23fde7,30b84116-8f6e-4d35-bf10-d14f5557e935,马穆鲁克,True,1238,105,1.04,1292
1,e390d114-ccdf-4c42-ac2e-d52bea23fde7,31579c3e-4d3d-4b55-acb6-5523e4b1e792,斑马军团,True,1230,155,0.41,1274
1,e390d114-ccdf-4c42-ac2e-d52bea23fde7,32440bda-6199-436b-9961-5ddbe8afda7a,奥格斯堡,True,1215,44,0.53,1162
1,e390d114-ccdf-4c42-ac2e-d52bea23fde7,34c25e2b-1127-45b0-b691-1339d0c577aa,桑巴舞者,True,1237,57,0.71,1253
1,e390d114-ccdf-4c42-ac2e-d52bea23fde7,365dda0f-951d-4166-b519-7a12c5c50af8,红尘滚滚,True,1252,80,0.62,1216
1,e390d114-ccdf-4c42-ac2e-d52bea23fde7,367e2640-67c6-46a1-8e78-a241fa6a528d,红宝石矿,True,1251,45,0.99,1389
1,e390d114-ccdf-4c42-ac2e-d52bea23fde7,37cc2832-8380-4f64-ad66-addfeda7318c,麦加朝圣,True,1240,137,0.67,1313
1,e390d114-ccdf-4c42-ac2e-d52bea23fde7,37ce9a96-85c3-4ff0-bdb2-e69cc717d486,桑布露族,True,1219,101,0.25,1360
1,e390d114-ccdf-4c42-ac2e-d52bea23fde7,38ffd7cd-8139-48e0-a129-2c891f28c170,角马迁徙,True,1177,78,0.7,1178
1,e390d114-ccdf-4c42-ac2e-d52bea23fde7,3a0e0b1d-fc95-4246-b359-b498ff4e4862,西域猛虎,True,1230,47,0.55,1373
1,e390d114-ccdf-4c42-ac2e-d52bea23fde7,3ab90491-3bf8-44d9-90cd-eea152166134,东方巨龙,True,1245,108,0.59,1272
1,e390d114-ccdf-4c42-ac2e-d52bea23fde7,3ac07bef-14ba-4378-a198-87a892ec7578,水蟒巨蛇,True,1185,117,0.73,1366
1,e390d114-ccdf-4c42-ac2e-d52bea23fde7,3b208383-39da-43c1-b52a-92cc4f00b8b3,蜜蜂布伦特,True,1231,74,0.68,1187
1,e390d114-ccdf-4c42-ac2e-d52bea23fde7,3b6c53b7-d476-4d8b-9889-2bdf1d3bde39,清真寺塔,True,1213,109,0.5,1439
1,e390d114-ccdf-4c42-ac2e-d52bea23fde7,3c868bc7-da11-4f2c-91ed-4977bdeb678d,薛西斯军,True,1243,72,0.31,1334
1,e390d114-ccdf-4c42-ac2e-d52bea23fde7,3eb84639-eb9c-458e-b631-f6f3a504498a,雪虎踏山,True,1234,106,0.36,1399
1,e390d114-ccdf-4c42-ac2e-d52bea23fde7,3f046822-7148-4bda-b6a2-e543ac952872,枪手兵工厂,True,1225,91,0.61,1252
1,e390d114-ccdf-4c42-ac2e-d52bea23fde7,40db47f7-67bc-451e-966d-3a43758d3c8c,银龙出海,True,1214,76,0.49,1270
1,e390d114-ccdf-4c42-ac2e-d52bea23fde7,4278b173-86fd-4385-b9b4-c101a6865b77,紫气东来,True,1239,90,0.3,1343
1,e390d114-ccdf-4c42-ac2e-d52bea23fde7,463b1686-b56a-46b6-b7ee-c01af988c4ac,黑虎掏心,True,1177,107,0.4,1227
1,e390d114-ccdf-4c42-ac2e-d52bea23fde7,468d3f09-7891-45db-9b3b-48fd391e80c5,美因茨红,True,1230,81,0.55,1387
1,e390d114-ccdf-4c42-ac2e-d52bea23fde7,47c89265-420d-4644-ada9-8020d74ba5f7,铁锤帮西汉,True,1212,103,0.6,1172
1,e390d114-ccdf-4c42-ac2e-d52bea23fde7,48f222df-58f8-4ce5-8ece-03d834cb4759,金虎啸月,True,1234,52,0.79,1418
1,e390d114-ccdf-4c42-ac2e-d52bea23fde7,496af4c4-917f-4000-9940-c5ab2fd90644,农场主富勒,True,1110,35,0.48,1035
1,e390d114-ccdf-4c42-ac2e-d52bea23fde7,4a001b04-8987-44a5-8fc1-5a8a630ffb0d,飞驴切沃,True,1221,95,0.79,1431
1,e390d114-ccdf-4c42-ac2e-d52bea23fde7,4a0980a9-53b1-4148-88bd-8fea151b27cd,东北虎啸,True,1218,110,0.71,1144
1,e390d114-ccdf-4c42-ac2e-d52bea23fde7,4a22bd7d-1e21-4e7a-9b1a-81e6cf384475,马略卡岛,True,1170,54,0.43,1292
1,e390d114-ccdf-4c42-ac2e-d52bea23fde7,4b677e06-d7d6-4e83-96f1-450d2bcb56bc,印加帝国,True,1228,137,0.61,1335
1,e390d114-ccdf-4c42-ac2e-d52bea23fde7,4bdde0a1-55fa-4f96-9844-92c2808519b1,黑金帝国,True,1226,143,0.15,1205
1,e390d114-ccdf-4c42-ac2e-d52bea23fde7,4be5bf0a-cccc-4cca-8dea-c2eca8b84846,绿白贝蒂,True,1246,87,0.49,1388
1,e390d114-ccdf-4c42-ac2e-d52bea23fde7,4f14a1ef-154b-45a8-9085-d345797647a6,水晶石透,True,1178,65,0.93,1343
1,e390d114-ccdf-4c42-ac2e-d52bea23fde7,4f809b82-ce9b-49b1-be2c-82a4c9bcffc6,驼峰运输,True,1236,95,0.88,1338
1,e390d114-ccdf-4c42-ac2e-d52bea23fde7,527bc35b-1841-4645-97ef-8963500ff0ef,铁甲战狮,True,1238,105,0.25,1394
1,e390d114-ccdf-4c42-ac2e-d52bea23fde7,5472b711-5295-4551-80f5-097fc9578b70,蓝军切尔西,True,1234,79,0.79,1493
1,e390d114-ccdf-4c42-ac2e-d52bea23fde7,5511139b-77d8-45c9-ad62-c8beed4030f5,沙漠之舟,True,1226,163,0.39,1465
1,e390d114-ccdf-4c42-ac2e-d52bea23fde7,565bf6a3-196f-4721-9411-1de5bf4f5acb,威尼斯假,True,1252,98,0.64,1143
1,e390d114-ccdf-4c42-ac2e-d52bea23fde7,58157663-52e3-47df-8e73-7382539de326,塞尔塔天,True,1222,137,-0.2,1425
1,e390d114-ccdf-4c42-ac2e-d52bea23fde7,59e5c80b-0d5b-4873-8d5a-9b3f3a74e738,那不勒斯,True,1107,38,0.69,1221
1,e390d114-ccdf-4c42-ac2e-d52bea23fde7,5a10083e-54b0-418d-9c53-2afd707018b5,北方苍狼,True,1208,91,0.61,1354
1,e390d114-ccdf-4c42-ac2e-d52bea23fde7,5bc140b2-68bc-4ed7-85c7-36a5c35f00fc,魔毯飞行,True,1114,60,0.86,1040
1,e390d114-ccdf-4c42-ac2e-d52bea23fde7,5c585611-5ac5-452c-a665-95df48ddcb14,刚果王国,True,1244,100,0.65,1370
1,e390d114-ccdf-4c42-ac2e-d52bea23fde7,5d1a653d-fd53-4ba2-84b7-2935635600c2,乞力马扎,True,1237,79,0.17,1324
1,e390d114-ccdf-4c42-ac2e-d52bea23fde7,5f6c1e9e-fc52-4083-a6b5-628583a3290f,汽油骑士,True,1225,59,0.3,1402
1,e390d114-ccdf-4c42-ac2e-d52bea23fde7,5f8a9a5a-1bb8-4c50-ae53-cacf16fd5655,犀牛冲撞,True,1229,68,0.91,1327
1,e390d114-ccdf-4c42-ac2e-d52bea23fde7,5fad88d8-baa7-4417-87d2-ae9891ecaeb7,树懒慢动,True,1229,124,0.14,1380
1,e390d114-ccdf-4c42-ac2e-d52bea23fde7,5fc35b62-65cd-4b6e-b541-7b6a2e457dbf,非洲大象,True,1194,93,0.53,1137
1,e390d114-ccdf-4c42-ac2e-d52bea23fde7,61079441-3609-4686-bb62-bb81657afa5d,紫电龙骑,True,1234,76,0.92,1209
1,e390d114-ccdf-4c42-ac2e-d52bea23fde7,6379ae2d-7248-4295-9756-24db1b0e6379,狼堡沃尔夫,True,1187,66,0.71,998
1,e390d114-ccdf-4c42-ac2e-d52bea23fde7,63d9b101-4c61-4f55-af72-b033617e207b,智利红酒,True,1166,31,0.75,1102
1,e390d114-ccdf-4c42-ac2e-d52bea23fde7,654b8c8f-76d3-4c5e-b619-c6cdedc2e172,流水无痕,True,1108,102,0.82,1138
1,e390d114-ccdf-4c42-ac2e-d52bea23fde7,6668eb8c-0e97-43fd-a539-fce26d1274e1,雪山神鹰,True,1204,92,0.8,1395
1,e390d114-ccdf-4c42-ac2e-d52bea23fde7,668a315b-34fb-4ded-98f5-11afa6abcf7a,沙漠之狐,True,1221,146,-0.04,1409
1,e390d114-ccdf-4c42-ac2e-d52bea23fde7,66cc3143-8ce9-4140-b271-180c1e79b6a2,野马奔腾,True,1185,107,0.46,1208
1,e390d114-ccdf-4c42-ac2e-d52bea23fde7,69477249-2842-45ba-b603-842228a90f0d,纳斯卡线,True,1209,77,0.33,1263
1,e390d114-ccdf-4c42-ac2e-d52bea23fde7,69708198-5783-4805-a6ac-86583c4a5ebc,咖啡起源,True,1180,41,0.75,1246
1,e390d114-ccdf-4c42-ac2e-d52bea23fde7,6a3dd634-c7c8-44a5-9243-9ebd892aba9c,南海蛟龙,True,1214,59,0.64,1305
1,e390d114-ccdf-4c42-ac2e-d52bea23fde7,6b08fc24-e4e1-479b-9cb2-ccfcb0b0c690,巨象踏天,True,1226,100,0.45,1265
1,e390d114-ccdf-4c42-ac2e-d52bea23fde7,6bc1f05f-ded5-4567-b765-b3e667721398,华南虎威,True,1251,89,0.2,1374
1,e390d114-ccdf-4c42-ac2e-d52bea23fde7,6dfc39bd-edfe-488c-aba9-1b0597e6273c,大流士王,True,1246,99,0.87,1313
1,e390d114-ccdf-4c42-ac2e-d52bea23fde7,6fe98b3e-ed26-4810-985a-eda1fca9dcdc,复活节岛,True,1231,75,0.79,1191
1,e390d114-ccdf-4c42-ac2e-d52bea23fde7,70e7411c-a771-4423-a028-0d146ae77b54,药厂勒沃,True,1205,89,0.92,1217
1,e390d114-ccdf-4c42-ac2e-d52bea23fde7,7156e433-7120-4493-bea6-8363fdda5744,阿根廷梦,True,1235,88,0.76,1393
1,e390d114-ccdf-4c42-ac2e-d52bea23fde7,71f5c595-a366-47ff-86e6-86e16270951d,土耳其近,True,1234,92,0.65,1373
1,e390d114-ccdf-4c42-ac2e-d52bea23fde7,72955443-9292-4700-ac2f-944762a93e63,图阿雷格,True,1180,80,0.25,1362
1,e390d114-ccdf-4c42-ac2e-d52bea23fde7,72c803a3-6528-48c0-a813-ec2d069e9412,紫百合佛,True,1242,129,0.56,1356
1,e390d114-ccdf-4c42-ac2e-d52bea23fde7,7553350f-3535-4874-8e73-a0350e98be1e,华山剑客,True,1151,52,0.64,1293
1,e390d114-ccdf-4c42-ac2e-d52bea23fde7,75ba1602-bf6e-436f-9557-2457ed42d5cc,玛瑙石红,True,1241,75,0.91,1287
1,e390d114-ccdf-4c42-ac2e-d52bea23fde7,7601a5b9-c1b8-4b24-8cb6-01c73995b39b,少林武僧,True,1245,89,0.97,1502
1,e390d114-ccdf-4c42-ac2e-d52bea23fde7,775a769a-df59-4d58-9f43-c0bebd4621d9,烈焰红唇,True,1113,69,0.54,1221
1,e390d114-ccdf-4c42-ac2e-d52bea23fde7,790208ab-98f3-46af-91ba-97c51fb9151d,凯门鳄凶,True,1229,124,0.26,1363
1,e390d114-ccdf-4c42-ac2e-d52bea23fde7,7abb5149-0385-4777-a3d0-36159503c86b,水手桑普,True,1182,99,0.66,1216
1,e390d114-ccdf-4c42-ac2e-d52bea23fde7,7abf99b5-7e60-460b-bf94-66973729251d,蓝衣军团,True,1179,74,0.44,1248
1,e390d114-ccdf-4c42-ac2e-d52bea23fde7,7b13aa4c-072b-4613-8d1e-a97e4b85d607,烈焰狂狮,True,1244,107,0.48,1309
1,e390d114-ccdf-4c42-ac2e-d52bea23fde7,7bf1cfbc-a3ca-40fe-8a4a-eb87aa98f5cd,蓝宝石海,True,1243,115,0.41,1261
1,e390d114-ccdf-4c42-ac2e-d52bea23fde7,7c4ae8da-df33-4f09-885e-c07079445d18,探戈情人,True,1229,134,0.54,1397
1,e390d114-ccdf-4c42-ac2e-d52bea23fde7,7c68c782-acf9-47fd-8f37-466f2eab0786,红狼罗马,True,1169,67,0.53,1239
1,e390d114-ccdf-4c42-ac2e-d52bea23fde7,7c74fdbb-b1cc-48bc-8c68-36c30765f612,武当太极,True,1232,131,0.27,1476
1,e390d114-ccdf-4c42-ac2e-d52bea23fde7,7d3aa86e-1ba2-48ed-bc3d-50cd37232fd9,太妃糖埃弗,True,1180,98,0.44,1355
1,e390d114-ccdf-4c42-ac2e-d52bea23fde7,7d3e5f96-a64c-4b7d-973f-4bfdf10596c0,南部之星,True,1241,106,0.84,1337
1,e390d114-ccdf-4c42-ac2e-d52bea23fde7,7d60b4dd-8fe5-452f-833f-d48cb9108d9f,能源霸主,True,1239,79,0.65,1283
1,e390d114-ccdf-4c42-ac2e-d52bea23fde7,7f471e07-07b7-4b14-a2fa-1088079b43ca,天方夜谭,True,1181,89,0.62,1197
1,e390d114-ccdf-4c42-ac2e-d52bea23fde7,80868aa4-0c00-4191-9b24-0324d82370b2,热带雨林,True,1239,110,0.31,1293
1,e390d114-ccdf-4c42-ac2e-d52bea23fde7,8229aec2-282a-4c96-9e65-23891997be58,黄色潜水艇,True,1213,75,0.72,1279
1,e390d114-ccdf-4c42-ac2e-d52bea23fde7,82aa826c-6c76-4405-9120-62906b6067cd,寒冰领域,True,1234,71,0.74,1474
1,e390d114-ccdf-4c42-ac2e-d52bea23fde7,8417bb4e-8246-48d8-8062-e1fe3518d9cf,拉普拉塔,True,1232,68,0.75,1285
1,e390d114-ccdf-4c42-ac2e-d52bea23fde7,84745b70-8092-4bfb-b200-aa18a1e72a7e,霍村霍芬,True,1182,85,0.87,1276
1,e390d114-ccdf-4c42-ac2e-d52bea23fde7,8481d007-9823-4dfb-8e3c-6c6db8e053af,清真美食,True,1164,49,0.7,1325
1,e390d114-ccdf-4c42-ac2e-d52bea23fde7,84cbb31b-4adb-43ef-961e-f9b9e53905fa,撒丁岛卡,True,1105,26,0.54,1017
1,e390d114-ccdf-4c42-ac2e-d52bea23fde7,85cac6d1-cb48-4ea5-9a2c-8dc4d1213fb9,图西胡图,True,1183,35,0.55,1402
1,e390d114-ccdf-4c42-ac2e-d52bea23fde7,860ddb9d-ce00-4d10-bde0-142f96a219fa,雷霆万钧,True,1241,86,0.61,1283
1,e390d114-ccdf-4c42-ac2e-d52bea23fde7,86b4939d-2888-427c-9101-8e5a562877e0,沙漠商队,True,1239,150,0.03,1356
1,e390d114-ccdf-4c42-ac2e-d52bea23fde7,8774fee2-cdc4-4659-ab26-23b455bfbd47,天然气王,True,1217,75,0.7,1287
1,e390d114-ccdf-4c42-ac2e-d52bea23fde7,88bee89a-56da-4c1e-ab54-1f677622d41d,斗牛士团,True,1179,24,0.44,1276
1,e390d114-ccdf-4c42-ac2e-d52bea23fde7,88ed5a47-327b-49ee-9acc-a2c6b40897a0,马赛马拉,True,1245,135,0.33,1371
1,e390d114-ccdf-4c42-ac2e-d52bea23fde7,898b3f67-e0e4-405b-916a-a0b3a29f97df,白虎啸天,True,1115,104,0.3,1165
1,e390d114-ccdf-4c42-ac2e-d52bea23fde7,89e78e79-7feb-4227-95aa-4cf5db58220a,绿松石绿,True,1242,87,0.78,1279
1,e390d114-ccdf-4c42-ac2e-d52bea23fde7,8a2d6a07-91ec-4b8e-8acf-ccda6a3eeded,阿拉伯军,True,1170,99,0.64,1124
1,e390d114-ccdf-4c42-ac2e-d52bea23fde7,8aa9ec46-0208-4d28-8bf1-a2efa0472faa,马里帝国,True,1119,31,0.34,1176
1,e390d114-ccdf-4c42-ac2e-d52bea23fde7,8ae3320a-c41c-4cd7-aed2-fa48566ffc3b,塞伦盖蒂,True,1240,105,1.08,1342
1,e390d114-ccdf-4c42-ac2e-d52bea23fde7,8b44aa11-a566-4447-83df-87f5b1b5bb69,非洲猎豹,True,1175,82,0.76,1270
1,e390d114-ccdf-4c42-ac2e-d52bea23fde7,8b9313b3-ae84-4ab5-b1fc-cc6f3e93a578,斑马条纹,True,1165,147,0.24,1366
1,e390d114-ccdf-4c42-ac2e-d52bea23fde7,8bb6c4c8-152e-456c-b7c5-93a3a09115ba,莫莫之王,True,1238,71,0.91,1202
1,e390d114-ccdf-4c42-ac2e-d52bea23fde7,8c09e20b-6a0a-4708-bce3-e13cfa3fde18,玄武镇海,True,1237,155,0.38,1439
1,e390d114-ccdf-4c42-ac2e-d52bea23fde7,8e54a7a7-70d4-4730-937c-b1d1592d21db,波斯勇士,True,1186,127,0.32,1381
1,e390d114-ccdf-4c42-ac2e-d52bea23fde7,8f60d307-ee4f-4996-a3e5-2ae86f1f391b,尼罗河神,True,1240,76,0.36,1451
1,e390d114-ccdf-4c42-ac2e-d52bea23fde7,91729578-0c0a-4c27-81a6-948c39f12385,麒麟踏云,True,1163,66,0.66,1233
1,e390d114-ccdf-4c42-ac2e-d52bea23fde7,9210c934-37a8-47ab-bbca-6c02f082addf,非洲野牛,True,1219,109,0.13,1248
1,e390d114-ccdf-4c42-ac2e-d52bea23fde7,9405cf7e-24ad-44c6-a6cc-3edf5d012cae,西班牙人,True,1167,95,0.55,1320
1,e390d114-ccdf-4c42-ac2e-d52bea23fde7,94341c3e-e7e8-4010-ab79-1c3a23a335e5,刚果雨林,True,1180,93,0.21,1244
1,e390d114-ccdf-4c42-ac2e-d52bea23fde7,95ccabcf-4cb0-47ea-9d3d-1531da419d72,双峰巨驼,True,1227,180,0.55,1231
1,e390d114-ccdf-4c42-ac2e-d52bea23fde7,97fd6ca7-1472-494e-8edf-7f739e0493a6,石化巨人,True,1220,92,0.49,1312
1,e390d114-ccdf-4c42-ac2e-d52bea23fde7,98affee8-afcd-49c4-ad9e-dd6551c372f5,快乐足球,True,1235,117,0.71,1353
1,e390d114-ccdf-4c42-ac2e-d52bea23fde7,9958f1ef-0363-4bca-8334-c037d2fa02d3,大黄蜂多,True,1115,45,0.3,1080
1,e390d114-ccdf-4c42-ac2e-d52bea23fde7,999e6b3e-4cd8-47ef-ab43-e9445c72495a,克鲁格园,True,1168,77,1.08,1268
1,e390d114-ccdf-4c42-ac2e-d52bea23fde7,999ebff0-7816-4019-8efe-fbfe93714a0b,大地之力,True,1240,105,0.9,1292
1,e390d114-ccdf-4c42-ac2e-d52bea23fde7,99f059a8-c995-4fe5-ad7a-9436a1bf8cc7,白虹贯日,True,1160,70,0.83,1070
1,e390d114-ccdf-4c42-ac2e-d52bea23fde7,9a3a43fc-9b3b-411b-8edc-d3a6d162828e,非洲犀牛,True,1222,50,0.46,1233
1,e390d114-ccdf-4c42-ac2e-d52bea23fde7,9a778859-74a3-440c-88f4-01b0719e9807,管道巨头,True,1224,33,0.55,1192
1,e390d114-ccdf-4c42-ac2e-d52bea23fde7,9bc0405a-a028-445a-927b-e4702de93177,金毛狮王,True,1228,57,0.94,1305
1,e390d114-ccdf-4c42-ac2e-d52bea23fde7,9be58122-0ae6-4339-b5fd-92b49deddc58,巴斯克雄,True,1168,93,0.55,996
1,e390d114-ccdf-4c42-ac2e-d52bea23fde7,9c10636e-35c9-4ddb-8f6c-1b0de4eaed80,阿里巴巴,True,1226,119,0.55,1247
1,e390d114-ccdf-4c42-ac2e-d52bea23fde7,a0c56aac-0fb4-400e-87dc-bda60bfb69f1,非洲雄狮,True,1163,120,0.91,1270
1,e390d114-ccdf-4c42-ac2e-d52bea23fde7,a1cccc1b-6768-48f7-9f11-3f1c7ba2f917,喜鹊纽卡,True,1235,54,0.69,1259
1,e390d114-ccdf-4c42-ac2e-d52bea23fde7,a250faed-a7e1-41e7-beaa-6e10c81c3428,水豚憨态,True,1113,38,0.58,1038
1,e390d114-ccdf-4c42-ac2e-d52bea23fde7,a3f15dc5-648f-42d6-b43f-8c61ae64a31f,金狼逐日,True,1176,98,0.52,1222
1,e390d114-ccdf-4c42-ac2e-d52bea23fde7,a4351983-60a7-4f96-bba7-b19e84c2bfdb,阿拉丁灯,True,1242,146,0.61,1319
1,e390d114-ccdf-4c42-ac2e-d52bea23fde7,a4fd48e2-4141-44db-8c3b-1c8fd4b5a101,金豹捕猎,True,1238,131,0.7,1444
1,e390d114-ccdf-4c42-ac2e-d52bea23fde7,a74d1219-a058-421f-b750-0cb37da06595,小辣椒莱,True,1137,51,0.74,1176
1,e390d114-ccdf-4c42-ac2e-d52bea23fde7,a83686f2-9dd3-45e7-90a6-0c67bb403aa4,蓝月亮城,True,1228,43,0.89,1103
1,e390d114-ccdf-4c42-ac2e-d52bea23fde7,a9e9b76c-05a7-480c-9bed-1c4df07aa52e,蝙蝠军团,True,1237,62,1.03,1231
1,e390d114-ccdf-4c42-ac2e-d52bea23fde7,ac42b9e1-0ade-48f3-a87a-3d32ffd2fe8c,红黑恶魔,True,1210,71,0.76,1032
1,e390d114-ccdf-4c42-ac2e-d52bea23fde7,ae256779-bf1a-4132-93e3-68d14882e798,乌拉圭牛,True,1228,75,0.81,1391
1,e390d114-ccdf-4c42-ac2e-d52bea23fde7,ae2c6730-b34a-4e5b-9d21-831a4afbf8c1,石油大亨,True,1223,104,0.65,1353
1,e390d114-ccdf-4c42-ac2e-d52bea23fde7,af4bbaf8-244b-4c5c-9927-efed0ffedd83,大马士革,True,1245,64,0.62,1257
1,e390d114-ccdf-4c42-ac2e-d52bea23fde7,b033831c-a4b9-4c4a-af4d-cac72166a8fc,安第斯山,True,1210,85,0.81,1273
1,e390d114-ccdf-4c42-ac2e-d52bea23fde7,b0d337f6-adfb-4994-80c1-bcfd1efcdc1c,银狼啸天,True,1168,91,0.86,1200
1,e390d114-ccdf-4c42-ac2e-d52bea23fde7,b14de75f-6bae-49f0-ba3e-10c4831db230,钢铁柏林,True,1239,57,0.8,1304
1,e390d114-ccdf-4c42-ac2e-d52bea23fde7,b2e37a98-5ae4-4047-a195-02b8f34f4c16,东方雄狮,True,1115,98,0.21,1215
1,e390d114-ccdf-4c42-ac2e-d52bea23fde7,b55c3837-48ee-47b5-b904-1a3b3a5cc8fa,床单军团,True,1202,66,0.68,1226
1,e390d114-ccdf-4c42-ac2e-d52bea23fde7,b5d0ca4d-cf78-4ff7-8218-7b1e1822e151,高乔骑士,True,1233,72,0.4,1222
1,e390d114-ccdf-4c42-ac2e-d52bea23fde7,b614f29b-4a72-4de5-b188-dee31d4b0fb5,幽冥鬼狼,True,1217,93,0.9,1282
1,e390d114-ccdf-4c42-ac2e-d52bea23fde7,b6e89032-0a50-4f19-ac63-54cf782bee07,美洲豹王,True,1223,80,0.5,1221
1,e390d114-ccdf-4c42-ac2e-d52bea23fde7,b7035a9f-86b6-4a3a-9e8b-d207c0e710c9,青云直上,True,1242,147,0.64,1427
1,e390d114-ccdf-4c42-ac2e-d52bea23fde7,b7c36782-c6a4-4247-bbc0-0c274ec60641,皇家社会,True,1239,141,0.52,1360
1,e390d114-ccdf-4c42-ac2e-d52bea23fde7,b808617f-9403-4537-9183-ab47fe14545a,银河战舰,True,1236,93,0.69,1404
1,e390d114-ccdf-4c42-ac2e-d52bea23fde7,bab76802-e164-4864-a91f-184853b50f8d,矿工沙尔,True,1165,57,0.75,1184
1,e390d114-ccdf-4c42-ac2e-d52bea23fde7,babe80e1-f981-46ce-afaf-956e25309932,圣徒南安普,True,1239,103,0.69,1336
1,e390d114-ccdf-4c42-ac2e-d52bea23fde7,bb80fd64-c2d2-4000-8e3c-f9489ba64c4c,阿拉维斯,True,1229,68,0.75,1313
1,e390d114-ccdf-4c42-ac2e-d52bea23fde7,bb847cf7-8731-4ff7-aae5-7e6518e32d9d,冰狼踏雪,True,1234,116,0.49,1241
1,e390d114-ccdf-4c42-ac2e-d52bea23fde7,bc137b05-5035-49bd-a575-924eec62c2cd,凤凰涅槃,True,1107,144,-0.02,1200
1,e390d114-ccdf-4c42-ac2e-d52bea23fde7,bc94c07b-e9c7-41e5-81e0-5d1f83b2dd01,铁翼飞鹰,True,1238,93,0.41,1382
1,e390d114-ccdf-4c42-ac2e-d52bea23fde7,bc9db3c4-a0b1-46d4-b413-2002fb245523,马丘比丘,True,1159,47,0.62,1284
1,e390d114-ccdf-4c42-ac2e-d52bea23fde7,bde4edf5-636c-4ba3-a203-95e5915c10d4,食蚁兽长,True,1237,88,0.41,1290
1,e390d114-ccdf-4c42-ac2e-d52bea23fde7,be52762f-3c13-4505-961a-912e5e378cb5,汉诺威红,True,1211,78,0.81,1316
1,e390d114-ccdf-4c42-ac2e-d52bea23fde7,c268fae0-61b6-4606-9e2a-055a24f89d0e,金石为开,True,1224,103,0.91,1292
1,e390d114-ccdf-4c42-ac2e-d52bea23fde7,c3f2a61c-b89d-4617-9a49-9c37bfb22d85,炼油大师,True,1219,95,0.34,1312
1,e390d114-ccdf-4c42-ac2e-d52bea23fde7,c5eb4370-f52b-480f-8e71-f5b08c58d117,星月传奇,True,1215,97,0.44,1314
1,e390d114-ccdf-4c42-ac2e-d52bea23fde7,c6481d73-46c2-4b0f-9a02-c30ab8c8fbda,科隆山羊,True,1227,125,0.58,1410
1,e390d114-ccdf-4c42-ac2e-d52bea23fde7,c64934de-4ff3-4c7a-86ad-d4c11a6ebea5,设拉子酒,True,1257,143,0.55,1361
1,e390d114-ccdf-4c42-ac2e-d52bea23fde7,c67a3ee1-0034-4ef3-8ffc-5481207ad77d,紫电鹰扬,True,1240,87,0.6,1293
1,e390d114-ccdf-4c42-ac2e-d52bea23fde7,c8c53783-bd41-4227-b05a-bbc9b5c61205,花车巡游,True,1235,71,0.78,1320
1,e390d114-ccdf-4c42-ac2e-d52bea23fde7,cafd80ff-fa4e-4285-bad3-60e970b0c32e,萨尔瓦多,True,1239,112,0.94,1234
1,e390d114-ccdf-4c42-ac2e-d52bea23fde7,cb2e7f23-2fbf-4ffe-b030-1373f46b075e,阿拉伯夜,True,1223,74,0.59,1445
1,e390d114-ccdf-4c42-ac2e-d52bea23fde7,cd355729-024e-4001-9043-edfaa5b49b22,塞维利业,True,1249,79,0.7,1190
1,e390d114-ccdf-4c42-ac2e-d52bea23fde7,cd5dd860-1c7b-4f49-b038-2f07a1a060ea,赫塔菲蓝,True,1231,64,0.75,1380
1,e390d114-ccdf-4c42-ac2e-d52bea23fde7,cf454618-27cf-4310-82cd-7dc2ce8e90e2,三狮军团,True,1239,120,0.67,1295
1,e390d114-ccdf-4c42-ac2e-d52bea23fde7,d2d64811-3eed-4c20-97a5-7030102c4d21,草原战狼,True,1210,82,0.41,1233
1,e390d114-ccdf-4c42-ac2e-d52bea23fde7,d31e24dc-5d0f-4a54-8ca6-8e99b2996794,阿拉伯舞,True,1179,118,0.57,1238
1,e390d114-ccdf-4c42-ac2e-d52bea23fde7,d3ee3b95-03d8-46d3-ad95-ab27a64e8f22,公牛都灵,True,1221,114,0.66,1391
1,e390d114-ccdf-4c42-ac2e-d52bea23fde7,d5f75fd6-2d24-43e3-b91a-9fd48ff309b6,草原猎鹰,True,1224,67,0.65,1270
1,e390d114-ccdf-4c42-ac2e-d52bea23fde7,d6e5e5bb-cba2-431c-a959-0bd8cb8578a0,中原飞虎,True,1237,157,0.51,1299
1,e390d114-ccdf-4c42-ac2e-d52bea23fde7,d6ee3f84-cad2-4c9d-9bb4-e2cedffc8e1e,祖母绿光,True,1233,135,0.61,1467
1,e390d114-ccdf-4c42-ac2e-d52bea23fde7,d8a22718-70a3-4be5-877a-de4b81c14af8,雄鹰法兰,True,1222,82,0.8,1326
1,e390d114-ccdf-4c42-ac2e-d52bea23fde7,d8c6938b-766a-4798-9bbb-12b4e450aad7,真蓝黑亚,True,1235,69,0.4,1309
1,e390d114-ccdf-4c42-ac2e-d52bea23fde7,d967e71e-f3b8-44e3-85a7-05fc52745031,萨拉丁军,True,1231,91,0.96,1331
1,e390d114-ccdf-4c42-ac2e-d52bea23fde7,da99c67f-1c00-4bcb-a9a1-f6d132531fe2,火狼焚原,True,1244,120,1.05,1563
1,e390d114-ccdf-4c42-ac2e-d52bea23fde7,db886966-426e-4192-911b-3df848ce0ca0,西域雪狼,True,1192,85,0.89,1055
1,e390d114-ccdf-4c42-ac2e-d52bea23fde7,dbcb30e7-7ac5-4c50-addf-a2ecd0fbf3c1,十字军东,True,1180,96,0.6,1218
1,e390d114-ccdf-4c42-ac2e-d52bea23fde7,e444b7c8-cc7d-44d0-bed8-7083e8b1d695,累西腓鼓,True,1243,138,-0.06,1400
1,e390d114-ccdf-4c42-ac2e-d52bea23fde7,e45898c4-c0d4-4240-b691-ab8347c86158,日耳曼战,True,1235,133,0.54,1412
1,e390d114-ccdf-4c42-ac2e-d52bea23fde7,e4b985c4-dd27-418d-a9a7-a5d6f35e98a1,骆驼骑士,True,1239,109,0.53,1176
1,e390d114-ccdf-4c42-ac2e-d52bea23fde7,e5e4b950-9450-41ab-be65-c4c2d53dcdad,雪豹冰山,True,1236,88,0.76,1352
1,e390d114-ccdf-4c42-ac2e-d52bea23fde7,e6288dee-df27-4d81-9847-eaf48c0f5031,赤龙焚天,True,1217,90,0.77,1064
1,e390d114-ccdf-4c42-ac2e-d52bea23fde7,e6c22599-ee69-4502-96cf-25d675720e83,红牛莱比,True,1230,114,1.06,1391
1,e390d114-ccdf-4c42-ac2e-d52bea23fde7,e89799c8-ac26-4f18-bedc-46ddf3183972,西海金龙,True,1174,66,0.46,1003
1,e390d114-ccdf-4c42-ac2e-d52bea23fde7,e8e047b2-cb46-427f-9393-4bd30643faf3,猫眼石闪,True,1251,72,0.72,1337
1,e390d114-ccdf-4c42-ac2e-d52bea23fde7,e9627ba7-90a4-4557-aa0e-71fc0c465279,丝路驼铃,True,1226,80,0.07,1552
1,e390d114-ccdf-4c42-ac2e-d52bea23fde7,e9868e9f-002d-45b4-8225-87d8ed8ff3fa,桑巴学校,True,1171,95,0.47,1211
1,e390d114-ccdf-4c42-ac2e-d52bea23fde7,ea18dcba-0ec9-4619-b122-a0ebba745f41,撒哈拉南,True,1100,28,0.55,1204
1,e390d114-ccdf-4c42-ac2e-d52bea23fde7,ebc08aff-5733-44d5-9d6b-41a4b84c1190,山楂球西布,True,1090,52,0.55,1036
1,e390d114-ccdf-4c42-ac2e-d52bea23fde7,edebcb24-9257-42c8-b5e8-0bd2a817c90b,格拉纳达,True,1245,122,0.96,1304
1,e390d114-ccdf-4c42-ac2e-d52bea23fde7,efa486d0-ab0b-40aa-962a-ff36894f7ef6,沙滩足球,True,1216,49,0.8,1125
1,e390d114-ccdf-4c42-ac2e-d52bea23fde7,f0559506-122f-4f1d-9f64-40d1e9a6d24b,Medina之光,True,1223,83,0.73,1372
1,e390d114-ccdf-4c42-ac2e-d52bea23fde7,f36e23ac-40a8-4176-9f87-36b1aa04482a,潘帕斯草,True,1246,74,0.73,972
1,e390d114-ccdf-4c42-ac2e-d52bea23fde7,f416d443-dd05-424d-a3dd-9bc6df0912d7,狼队伍尔弗,True,1232,107,0.53,1382
1,e390d114-ccdf-4c42-ac2e-d52bea23fde7,f4fe0530-7f1b-40bb-87dc-a16769b07e43,青金石蓝,True,1244,102,0.88,1451
1,e390d114-ccdf-4c42-ac2e-d52bea23fde7,f566cf98-b62d-41a5-ba97-27ad7aeba008,云豹穿林,True,1247,97,0.93,1396
1,e390d114-ccdf-4c42-ac2e-d52bea23fde7,f836faf5-a634-498f-8090-6222cef3986e,长颈鹿颈,True,1223,77,0.79,1295
1,e390d114-ccdf-4c42-ac2e-d52bea23fde7,f8eb20a5-1e63-4aba-8269-af521e4c48c1,沙漠孤鹰,True,1249,73,0.81,1247
1,e390d114-ccdf-4c42-ac2e-d52bea23fde7,fa393ee5-1dc4-427b-bf79-3bd331e58594,森林之语,True,1106,33,0.34,1083
1,e390d114-ccdf-4c42-ac2e-d52bea23fde7,fa84f6bc-42cc-43fe-bf8d-5d79fca0ca8c,居鲁士帝,True,1237,102,0.85,1370
1,e390d114-ccdf-4c42-ac2e-d52bea23fde7,fb49752c-e650-4dbe-8236-fe1df913c043,亚马逊河,True,1233,106,0.74,1436
1,e390d114-ccdf-4c42-ac2e-d52bea23fde7,fc04ef94-0b19-486c-83fa-370220a1c6cf,北海苍龙,True,1249,82,0.8,1328
1,e390d114-ccdf-4c42-ac2e-d52bea23fde7,fd20dfa3-6820-4763-88fd-7585f19a6416,苍鹰搏兔,True,1219,59,0.83,1215
1,e390d114-ccdf-4c42-ac2e-d52bea23fde7,fd5b12e2-004f-4516-b1b6-50be9591a240,苍穹雄鹰,True,1223,134,0.08,1230
1,e390d114-ccdf-4c42-ac2e-d52bea23fde7,fe282816-8715-4495-ad56-10263461f6e8,朱雀焚霞,True,1166,84,0.82,1212
1,e390d114-ccdf-4c42-ac2e-d52bea23fde7,ff000fed-6b04-4242-81a8-7a9f7a000e3f,里约狂欢,True,1228,125,0.84,1362
1,e390d114-ccdf-4c42-ac2e-d52bea23fde7,fffd43d0-1031-4332-94b2-1190bb2e69d2,绿洲驼队,True,1158,31,0.67,1180
2,042fecda-9fc6-4b4f-9b5f-a501d7e6b0d0,01ec34c0-958d-4df7-a5cc-2576b499600f,辛巴达航,True,1243,170,0.43,1201
2,042fecda-9fc6-4b4f-9b5f-a501d7e6b0d0,02abfa70-362d-40f2-9f8e-4ac1192b6b8f,金鹰破晓,True,1234,123,0.54,1199
2,042fecda-9fc6-4b4f-9b5f-a501d7e6b0d0,02cc7c9b-e8f6-465e-8c77-2c6fba8830a4,斯图加特,True,1250,165,0.74,1257
2,042fecda-9fc6-4b4f-9b5f-a501d7e6b0d0,037e4da5-9c3d-4a6c-a424-cf7506bf10fe,青龙偃月,True,1214,132,0.75,1184
2,042fecda-9fc6-4b4f-9b5f-a501d7e6b0d0,03fae27f-60f8-4c15-b36e-f4542736870a,狂熊撼地,True,1229,179,0.94,1397
2,042fecda-9fc6-4b4f-9b5f-a501d7e6b0d0,04a3b108-1c55-4163-9236-5908ba06a7a7,尼罗河源,True,1210,211,0.15,1244
2,042fecda-9fc6-4b4f-9b5f-a501d7e6b0d0,062a4cff-0a7a-43d6-b2a9-f561a0650218,绿茵魔术师,True,1259,190,0.92,1253
2,042fecda-9fc6-4b4f-9b5f-a501d7e6b0d0,07bcce3a-03ea-4e24-9ddb-57cbf153ee9e,罗马狼王,True,1251,113,0.57,1293
2,042fecda-9fc6-4b4f-9b5f-a501d7e6b0d0,081fe7a1-7b47-49e1-af0f-dc4a09b5e2c7,小海马萨,True,1239,147,0.59,1350
2,042fecda-9fc6-4b4f-9b5f-a501d7e6b0d0,08b5a7b2-16f6-49ac-a9c7-da19cb2675da,美丽游戏,True,1221,149,0.58,1307
2,042fecda-9fc6-4b4f-9b5f-a501d7e6b0d0,0a554e03-0ee6-46ed-9a06-526475828ac2,阿散蒂金,True,1246,212,0.55,1375
2,042fecda-9fc6-4b4f-9b5f-a501d7e6b0d0,0b641aa1-2c4d-4e4b-a719-ae490593fa6c,峨眉女侠,True,1260,178,0.32,1281
2,042fecda-9fc6-4b4f-9b5f-a501d7e6b0d0,0c7bc4e7-d179-44de-9f13-45d37a6b18b1,猎豹闪电,True,1222,176,0.62,1075
2,042fecda-9fc6-4b4f-9b5f-a501d7e6b0d0,0e06c118-d702-4dd6-b837-0fb888b5b184,红魔曼联,True,1238,122,0.63,1174
2,042fecda-9fc6-4b4f-9b5f-a501d7e6b0d0,0e327ff2-94b8-4789-9b3f-2f6357316248,足球精灵,True,1235,167,0.47,1160
2,042fecda-9fc6-4b4f-9b5f-a501d7e6b0d0,0f28d8ff-2c2c-4e73-b5f6-d85b6ead1196,弯月之星,True,1237,143,0.59,1179
2,042fecda-9fc6-4b4f-9b5f-a501d7e6b0d0,11f23551-bfc3-466f-a0c5-83c796047ce6,金字塔尖,True,1201,96,0.62,1030
2,042fecda-9fc6-4b4f-9b5f-a501d7e6b0d0,12606a9e-ab02-4999-bd13-5d6f61fea886,单峰快驼,True,1224,186,0.12,1241
2,042fecda-9fc6-4b4f-9b5f-a501d7e6b0d0,129e5ae2-7ec9-46ec-bb88-0d560fb2256b,维多利亚,True,1240,184,0.44,1372
2,042fecda-9fc6-4b4f-9b5f-a501d7e6b0d0,12b3ccbc-7c49-451d-bad8-b28f502ef3b3,撒哈拉驼,True,1193,141,0.44,1149
2,042fecda-9fc6-4b4f-9b5f-a501d7e6b0d0,14619cd0-36e2-4088-9610-11b34a48f4ba,沙漠玫瑰,True,1257,132,0.41,1146
2,042fecda-9fc6-4b4f-9b5f-a501d7e6b0d0,14e49277-adb0-4773-af1f-fca507cad5fc,红军利物浦,True,1246,224,0.36,1088
2,042fecda-9fc6-4b4f-9b5f-a501d7e6b0d0,151c7a32-78c9-46ff-a960-9d9e7767f208,街球之王,True,1231,187,1.07,1221
2,042fecda-9fc6-4b4f-9b5f-a501d7e6b0d0,15d31e77-db47-464f-8026-b6dc5143e3a6,布宜诺斯,True,1222,210,0.79,1164
2,042fecda-9fc6-4b4f-9b5f-a501d7e6b0d0,17137111-2cdb-4844-aad9-201ed6604de1,五人制王,True,1210,156,0.27,1324
2,042fecda-9fc6-4b4f-9b5f-a501d7e6b0d0,17529bad-36e6-4fbe-8204-ba37a650e518,巴格达城,True,1224,178,0.79,1171
2,042fecda-9fc6-4b4f-9b5f-a501d7e6b0d0,187e1f0a-ccd1-4d23-ab9a-c2e3f2f9f50c,一千零一夜,True,1259,137,0.5,1239
2,042fecda-9fc6-4b4f-9b5f-a501d7e6b0d0,1963e4a6-4f06-45ba-9855-1df40371137e,圣保罗彩,True,1251,170,0.67,1283
2,042fecda-9fc6-4b4f-9b5f-a501d7e6b0d0,19c76ada-1e19-48f7-b09b-8a5e1cf95dc5,祖鲁战士,True,1251,95,0.51,1316
2,042fecda-9fc6-4b4f-9b5f-a501d7e6b0d0,1acdc22c-672d-4d2e-bb3c-93ead83f2c92,巴塔哥尼,True,1241,156,0.44,1151
2,042fecda-9fc6-4b4f-9b5f-a501d7e6b0d0,1b1135cf-6418-47e8-a8e6-593ba7f23413,金刚鹦鹉,True,1248,133,0.6,1188
2,042fecda-9fc6-4b4f-9b5f-a501d7e6b0d0,1b8a4d50-174f-41e1-9c8c-27767935b3ab,波斯猫王,True,1248,189,0.15,1218
2,042fecda-9fc6-4b4f-9b5f-a501d7e6b0d0,1bc5bf16-4a9e-48bb-a77b-532fd8aefa56,伊斯法罕,True,1241,149,0.29,1200
2,042fecda-9fc6-4b4f-9b5f-a501d7e6b0d0,1ead6e05-654c-4a3f-85b8-cdc8dd92e282,波斯地毯,True,1237,206,1.06,1198
2,042fecda-9fc6-4b4f-9b5f-a501d7e6b0d0,1f298146-a566-4516-9d24-38cd351aaf33,贝都因骑,True,1247,148,0.59,1422
2,042fecda-9fc6-4b4f-9b5f-a501d7e6b0d0,1ffe6c96-1336-4606-a4fe-fa74c03aeb54,老鹰水晶宫,True,1235,141,0.43,1122
2,042fecda-9fc6-4b4f-9b5f-a501d7e6b0d0,227ade00-2007-422f-aee3-e8ebf9172c44,食人鱼群,True,1249,197,0.5,1254
2,042fecda-9fc6-4b4f-9b5f-a501d7e6b0d0,23d638ce-190f-4095-a102-692a0d02fa98,绿洲明珠,True,1215,245,-0.01,1215
2,042fecda-9fc6-4b4f-9b5f-a501d7e6b0d0,249908bf-e5ae-4980-8516-137115719560,蓝鹰拉齐,True,1221,160,0.69,1238
2,042fecda-9fc6-4b4f-9b5f-a501d7e6b0d0,25701c45-6781-482d-bdd3-fc03b94e3c08,不来梅绿,True,1230,184,0.47,1321
2,042fecda-9fc6-4b4f-9b5f-a501d7e6b0d0,25d9d5c2-7b00-47e8-8ecb-eeb2b9a6cf84,飓风之眼,True,1255,99,0.59,1175
2,042fecda-9fc6-4b4f-9b5f-a501d7e6b0d0,28a854f0-e8c6-413c-b4ec-8300ad2ff2a3,香料之路,True,1256,105,0.35,1195
2,042fecda-9fc6-4b4f-9b5f-a501d7e6b0d0,2a047a32-a1a2-4c88-a0de-7ed57cc1ca24,宇宙巴萨,True,1253,201,0.56,1255
2,042fecda-9fc6-4b4f-9b5f-a501d7e6b0d0,2a6cfb38-e7ba-4e12-96f2-80b0a3f958cc,大津巴布,True,1223,174,0.89,1259
2,042fecda-9fc6-4b4f-9b5f-a501d7e6b0d0,2c7e76e3-1fc5-447a-affb-9169785c8a33,白百合热,True,1240,139,0.43,1302
2,042fecda-9fc6-4b4f-9b5f-a501d7e6b0d0,2cb0734f-0a23-448d-a980-4c6e456bab65,库尔德勇,True,1256,170,0.57,1248
2,042fecda-9fc6-4b4f-9b5f-a501d7e6b0d0,2fcc55d4-cab2-4e26-bfe1-7a7c6832b2c9,马赛勇士,True,1255,212,0.39,1351
2,042fecda-9fc6-4b4f-9b5f-a501d7e6b0d0,3031635b-5f29-49ae-a866-560513d3f327,蓝黑战士,True,1242,186,0.23,1270
2,042fecda-9fc6-4b4f-9b5f-a501d7e6b0d0,30b84116-8f6e-4d35-bf10-d14f5557e935,马穆鲁克,True,1250,177,0.96,1221
2,042fecda-9fc6-4b4f-9b5f-a501d7e6b0d0,31579c3e-4d3d-4b55-acb6-5523e4b1e792,斑马军团,True,1227,230,0.14,1269
2,042fecda-9fc6-4b4f-9b5f-a501d7e6b0d0,32440bda-6199-436b-9961-5ddbe8afda7a,奥格斯堡,True,1235,123,0.43,975
2,042fecda-9fc6-4b4f-9b5f-a501d7e6b0d0,34c25e2b-1127-45b0-b691-1339d0c577aa,桑巴舞者,True,1254,125,0.54,1204
2,042fecda-9fc6-4b4f-9b5f-a501d7e6b0d0,365dda0f-951d-4166-b519-7a12c5c50af8,红尘滚滚,True,1232,134,0.4,1257
2,042fecda-9fc6-4b4f-9b5f-a501d7e6b0d0,367e2640-67c6-46a1-8e78-a241fa6a528d,红宝石矿,True,1264,130,0.86,1357
2,042fecda-9fc6-4b4f-9b5f-a501d7e6b0d0,37cc2832-8380-4f64-ad66-addfeda7318c,麦加朝圣,True,1240,211,0.42,1092
2,042fecda-9fc6-4b4f-9b5f-a501d7e6b0d0,37ce9a96-85c3-4ff0-bdb2-e69cc717d486,桑布露族,True,1214,199,0.06,1337
2,042fecda-9fc6-4b4f-9b5f-a501d7e6b0d0,38ffd7cd-8139-48e0-a129-2c891f28c170,角马迁徙,True,1241,171,0.58,1398
2,042fecda-9fc6-4b4f-9b5f-a501d7e6b0d0,3a0e0b1d-fc95-4246-b359-b498ff4e4862,西域猛虎,True,1237,127,0.52,1265
2,042fecda-9fc6-4b4f-9b5f-a501d7e6b0d0,3ab90491-3bf8-44d9-90cd-eea152166134,东方巨龙,True,1212,156,0.43,1115
2,042fecda-9fc6-4b4f-9b5f-a501d7e6b0d0,3ac07bef-14ba-4378-a198-87a892ec7578,水蟒巨蛇,True,1248,185,0.61,1343
2,042fecda-9fc6-4b4f-9b5f-a501d7e6b0d0,3b208383-39da-43c1-b52a-92cc4f00b8b3,蜜蜂布伦特,True,1232,141,0.53,1067
2,042fecda-9fc6-4b4f-9b5f-a501d7e6b0d0,3b6c53b7-d476-4d8b-9889-2bdf1d3bde39,清真寺塔,True,1220,164,0.59,1290
2,042fecda-9fc6-4b4f-9b5f-a501d7e6b0d0,3c868bc7-da11-4f2c-91ed-4977bdeb678d,薛西斯军,True,1251,128,0.17,1225
2,042fecda-9fc6-4b4f-9b5f-a501d7e6b0d0,3eb84639-eb9c-458e-b631-f6f3a504498a,雪虎踏山,True,1231,193,0.12,1097
2,042fecda-9fc6-4b4f-9b5f-a501d7e6b0d0,3f046822-7148-4bda-b6a2-e543ac952872,枪手兵工厂,True,1224,140,0.48,1261
2,042fecda-9fc6-4b4f-9b5f-a501d7e6b0d0,40db47f7-67bc-451e-966d-3a43758d3c8c,银龙出海,True,1244,176,0.31,1352
2,042fecda-9fc6-4b4f-9b5f-a501d7e6b0d0,4278b173-86fd-4385-b9b4-c101a6865b77,紫气东来,True,1241,164,0.4,1160
2,042fecda-9fc6-4b4f-9b5f-a501d7e6b0d0,463b1686-b56a-46b6-b7ee-c01af988c4ac,黑虎掏心,True,1227,209,0.39,1208
2,042fecda-9fc6-4b4f-9b5f-a501d7e6b0d0,468d3f09-7891-45db-9b3b-48fd391e80c5,美因茨红,True,1242,150,0.38,1224
2,042fecda-9fc6-4b4f-9b5f-a501d7e6b0d0,47c89265-420d-4644-ada9-8020d74ba5f7,铁锤帮西汉,True,1232,219,0.43,1333
2,042fecda-9fc6-4b4f-9b5f-a501d7e6b0d0,48f222df-58f8-4ce5-8ece-03d834cb4759,金虎啸月,True,1245,139,0.51,1229
2,042fecda-9fc6-4b4f-9b5f-a501d7e6b0d0,496af4c4-917f-4000-9940-c5ab2fd90644,农场主富勒,True,1235,103,0.32,1199
2,042fecda-9fc6-4b4f-9b5f-a501d7e6b0d0,4a001b04-8987-44a5-8fc1-5a8a630ffb0d,飞驴切沃,True,1239,165,0.54,1296
2,042fecda-9fc6-4b4f-9b5f-a501d7e6b0d0,4a0980a9-53b1-4148-88bd-8fea151b27cd,东北虎啸,True,1240,174,0.77,1241
2,042fecda-9fc6-4b4f-9b5f-a501d7e6b0d0,4a22bd7d-1e21-4e7a-9b1a-81e6cf384475,马略卡岛,True,1227,99,0.31,1249
2,042fecda-9fc6-4b4f-9b5f-a501d7e6b0d0,4b677e06-d7d6-4e83-96f1-450d2bcb56bc,印加帝国,True,1228,164,1.05,1188
2,042fecda-9fc6-4b4f-9b5f-a501d7e6b0d0,4bdde0a1-55fa-4f96-9844-92c2808519b1,黑金帝国,True,1228,198,0.28,1182
2,042fecda-9fc6-4b4f-9b5f-a501d7e6b0d0,4be5bf0a-cccc-4cca-8dea-c2eca8b84846,绿白贝蒂,True,1241,180,0.34,1256
2,042fecda-9fc6-4b4f-9b5f-a501d7e6b0d0,4f14a1ef-154b-45a8-9085-d345797647a6,水晶石透,True,1255,117,0.75,1232
2,042fecda-9fc6-4b4f-9b5f-a501d7e6b0d0,4f809b82-ce9b-49b1-be2c-82a4c9bcffc6,驼峰运输,True,1235,162,0.88,1209
2,042fecda-9fc6-4b4f-9b5f-a501d7e6b0d0,527bc35b-1841-4645-97ef-8963500ff0ef,铁甲战狮,True,1254,211,0.15,1281
2,042fecda-9fc6-4b4f-9b5f-a501d7e6b0d0,5472b711-5295-4551-80f5-097fc9578b70,蓝军切尔西,True,1245,129,0.69,1304
2,042fecda-9fc6-4b4f-9b5f-a501d7e6b0d0,5511139b-77d8-45c9-ad62-c8beed4030f5,沙漠之舟,True,1236,195,0.31,1186
2,042fecda-9fc6-4b4f-9b5f-a501d7e6b0d0,565bf6a3-196f-4721-9411-1de5bf4f5acb,威尼斯假,True,1254,203,0.5,1011
2,042fecda-9fc6-4b4f-9b5f-a501d7e6b0d0,58157663-52e3-47df-8e73-7382539de326,塞尔塔天,True,1224,214,-0.3,1262
2,042fecda-9fc6-4b4f-9b5f-a501d7e6b0d0,59e5c80b-0d5b-4873-8d5a-9b3f3a74e738,那不勒斯,True,1257,156,0.51,1238
2,042fecda-9fc6-4b4f-9b5f-a501d7e6b0d0,5a10083e-54b0-418d-9c53-2afd707018b5,北方苍狼,True,1198,162,0.44,1165
2,042fecda-9fc6-4b4f-9b5f-a501d7e6b0d0,5bc140b2-68bc-4ed7-85c7-36a5c35f00fc,魔毯飞行,True,1231,182,0.58,1135
2,042fecda-9fc6-4b4f-9b5f-a501d7e6b0d0,5c585611-5ac5-452c-a665-95df48ddcb14,刚果王国,True,1245,174,0.49,1298
2,042fecda-9fc6-4b4f-9b5f-a501d7e6b0d0,5d1a653d-fd53-4ba2-84b7-2935635600c2,乞力马扎,True,1242,178,0.11,1332
2,042fecda-9fc6-4b4f-9b5f-a501d7e6b0d0,5f6c1e9e-fc52-4083-a6b5-628583a3290f,汽油骑士,True,1222,127,0.22,1192
2,042fecda-9fc6-4b4f-9b5f-a501d7e6b0d0,5f8a9a5a-1bb8-4c50-ae53-cacf16fd5655,犀牛冲撞,True,1235,142,0.71,1128
2,042fecda-9fc6-4b4f-9b5f-a501d7e6b0d0,5fad88d8-baa7-4417-87d2-ae9891ecaeb7,树懒慢动,True,1226,232,0.08,1242
2,042fecda-9fc6-4b4f-9b5f-a501d7e6b0d0,5fc35b62-65cd-4b6e-b541-7b6a2e457dbf,非洲大象,True,1259,199,0.45,1227
2,042fecda-9fc6-4b4f-9b5f-a501d7e6b0d0,61079441-3609-4686-bb62-bb81657afa5d,紫电龙骑,True,1228,133,0.73,1156
2,042fecda-9fc6-4b4f-9b5f-a501d7e6b0d0,6379ae2d-7248-4295-9756-24db1b0e6379,狼堡沃尔夫,True,1267,124,0.68,1030
2,042fecda-9fc6-4b4f-9b5f-a501d7e6b0d0,63d9b101-4c61-4f55-af72-b033617e207b,智利红酒,True,1245,98,0.66,977
2,042fecda-9fc6-4b4f-9b5f-a501d7e6b0d0,654b8c8f-76d3-4c5e-b619-c6cdedc2e172,流水无痕,True,1250,161,0.59,1134
2,042fecda-9fc6-4b4f-9b5f-a501d7e6b0d0,6668eb8c-0e97-43fd-a539-fce26d1274e1,雪山神鹰,True,1224,148,0.62,1269
2,042fecda-9fc6-4b4f-9b5f-a501d7e6b0d0,668a315b-34fb-4ded-98f5-11afa6abcf7a,沙漠之狐,True,1247,229,0.06,1288
2,042fecda-9fc6-4b4f-9b5f-a501d7e6b0d0,66cc3143-8ce9-4140-b271-180c1e79b6a2,野马奔腾,True,1251,215,0.3,1181
2,042fecda-9fc6-4b4f-9b5f-a501d7e6b0d0,69477249-2842-45ba-b603-842228a90f0d,纳斯卡线,True,1216,145,0.15,1111
2,042fecda-9fc6-4b4f-9b5f-a501d7e6b0d0,69708198-5783-4805-a6ac-86583c4a5ebc,咖啡起源,True,1243,115,0.59,1344
2,042fecda-9fc6-4b4f-9b5f-a501d7e6b0d0,6a3dd634-c7c8-44a5-9243-9ebd892aba9c,南海蛟龙,True,1223,124,0.49,1255
2,042fecda-9fc6-4b4f-9b5f-a501d7e6b0d0,6b08fc24-e4e1-479b-9cb2-ccfcb0b0c690,巨象踏天,True,1223,207,0.34,1193
2,042fecda-9fc6-4b4f-9b5f-a501d7e6b0d0,6bc1f05f-ded5-4567-b765-b3e667721398,华南虎威,True,1257,167,0.08,1283
2,042fecda-9fc6-4b4f-9b5f-a501d7e6b0d0,6dfc39bd-edfe-488c-aba9-1b0597e6273c,大流士王,True,1249,195,0.8,1273
2,042fecda-9fc6-4b4f-9b5f-a501d7e6b0d0,6fe98b3e-ed26-4810-985a-eda1fca9dcdc,复活节岛,True,1227,156,0.95,1259
2,042fecda-9fc6-4b4f-9b5f-a501d7e6b0d0,70e7411c-a771-4423-a028-0d146ae77b54,药厂勒沃,True,1246,169,0.7,1229
2,042fecda-9fc6-4b4f-9b5f-a501d7e6b0d0,7156e433-7120-4493-bea6-8363fdda5744,阿根廷梦,True,1264,132,0.74,1350
2,042fecda-9fc6-4b4f-9b5f-a501d7e6b0d0,71f5c595-a366-47ff-86e6-86e16270951d,土耳其近,True,1237,193,0.45,1287
2,042fecda-9fc6-4b4f-9b5f-a501d7e6b0d0,72955443-9292-4700-ac2f-944762a93e63,图阿雷格,True,1245,204,0.17,1295
2,042fecda-9fc6-4b4f-9b5f-a501d7e6b0d0,72c803a3-6528-48c0-a813-ec2d069e9412,紫百合佛,True,1246,216,0.67,1122
2,042fecda-9fc6-4b4f-9b5f-a501d7e6b0d0,7553350f-3535-4874-8e73-a0350e98be1e,华山剑客,True,1240,126,0.58,1169
2,042fecda-9fc6-4b4f-9b5f-a501d7e6b0d0,75ba1602-bf6e-436f-9557-2457ed42d5cc,玛瑙石红,True,1244,174,0.82,1192
2,042fecda-9fc6-4b4f-9b5f-a501d7e6b0d0,7601a5b9-c1b8-4b24-8cb6-01c73995b39b,少林武僧,True,1250,165,0.8,1283
2,042fecda-9fc6-4b4f-9b5f-a501d7e6b0d0,775a769a-df59-4d58-9f43-c0bebd4621d9,烈焰红唇,True,1239,166,0.2,1324
2,042fecda-9fc6-4b4f-9b5f-a501d7e6b0d0,790208ab-98f3-46af-91ba-97c51fb9151d,凯门鳄凶,True,1238,183,0.03,1300
2,042fecda-9fc6-4b4f-9b5f-a501d7e6b0d0,7abb5149-0385-4777-a3d0-36159503c86b,水手桑普,True,1235,197,0.4,1284
2,042fecda-9fc6-4b4f-9b5f-a501d7e6b0d0,7abf99b5-7e60-460b-bf94-66973729251d,蓝衣军团,True,1248,157,0.43,1221
2,042fecda-9fc6-4b4f-9b5f-a501d7e6b0d0,7b13aa4c-072b-4613-8d1e-a97e4b85d607,烈焰狂狮,True,1231,198,0.56,1243
2,042fecda-9fc6-4b4f-9b5f-a501d7e6b0d0,7bf1cfbc-a3ca-40fe-8a4a-eb87aa98f5cd,蓝宝石海,True,1252,189,0.53,1400
2,042fecda-9fc6-4b4f-9b5f-a501d7e6b0d0,7c4ae8da-df33-4f09-885e-c07079445d18,探戈情人,True,1250,214,0.72,1336
2,042fecda-9fc6-4b4f-9b5f-a501d7e6b0d0,7c68c782-acf9-47fd-8f37-466f2eab0786,红狼罗马,True,1242,195,0.35,1327
2,042fecda-9fc6-4b4f-9b5f-a501d7e6b0d0,7c74fdbb-b1cc-48bc-8c68-36c30765f612,武当太极,True,1249,196,0.22,1214
2,042fecda-9fc6-4b4f-9b5f-a501d7e6b0d0,7d3aa86e-1ba2-48ed-bc3d-50cd37232fd9,太妃糖埃弗,True,1219,126,0.61,1246
2,042fecda-9fc6-4b4f-9b5f-a501d7e6b0d0,7d3e5f96-a64c-4b7d-973f-4bfdf10596c0,南部之星,True,1233,166,0.7,1226
2,042fecda-9fc6-4b4f-9b5f-a501d7e6b0d0,7d60b4dd-8fe5-452f-833f-d48cb9108d9f,能源霸主,True,1234,147,0.56,1036
2,042fecda-9fc6-4b4f-9b5f-a501d7e6b0d0,7f471e07-07b7-4b14-a2fa-1088079b43ca,天方夜谭,True,1243,211,0.53,1223
2,042fecda-9fc6-4b4f-9b5f-a501d7e6b0d0,80868aa4-0c00-4191-9b24-0324d82370b2,热带雨林,True,1255,234,0.13,1304
2,042fecda-9fc6-4b4f-9b5f-a501d7e6b0d0,8229aec2-282a-4c96-9e65-23891997be58,黄色潜水艇,True,1253,168,0.62,1152
2,042fecda-9fc6-4b4f-9b5f-a501d7e6b0d0,82aa826c-6c76-4405-9120-62906b6067cd,寒冰领域,True,1246,132,0.59,1378
2,042fecda-9fc6-4b4f-9b5f-a501d7e6b0d0,8417bb4e-8246-48d8-8062-e1fe3518d9cf,拉普拉塔,True,1224,193,0.74,1277
2,042fecda-9fc6-4b4f-9b5f-a501d7e6b0d0,84745b70-8092-4bfb-b200-aa18a1e72a7e,霍村霍芬,True,1251,183,0.63,1353
2,042fecda-9fc6-4b4f-9b5f-a501d7e6b0d0,8481d007-9823-4dfb-8e3c-6c6db8e053af,清真美食,True,1234,120,0.74,1392
2,042fecda-9fc6-4b4f-9b5f-a501d7e6b0d0,84cbb31b-4adb-43ef-961e-f9b9e53905fa,撒丁岛卡,True,1244,111,0.42,1177
2,042fecda-9fc6-4b4f-9b5f-a501d7e6b0d0,85cac6d1-cb48-4ea5-9a2c-8dc4d1213fb9,图西胡图,True,1234,116,0.54,1362
2,042fecda-9fc6-4b4f-9b5f-a501d7e6b0d0,860ddb9d-ce00-4d10-bde0-142f96a219fa,雷霆万钧,True,1237,163,0.59,1238
2,042fecda-9fc6-4b4f-9b5f-a501d7e6b0d0,86b4939d-2888-427c-9101-8e5a562877e0,沙漠商队,True,1245,188,0.48,1163
2,042fecda-9fc6-4b4f-9b5f-a501d7e6b0d0,8774fee2-cdc4-4659-ab26-23b455bfbd47,天然气王,True,1212,135,0.69,1012
2,042fecda-9fc6-4b4f-9b5f-a501d7e6b0d0,88bee89a-56da-4c1e-ab54-1f677622d41d,斗牛士团,True,1242,91,0.36,1293
2,042fecda-9fc6-4b4f-9b5f-a501d7e6b0d0,88ed5a47-327b-49ee-9acc-a2c6b40897a0,马赛马拉,True,1254,188,0.1,1327
2,042fecda-9fc6-4b4f-9b5f-a501d7e6b0d0,898b3f67-e0e4-405b-916a-a0b3a29f97df,白虎啸天,True,1251,210,0.05,1209
2,042fecda-9fc6-4b4f-9b5f-a501d7e6b0d0,89e78e79-7feb-4227-95aa-4cf5db58220a,绿松石绿,True,1247,178,0.54,1265
2,042fecda-9fc6-4b4f-9b5f-a501d7e6b0d0,8a2d6a07-91ec-4b8e-8acf-ccda6a3eeded,阿拉伯军,True,1263,148,0.65,1148
2,042fecda-9fc6-4b4f-9b5f-a501d7e6b0d0,8aa9ec46-0208-4d28-8bf1-a2efa0472faa,马里帝国,True,1241,119,0.28,1136
2,042fecda-9fc6-4b4f-9b5f-a501d7e6b0d0,8ae3320a-c41c-4cd7-aed2-fa48566ffc3b,塞伦盖蒂,True,1248,162,0.89,1188
2,042fecda-9fc6-4b4f-9b5f-a501d7e6b0d0,8b44aa11-a566-4447-83df-87f5b1b5bb69,非洲猎豹,True,1254,167,0.73,1324
2,042fecda-9fc6-4b4f-9b5f-a501d7e6b0d0,8b9313b3-ae84-4ab5-b1fc-cc6f3e93a578,斑马条纹,True,1241,207,0.2,1269
2,042fecda-9fc6-4b4f-9b5f-a501d7e6b0d0,8bb6c4c8-152e-456c-b7c5-93a3a09115ba,莫莫之王,True,1263,174,0.68,1239
2,042fecda-9fc6-4b4f-9b5f-a501d7e6b0d0,8c09e20b-6a0a-4708-bce3-e13cfa3fde18,玄武镇海,True,1235,201,0.35,1294
2,042fecda-9fc6-4b4f-9b5f-a501d7e6b0d0,8e54a7a7-70d4-4730-937c-b1d1592d21db,波斯勇士,True,1241,203,0.46,1246
2,042fecda-9fc6-4b4f-9b5f-a501d7e6b0d0,8f60d307-ee4f-4996-a3e5-2ae86f1f391b,尼罗河神,True,1255,147,0.29,1300
2,042fecda-9fc6-4b4f-9b5f-a501d7e6b0d0,91729578-0c0a-4c27-81a6-948c39f12385,麒麟踏云,True,1251,201,0.49,1293
2,042fecda-9fc6-4b4f-9b5f-a501d7e6b0d0,9210c934-37a8-47ab-bbca-6c02f082addf,非洲野牛,True,1255,163,-0.13,1120
2,042fecda-9fc6-4b4f-9b5f-a501d7e6b0d0,9405cf7e-24ad-44c6-a6cc-3edf5d012cae,西班牙人,True,1247,156,0.51,1320
2,042fecda-9fc6-4b4f-9b5f-a501d7e6b0d0,94341c3e-e7e8-4010-ab79-1c3a23a335e5,刚果雨林,True,1258,182,0.08,1283
2,042fecda-9fc6-4b4f-9b5f-a501d7e6b0d0,95ccabcf-4cb0-47ea-9d3d-1531da419d72,双峰巨驼,True,1233,252,0.9,1376
2,042fecda-9fc6-4b4f-9b5f-a501d7e6b0d0,97fd6ca7-1472-494e-8edf-7f739e0493a6,石化巨人,True,1234,178,0.27,1298
2,042fecda-9fc6-4b4f-9b5f-a501d7e6b0d0,98affee8-afcd-49c4-ad9e-dd6551c372f5,快乐足球,True,1224,169,0.58,1215
2,042fecda-9fc6-4b4f-9b5f-a501d7e6b0d0,9958f1ef-0363-4bca-8334-c037d2fa02d3,大黄蜂多,True,1248,175,0.09,1228
2,042fecda-9fc6-4b4f-9b5f-a501d7e6b0d0,999e6b3e-4cd8-47ef-ab43-e9445c72495a,克鲁格园,True,1245,178,0.85,1276
2,042fecda-9fc6-4b4f-9b5f-a501d7e6b0d0,999ebff0-7816-4019-8efe-fbfe93714a0b,大地之力,True,1240,165,0.8,1253
2,042fecda-9fc6-4b4f-9b5f-a501d7e6b0d0,99f059a8-c995-4fe5-ad7a-9436a1bf8cc7,白虹贯日,True,1237,138,0.63,1379
2,042fecda-9fc6-4b4f-9b5f-a501d7e6b0d0,9a3a43fc-9b3b-411b-8edc-d3a6d162828e,非洲犀牛,True,1225,134,0.34,1183
2,042fecda-9fc6-4b4f-9b5f-a501d7e6b0d0,9a778859-74a3-440c-88f4-01b0719e9807,管道巨头,True,1228,127,0.44,1088
2,042fecda-9fc6-4b4f-9b5f-a501d7e6b0d0,9bc0405a-a028-445a-927b-e4702de93177,金毛狮王,True,1223,101,0.73,1211
2,042fecda-9fc6-4b4f-9b5f-a501d7e6b0d0,9be58122-0ae6-4339-b5fd-92b49deddc58,巴斯克雄,True,1262,179,0.39,1253
2,042fecda-9fc6-4b4f-9b5f-a501d7e6b0d0,9c10636e-35c9-4ddb-8f6c-1b0de4eaed80,阿里巴巴,True,1234,145,0.6,1116
2,042fecda-9fc6-4b4f-9b5f-a501d7e6b0d0,a0c56aac-0fb4-400e-87dc-bda60bfb69f1,非洲雄狮,True,1237,233,0.86,1318
2,042fecda-9fc6-4b4f-9b5f-a501d7e6b0d0,a1cccc1b-6768-48f7-9f11-3f1c7ba2f917,喜鹊纽卡,True,1203,124,0.59,1218
2,042fecda-9fc6-4b4f-9b5f-a501d7e6b0d0,a250faed-a7e1-41e7-beaa-6e10c81c3428,水豚憨态,True,1241,140,0.39,1235
2,042fecda-9fc6-4b4f-9b5f-a501d7e6b0d0,a3f15dc5-648f-42d6-b43f-8c61ae64a31f,金狼逐日,True,1226,137,0.38,1294
2,042fecda-9fc6-4b4f-9b5f-a501d7e6b0d0,a4351983-60a7-4f96-bba7-b19e84c2bfdb,阿拉丁灯,True,1243,276,0.53,1320
2,042fecda-9fc6-4b4f-9b5f-a501d7e6b0d0,a4fd48e2-4141-44db-8c3b-1c8fd4b5a101,金豹捕猎,True,1246,181,0.55,1404
2,042fecda-9fc6-4b4f-9b5f-a501d7e6b0d0,a74d1219-a058-421f-b750-0cb37da06595,小辣椒莱,True,1255,132,0.57,1378
2,042fecda-9fc6-4b4f-9b5f-a501d7e6b0d0,a83686f2-9dd3-45e7-90a6-0c67bb403aa4,蓝月亮城,True,1244,115,0.74,916
2,042fecda-9fc6-4b4f-9b5f-a501d7e6b0d0,a9e9b76c-05a7-480c-9bed-1c4df07aa52e,蝙蝠军团,True,1237,105,0.79,1199
2,042fecda-9fc6-4b4f-9b5f-a501d7e6b0d0,ac42b9e1-0ade-48f3-a87a-3d32ffd2fe8c,红黑恶魔,True,1229,157,0.61,1184
2,042fecda-9fc6-4b4f-9b5f-a501d7e6b0d0,ae256779-bf1a-4132-93e3-68d14882e798,乌拉圭牛,True,1225,124,0.66,1179
2,042fecda-9fc6-4b4f-9b5f-a501d7e6b0d0,ae2c6730-b34a-4e5b-9d21-831a4afbf8c1,石油大亨,True,1235,157,0.47,1238
2,042fecda-9fc6-4b4f-9b5f-a501d7e6b0d0,af4bbaf8-244b-4c5c-9927-efed0ffedd83,大马士革,True,1252,121,0.49,1146
2,042fecda-9fc6-4b4f-9b5f-a501d7e6b0d0,b033831c-a4b9-4c4a-af4d-cac72166a8fc,安第斯山,True,1240,157,0.87,1207
2,042fecda-9fc6-4b4f-9b5f-a501d7e6b0d0,b0d337f6-adfb-4994-80c1-bcfd1efcdc1c,银狼啸天,True,1236,172,0.71,1235
2,042fecda-9fc6-4b4f-9b5f-a501d7e6b0d0,b14de75f-6bae-49f0-ba3e-10c4831db230,钢铁柏林,True,1225,136,0.61,1232
2,042fecda-9fc6-4b4f-9b5f-a501d7e6b0d0,b2e37a98-5ae4-4047-a195-02b8f34f4c16,东方雄狮,True,1247,158,0.09,1218
2,042fecda-9fc6-4b4f-9b5f-a501d7e6b0d0,b55c3837-48ee-47b5-b904-1a3b3a5cc8fa,床单军团,True,1217,121,0.57,1242
2,042fecda-9fc6-4b4f-9b5f-a501d7e6b0d0,b5d0ca4d-cf78-4ff7-8218-7b1e1822e151,高乔骑士,True,1225,124,0.19,1254
2,042fecda-9fc6-4b4f-9b5f-a501d7e6b0d0,b614f29b-4a72-4de5-b188-dee31d4b0fb5,幽冥鬼狼,True,1214,191,0.76,1261
2,042fecda-9fc6-4b4f-9b5f-a501d7e6b0d0,b6e89032-0a50-4f19-ac63-54cf782bee07,美洲豹王,True,1226,150,0.29,1234
2,042fecda-9fc6-4b4f-9b5f-a501d7e6b0d0,b7035a9f-86b6-4a3a-9e8b-d207c0e710c9,青云直上,True,1240,218,0.53,1384
2,042fecda-9fc6-4b4f-9b5f-a501d7e6b0d0,b7c36782-c6a4-4247-bbc0-0c274ec60641,皇家社会,True,1216,215,0.38,1145
2,042fecda-9fc6-4b4f-9b5f-a501d7e6b0d0,b808617f-9403-4537-9183-ab47fe14545a,银河战舰,True,1233,182,0.55,1230
2,042fecda-9fc6-4b4f-9b5f-a501d7e6b0d0,bab76802-e164-4864-a91f-184853b50f8d,矿工沙尔,True,1234,142,0.55,1166
2,042fecda-9fc6-4b4f-9b5f-a501d7e6b0d0,babe80e1-f981-46ce-afaf-956e25309932,圣徒南安普,True,1230,162,0.52,1106
2,042fecda-9fc6-4b4f-9b5f-a501d7e6b0d0,bb80fd64-c2d2-4000-8e3c-f9489ba64c4c,阿拉维斯,True,1243,138,0.67,1192
2,042fecda-9fc6-4b4f-9b5f-a501d7e6b0d0,bb847cf7-8731-4ff7-aae5-7e6518e32d9d,冰狼踏雪,True,1230,175,0.57,1249
2,042fecda-9fc6-4b4f-9b5f-a501d7e6b0d0,bc137b05-5035-49bd-a575-924eec62c2cd,凤凰涅槃,True,1245,270,-0.11,1229
2,042fecda-9fc6-4b4f-9b5f-a501d7e6b0d0,bc94c07b-e9c7-41e5-81e0-5d1f83b2dd01,铁翼飞鹰,True,1247,159,0.27,1183
2,042fecda-9fc6-4b4f-9b5f-a501d7e6b0d0,bc9db3c4-a0b1-46d4-b413-2002fb245523,马丘比丘,True,1258,141,0.66,1270
2,042fecda-9fc6-4b4f-9b5f-a501d7e6b0d0,bde4edf5-636c-4ba3-a203-95e5915c10d4,食蚁兽长,True,1232,139,0.19,1336
2,042fecda-9fc6-4b4f-9b5f-a501d7e6b0d0,be52762f-3c13-4505-961a-912e5e378cb5,汉诺威红,True,1245,157,0.76,1142
2,042fecda-9fc6-4b4f-9b5f-a501d7e6b0d0,c268fae0-61b6-4606-9e2a-055a24f89d0e,金石为开,True,1246,159,0.85,1318
2,042fecda-9fc6-4b4f-9b5f-a501d7e6b0d0,c3f2a61c-b89d-4617-9a49-9c37bfb22d85,炼油大师,True,1223,149,0.52,1146
2,042fecda-9fc6-4b4f-9b5f-a501d7e6b0d0,c5eb4370-f52b-480f-8e71-f5b08c58d117,星月传奇,True,1246,145,0.69,1335
2,042fecda-9fc6-4b4f-9b5f-a501d7e6b0d0,c6481d73-46c2-4b0f-9a02-c30ab8c8fbda,科隆山羊,True,1219,184,0.49,1137
2,042fecda-9fc6-4b4f-9b5f-a501d7e6b0d0,c64934de-4ff3-4c7a-86ad-d4c11a6ebea5,设拉子酒,True,1270,231,0.41,1357
2,042fecda-9fc6-4b4f-9b5f-a501d7e6b0d0,c67a3ee1-0034-4ef3-8ffc-5481207ad77d,紫电鹰扬,True,1254,155,0.35,1273
2,042fecda-9fc6-4b4f-9b5f-a501d7e6b0d0,c8c53783-bd41-4227-b05a-bbc9b5c61205,花车巡游,True,1250,150,0.63,1094
2,042fecda-9fc6-4b4f-9b5f-a501d7e6b0d0,cafd80ff-fa4e-4285-bad3-60e970b0c32e,萨尔瓦多,True,1239,174,0.76,1240
2,042fecda-9fc6-4b4f-9b5f-a501d7e6b0d0,cb2e7f23-2fbf-4ffe-b030-1373f46b075e,阿拉伯夜,True,1232,118,0.56,1184
2,042fecda-9fc6-4b4f-9b5f-a501d7e6b0d0,cd355729-024e-4001-9043-edfaa5b49b22,塞维利业,True,1251,145,0.55,1254
2,042fecda-9fc6-4b4f-9b5f-a501d7e6b0d0,cd5dd860-1c7b-4f49-b038-2f07a1a060ea,赫塔菲蓝,True,1219,132,0.74,1199
2,042fecda-9fc6-4b4f-9b5f-a501d7e6b0d0,cf454618-27cf-4310-82cd-7dc2ce8e90e2,三狮军团,True,1245,190,0.46,1234
2,042fecda-9fc6-4b4f-9b5f-a501d7e6b0d0,d2d64811-3eed-4c20-97a5-7030102c4d21,草原战狼,True,1250,162,0.26,1261
2,042fecda-9fc6-4b4f-9b5f-a501d7e6b0d0,d31e24dc-5d0f-4a54-8ca6-8e99b2996794,阿拉伯舞,True,1255,222,0.54,1175
2,042fecda-9fc6-4b4f-9b5f-a501d7e6b0d0,d3ee3b95-03d8-46d3-ad95-ab27a64e8f22,公牛都灵,True,1234,218,0.69,1221
2,042fecda-9fc6-4b4f-9b5f-a501d7e6b0d0,d5f75fd6-2d24-43e3-b91a-9fd48ff309b6,草原猎鹰,True,1228,143,0.44,1229
2,042fecda-9fc6-4b4f-9b5f-a501d7e6b0d0,d6e5e5bb-cba2-431c-a959-0bd8cb8578a0,中原飞虎,True,1261,277,0.22,1335
2,042fecda-9fc6-4b4f-9b5f-a501d7e6b0d0,d6ee3f84-cad2-4c9d-9bb4-e2cedffc8e1e,祖母绿光,True,1235,182,0.51,1336
2,042fecda-9fc6-4b4f-9b5f-a501d7e6b0d0,d8a22718-70a3-4be5-877a-de4b81c14af8,雄鹰法兰,True,1236,174,0.5,1368
2,042fecda-9fc6-4b4f-9b5f-a501d7e6b0d0,d8c6938b-766a-4798-9bbb-12b4e450aad7,真蓝黑亚,True,1250,179,0.28,1264
2,042fecda-9fc6-4b4f-9b5f-a501d7e6b0d0,d967e71e-f3b8-44e3-85a7-05fc52745031,萨拉丁军,True,1247,181,0.74,1267
2,042fecda-9fc6-4b4f-9b5f-a501d7e6b0d0,da99c67f-1c00-4bcb-a9a1-f6d132531fe2,火狼焚原,True,1253,197,0.82,1425
2,042fecda-9fc6-4b4f-9b5f-a501d7e6b0d0,db886966-426e-4192-911b-3df848ce0ca0,西域雪狼,True,1236,153,0.83,1093
2,042fecda-9fc6-4b4f-9b5f-a501d7e6b0d0,dbcb30e7-7ac5-4c50-addf-a2ecd0fbf3c1,十字军东,True,1166,133,0.81,1155
2,042fecda-9fc6-4b4f-9b5f-a501d7e6b0d0,e444b7c8-cc7d-44d0-bed8-7083e8b1d695,累西腓鼓,True,1255,234,-0.21,1241
2,042fecda-9fc6-4b4f-9b5f-a501d7e6b0d0,e45898c4-c0d4-4240-b691-ab8347c86158,日耳曼战,True,1239,191,0.44,1223
2,042fecda-9fc6-4b4f-9b5f-a501d7e6b0d0,e4b985c4-dd27-418d-a9a7-a5d6f35e98a1,骆驼骑士,True,1249,158,0.59,1195
2,042fecda-9fc6-4b4f-9b5f-a501d7e6b0d0,e5e4b950-9450-41ab-be65-c4c2d53dcdad,雪豹冰山,True,1240,139,0.62,1241
2,042fecda-9fc6-4b4f-9b5f-a501d7e6b0d0,e6288dee-df27-4d81-9847-eaf48c0f5031,赤龙焚天,True,1239,163,0.65,1168
2,042fecda-9fc6-4b4f-9b5f-a501d7e6b0d0,e6c22599-ee69-4502-96cf-25d675720e83,红牛莱比,True,1249,189,0.96,1239
2,042fecda-9fc6-4b4f-9b5f-a501d7e6b0d0,e89799c8-ac26-4f18-bedc-46ddf3183972,西海金龙,True,1233,143,0.37,1152
2,042fecda-9fc6-4b4f-9b5f-a501d7e6b0d0,e8e047b2-cb46-427f-9393-4bd30643faf3,猫眼石闪,True,1268,128,0.65,1305
2,042fecda-9fc6-4b4f-9b5f-a501d7e6b0d0,e9627ba7-90a4-4557-aa0e-71fc0c465279,丝路驼铃,True,1242,207,-0.0,1184
2,042fecda-9fc6-4b4f-9b5f-a501d7e6b0d0,e9868e9f-002d-45b4-8225-87d8ed8ff3fa,桑巴学校,True,1233,165,0.39,1179
2,042fecda-9fc6-4b4f-9b5f-a501d7e6b0d0,ea18dcba-0ec9-4619-b122-a0ebba745f41,撒哈拉南,True,1161,114,0.42,1094
2,042fecda-9fc6-4b4f-9b5f-a501d7e6b0d0,ebc08aff-5733-44d5-9d6b-41a4b84c1190,山楂球西布,True,1154,159,0.49,1176
2,042fecda-9fc6-4b4f-9b5f-a501d7e6b0d0,edebcb24-9257-42c8-b5e8-0bd2a817c90b,格拉纳达,True,1256,184,0.75,1193
2,042fecda-9fc6-4b4f-9b5f-a501d7e6b0d0,efa486d0-ab0b-40aa-962a-ff36894f7ef6,沙滩足球,True,1212,83,0.56,1136
2,042fecda-9fc6-4b4f-9b5f-a501d7e6b0d0,f0559506-122f-4f1d-9f64-40d1e9a6d24b,Medina之光,True,1219,132,0.55,1189
2,042fecda-9fc6-4b4f-9b5f-a501d7e6b0d0,f36e23ac-40a8-4176-9f87-36b1aa04482a,潘帕斯草,True,1269,200,0.52,1047
2,042fecda-9fc6-4b4f-9b5f-a501d7e6b0d0,f416d443-dd05-424d-a3dd-9bc6df0912d7,狼队伍尔弗,True,1231,142,0.44,1281
2,042fecda-9fc6-4b4f-9b5f-a501d7e6b0d0,f4fe0530-7f1b-40bb-87dc-a16769b07e43,青金石蓝,True,1240,169,0.58,1241
2,042fecda-9fc6-4b4f-9b5f-a501d7e6b0d0,f566cf98-b62d-41a5-ba97-27ad7aeba008,云豹穿林,True,1250,169,0.73,1291
2,042fecda-9fc6-4b4f-9b5f-a501d7e6b0d0,f836faf5-a634-498f-8090-6222cef3986e,长颈鹿颈,True,1203,155,0.73,1188
2,042fecda-9fc6-4b4f-9b5f-a501d7e6b0d0,f8eb20a5-1e63-4aba-8269-af521e4c48c1,沙漠孤鹰,True,1250,118,0.59,1210
2,042fecda-9fc6-4b4f-9b5f-a501d7e6b0d0,fa393ee5-1dc4-427b-bf79-3bd331e58594,森林之语,True,1175,84,0.28,1135
2,042fecda-9fc6-4b4f-9b5f-a501d7e6b0d0,fa84f6bc-42cc-43fe-bf8d-5d79fca0ca8c,居鲁士帝,True,1250,166,0.6,1126
2,042fecda-9fc6-4b4f-9b5f-a501d7e6b0d0,fb49752c-e650-4dbe-8236-fe1df913c043,亚马逊河,True,1249,150,0.7,1154
2,042fecda-9fc6-4b4f-9b5f-a501d7e6b0d0,fc04ef94-0b19-486c-83fa-370220a1c6cf,北海苍龙,True,1225,124,0.63,1165
2,042fecda-9fc6-4b4f-9b5f-a501d7e6b0d0,fd20dfa3-6820-4763-88fd-7585f19a6416,苍鹰搏兔,True,1207,123,0.64,1206
2,042fecda-9fc6-4b4f-9b5f-a501d7e6b0d0,fd5b12e2-004f-4516-b1b6-50be9591a240,苍穹雄鹰,True,1255,205,0.27,1014
2,042fecda-9fc6-4b4f-9b5f-a501d7e6b0d0,fe282816-8715-4495-ad56-10263461f6e8,朱雀焚霞,True,1238,141,0.72,1276
2,042fecda-9fc6-4b4f-9b5f-a501d7e6b0d0,ff000fed-6b04-4242-81a8-7a9f7a000e3f,里约狂欢,True,1211,189,1.09,1051
2,042fecda-9fc6-4b4f-9b5f-a501d7e6b0d0,fffd43d0-1031-4332-94b2-1190bb2e69d2,绿洲驼队,True,1231,101,0.62,1253
3,7be4d54c-693b-4964-a8e3-5b9000a8ca88,01ec34c0-958d-4df7-a5cc-2576b499600f,辛巴达航,True,1238,147,0.26,1291
3,7be4d54c-693b-4964-a8e3-5b9000a8ca88,02abfa70-362d-40f2-9f8e-4ac1192b6b8f,金鹰破晓,True,1228,167,0.37,1230
3,7be4d54c-693b-4964-a8e3-5b9000a8ca88,02cc7c9b-e8f6-465e-8c77-2c6fba8830a4,斯图加特,True,1235,183,0.68,1193
3,7be4d54c-693b-4964-a8e3-5b9000a8ca88,037e4da5-9c3d-4a6c-a424-cf7506bf10fe,青龙偃月,True,1200,94,0.57,1129
3,7be4d54c-693b-4964-a8e3-5b9000a8ca88,03fae27f-60f8-4c15-b36e-f4542736870a,狂熊撼地,True,1247,116,0.79,1244
3,7be4d54c-693b-4964-a8e3-5b9000a8ca88,04a3b108-1c55-4163-9236-5908ba06a7a7,尼罗河源,True,1201,216,-0.18,1306
3,7be4d54c-693b-4964-a8e3-5b9000a8ca88,062a4cff-0a7a-43d6-b2a9-f561a0650218,绿茵魔术师,True,1255,149,0.76,1240
3,7be4d54c-693b-4964-a8e3-5b9000a8ca88,07bcce3a-03ea-4e24-9ddb-57cbf153ee9e,罗马狼王,True,1245,165,0.52,1317
3,7be4d54c-693b-4964-a8e3-5b9000a8ca88,081fe7a1-7b47-49e1-af0f-dc4a09b5e2c7,小海马萨,True,1254,102,0.38,1292
3,7be4d54c-693b-4964-a8e3-5b9000a8ca88,08b5a7b2-16f6-49ac-a9c7-da19cb2675da,美丽游戏,True,1213,150,0.41,1229
3,7be4d54c-693b-4964-a8e3-5b9000a8ca88,0a554e03-0ee6-46ed-9a06-526475828ac2,阿散蒂金,True,1233,178,0.59,1325
3,7be4d54c-693b-4964-a8e3-5b9000a8ca88,0b641aa1-2c4d-4e4b-a719-ae490593fa6c,峨眉女侠,True,1246,198,0.15,1256
3,7be4d54c-693b-4964-a8e3-5b9000a8ca88,0c7bc4e7-d179-44de-9f13-45d37a6b18b1,猎豹闪电,True,1258,165,0.49,1200
3,7be4d54c-693b-4964-a8e3-5b9000a8ca88,0e06c118-d702-4dd6-b837-0fb888b5b184,红魔曼联,True,1224,120,0.45,1183
3,7be4d54c-693b-4964-a8e3-5b9000a8ca88,0e327ff2-94b8-4789-9b3f-2f6357316248,足球精灵,True,1215,156,0.3,1062
3,7be4d54c-693b-4964-a8e3-5b9000a8ca88,0f28d8ff-2c2c-4e73-b5f6-d85b6ead1196,弯月之星,True,1240,129,0.56,1175
3,7be4d54c-693b-4964-a8e3-5b9000a8ca88,11f23551-bfc3-466f-a0c5-83c796047ce6,金字塔尖,True,1227,143,0.42,1185
3,7be4d54c-693b-4964-a8e3-5b9000a8ca88,12606a9e-ab02-4999-bd13-5d6f61fea886,单峰快驼,True,1242,209,-0.14,1289
3,7be4d54c-693b-4964-a8e3-5b9000a8ca88,129e5ae2-7ec9-46ec-bb88-0d560fb2256b,维多利亚,True,1228,188,0.13,1382
3,7be4d54c-693b-4964-a8e3-5b9000a8ca88,12b3ccbc-7c49-451d-bad8-b28f502ef3b3,撒哈拉驼,True,1211,137,0.29,1176
3,7be4d54c-693b-4964-a8e3-5b9000a8ca88,14619cd0-36e2-4088-9610-11b34a48f4ba,沙漠玫瑰,True,1258,125,0.49,1252
3,7be4d54c-693b-4964-a8e3-5b9000a8ca88,14e49277-adb0-4773-af1f-fca507cad5fc,红军利物浦,True,1237,188,0.04,1264
3,7be4d54c-693b-4964-a8e3-5b9000a8ca88,151c7a32-78c9-46ff-a960-9d9e7767f208,街球之王,True,1225,196,0.84,1202
3,7be4d54c-693b-4964-a8e3-5b9000a8ca88,15d31e77-db47-464f-8026-b6dc5143e3a6,布宜诺斯,True,1209,208,0.67,1174
3,7be4d54c-693b-4964-a8e3-5b9000a8ca88,17137111-2cdb-4844-aad9-201ed6604de1,五人制王,True,1229,177,0.05,1265
3,7be4d54c-693b-4964-a8e3-5b9000a8ca88,17529bad-36e6-4fbe-8204-ba37a650e518,巴格达城,True,1228,130,0.72,1110
3,7be4d54c-693b-4964-a8e3-5b9000a8ca88,187e1f0a-ccd1-4d23-ab9a-c2e3f2f9f50c,一千零一夜,True,1257,124,0.29,1232
3,7be4d54c-693b-4964-a8e3-5b9000a8ca88,1963e4a6-4f06-45ba-9855-1df40371137e,圣保罗彩,True,1238,132,0.4,1244
3,7be4d54c-693b-4964-a8e3-5b9000a8ca88,19c76ada-1e19-48f7-b09b-8a5e1cf95dc5,祖鲁战士,True,1259,82,0.36,1227
3,7be4d54c-693b-4964-a8e3-5b9000a8ca88,1acdc22c-672d-4d2e-bb3c-93ead83f2c92,巴塔哥尼,True,1236,166,0.41,1325
3,7be4d54c-693b-4964-a8e3-5b9000a8ca88,1b1135cf-6418-47e8-a8e6-593ba7f23413,金刚鹦鹉,True,1254,115,0.39,1177
3,7be4d54c-693b-4964-a8e3-5b9000a8ca88,1b8a4d50-174f-41e1-9c8c-27767935b3ab,波斯猫王,True,1249,175,-0.02,1244
3,7be4d54c-693b-4964-a8e3-5b9000a8ca88,1bc5bf16-4a9e-48bb-a77b-532fd8aefa56,伊斯法罕,True,1230,152,0.15,1161
3,7be4d54c-693b-4964-a8e3-5b9000a8ca88,1ead6e05-654c-4a3f-85b8-cdc8dd92e282,波斯地毯,True,1247,175,0.73,1194
3,7be4d54c-693b-4964-a8e3-5b9000a8ca88,1f298146-a566-4516-9d24-38cd351aaf33,贝都因骑,True,1237,130,0.24,1406
3,7be4d54c-693b-4964-a8e3-5b9000a8ca88,1ffe6c96-1336-4606-a4fe-fa74c03aeb54,老鹰水晶宫,True,1237,140,0.28,1217
3,7be4d54c-693b-4964-a8e3-5b9000a8ca88,227ade00-2007-422f-aee3-e8ebf9172c44,食人鱼群,True,1244,186,0.49,1305
3,7be4d54c-693b-4964-a8e3-5b9000a8ca88,23d638ce-190f-4095-a102-692a0d02fa98,绿洲明珠,True,1229,224,0.1,1257
3,7be4d54c-693b-4964-a8e3-5b9000a8ca88,249908bf-e5ae-4980-8516-137115719560,蓝鹰拉齐,True,1228,162,0.53,1280
3,7be4d54c-693b-4964-a8e3-5b9000a8ca88,25701c45-6781-482d-bdd3-fc03b94e3c08,不来梅绿,True,1238,167,0.37,1263
3,7be4d54c-693b-4964-a8e3-5b9000a8ca88,25d9d5c2-7b00-47e8-8ecb-eeb2b9a6cf84,飓风之眼,True,1254,96,0.38,1328
3,7be4d54c-693b-4964-a8e3-5b9000a8ca88,28a854f0-e8c6-413c-b4ec-8300ad2ff2a3,香料之路,True,1258,151,0.19,1200
3,7be4d54c-693b-4964-a8e3-5b9000a8ca88,2a047a32-a1a2-4c88-a0de-7ed57cc1ca24,宇宙巴萨,True,1245,181,0.58,1137
3,7be4d54c-693b-4964-a8e3-5b9000a8ca88,2a6cfb38-e7ba-4e12-96f2-80b0a3f958cc,大津巴布,True,1221,163,0.73,1308
3,7be4d54c-693b-4964-a8e3-5b9000a8ca88,2c7e76e3-1fc5-447a-affb-9169785c8a33,白百合热,True,1228,145,0.23,1341
3,7be4d54c-693b-4964-a8e3-5b9000a8ca88,2cb0734f-0a23-448d-a980-4c6e456bab65,库尔德勇,True,1260,179,0.51,1222
3,7be4d54c-693b-4964-a8e3-5b9000a8ca88,2fcc55d4-cab2-4e26-bfe1-7a7c6832b2c9,马赛勇士,True,1228,217,0.09,1348
3,7be4d54c-693b-4964-a8e3-5b9000a8ca88,3031635b-5f29-49ae-a866-560513d3f327,蓝黑战士,True,1238,167,0.47,1209
3,7be4d54c-693b-4964-a8e3-5b9000a8ca88,30b84116-8f6e-4d35-bf10-d14f5557e935,马穆鲁克,True,1243,146,0.63,1267
3,7be4d54c-693b-4964-a8e3-5b9000a8ca88,31579c3e-4d3d-4b55-acb6-5523e4b1e792,斑马军团,True,1247,199,0.22,1073
3,7be4d54c-693b-4964-a8e3-5b9000a8ca88,32440bda-6199-436b-9961-5ddbe8afda7a,奥格斯堡,True,1261,153,0.26,1097
3,7be4d54c-693b-4964-a8e3-5b9000a8ca88,34c25e2b-1127-45b0-b691-1339d0c577aa,桑巴舞者,True,1246,113,0.36,1254
3,7be4d54c-693b-4964-a8e3-5b9000a8ca88,365dda0f-951d-4166-b519-7a12c5c50af8,红尘滚滚,True,1234,119,0.22,1214
3,7be4d54c-693b-4964-a8e3-5b9000a8ca88,367e2640-67c6-46a1-8e78-a241fa6a528d,红宝石矿,True,1249,133,0.76,1297
3,7be4d54c-693b-4964-a8e3-5b9000a8ca88,37cc2832-8380-4f64-ad66-addfeda7318c,麦加朝圣,True,1238,208,0.31,1232
3,7be4d54c-693b-4964-a8e3-5b9000a8ca88,37ce9a96-85c3-4ff0-bdb2-e69cc717d486,桑布露族,True,1207,178,-0.12,1311
3,7be4d54c-693b-4964-a8e3-5b9000a8ca88,38ffd7cd-8139-48e0-a129-2c891f28c170,角马迁徙,True,1240,143,0.34,1324
3,7be4d54c-693b-4964-a8e3-5b9000a8ca88,3a0e0b1d-fc95-4246-b359-b498ff4e4862,西域猛虎,True,1242,129,0.25,1258
3,7be4d54c-693b-4964-a8e3-5b9000a8ca88,3ab90491-3bf8-44d9-90cd-eea152166134,东方巨龙,True,1242,164,0.23,1245
3,7be4d54c-693b-4964-a8e3-5b9000a8ca88,3ac07bef-14ba-4378-a198-87a892ec7578,水蟒巨蛇,True,1267,145,0.4,1302
3,7be4d54c-693b-4964-a8e3-5b9000a8ca88,3b208383-39da-43c1-b52a-92cc4f00b8b3,蜜蜂布伦特,True,1226,138,0.49,1114
3,7be4d54c-693b-4964-a8e3-5b9000a8ca88,3b6c53b7-d476-4d8b-9889-2bdf1d3bde39,清真寺塔,True,1219,151,0.4,1275
3,7be4d54c-693b-4964-a8e3-5b9000a8ca88,3c868bc7-da11-4f2c-91ed-4977bdeb678d,薛西斯军,True,1245,157,0.05,1188
3,7be4d54c-693b-4964-a8e3-5b9000a8ca88,3eb84639-eb9c-458e-b631-f6f3a504498a,雪虎踏山,True,1237,200,-0.13,1205
3,7be4d54c-693b-4964-a8e3-5b9000a8ca88,3f046822-7148-4bda-b6a2-e543ac952872,枪手兵工厂,True,1224,102,0.6,1285
3,7be4d54c-693b-4964-a8e3-5b9000a8ca88,40db47f7-67bc-451e-966d-3a43758d3c8c,银龙出海,True,1240,172,0.13,1231
3,7be4d54c-693b-4964-a8e3-5b9000a8ca88,4278b173-86fd-4385-b9b4-c101a6865b77,紫气东来,True,1242,202,0.08,1280
3,7be4d54c-693b-4964-a8e3-5b9000a8ca88,463b1686-b56a-46b6-b7ee-c01af988c4ac,黑虎掏心,True,1238,202,0.3,1272
3,7be4d54c-693b-4964-a8e3-5b9000a8ca88,468d3f09-7891-45db-9b3b-48fd391e80c5,美因茨红,True,1239,135,0.2,1095
3,7be4d54c-693b-4964-a8e3-5b9000a8ca88,47c89265-420d-4644-ada9-8020d74ba5f7,铁锤帮西汉,True,1253,223,0.12,1175
3,7be4d54c-693b-4964-a8e3-5b9000a8ca88,48f222df-58f8-4ce5-8ece-03d834cb4759,金虎啸月,True,1242,105,0.41,1345
3,7be4d54c-693b-4964-a8e3-5b9000a8ca88,496af4c4-917f-4000-9940-c5ab2fd90644,农场主富勒,True,1224,120,0.23,1292
3,7be4d54c-693b-4964-a8e3-5b9000a8ca88,4a001b04-8987-44a5-8fc1-5a8a630ffb0d,飞驴切沃,True,1239,144,0.29,1296
3,7be4d54c-693b-4964-a8e3-5b9000a8ca88,4a0980a9-53b1-4148-88bd-8fea151b27cd,东北虎啸,True,1237,171,0.69,1214
3,7be4d54c-693b-4964-a8e3-5b9000a8ca88,4a22bd7d-1e21-4e7a-9b1a-81e6cf384475,马略卡岛,True,1238,114,0.11,1253
3,7be4d54c-693b-4964-a8e3-5b9000a8ca88,4b677e06-d7d6-4e83-96f1-450d2bcb56bc,印加帝国,True,1229,132,0.94,1228
3,7be4d54c-693b-4964-a8e3-5b9000a8ca88,4bdde0a1-55fa-4f96-9844-92c2808519b1,黑金帝国,True,1241,183,0.45,1197
3,7be4d54c-693b-4964-a8e3-5b9000a8ca88,4be5bf0a-cccc-4cca-8dea-c2eca8b84846,绿白贝蒂,True,1223,176,0.12,1219
3,7be4d54c-693b-4964-a8e3-5b9000a8ca88,4f14a1ef-154b-45a8-9085-d345797647a6,水晶石透,True,1238,114,0.65,1260
3,7be4d54c-693b-4964-a8e3-5b9000a8ca88,4f809b82-ce9b-49b1-be2c-82a4c9bcffc6,驼峰运输,True,1215,125,0.76,1175
3,7be4d54c-693b-4964-a8e3-5b9000a8ca88,527bc35b-1841-4645-97ef-8963500ff0ef,铁甲战狮,True,1259,205,0.16,1216
3,7be4d54c-693b-4964-a8e3-5b9000a8ca88,5472b711-5295-4551-80f5-097fc9578b70,蓝军切尔西,True,1221,118,0.38,1344
3,7be4d54c-693b-4964-a8e3-5b9000a8ca88,5511139b-77d8-45c9-ad62-c8beed4030f5,沙漠之舟,True,1226,172,0.34,1084
3,7be4d54c-693b-4964-a8e3-5b9000a8ca88,565bf6a3-196f-4721-9411-1de5bf4f5acb,威尼斯假,True,1256,187,0.24,1129
3,7be4d54c-693b-4964-a8e3-5b9000a8ca88,58157663-52e3-47df-8e73-7382539de326,塞尔塔天,True,1231,222,-0.54,1301
3,7be4d54c-693b-4964-a8e3-5b9000a8ca88,59e5c80b-0d5b-4873-8d5a-9b3f3a74e738,那不勒斯,True,1229,149,0.47,1324
3,7be4d54c-693b-4964-a8e3-5b9000a8ca88,5a10083e-54b0-418d-9c53-2afd707018b5,北方苍狼,True,1195,184,0.42,1188
3,7be4d54c-693b-4964-a8e3-5b9000a8ca88,5bc140b2-68bc-4ed7-85c7-36a5c35f00fc,魔毯飞行,True,1238,159,0.75,1166
3,7be4d54c-693b-4964-a8e3-5b9000a8ca88,5c585611-5ac5-452c-a665-95df48ddcb14,刚果王国,True,1238,183,0.5,1316
3,7be4d54c-693b-4964-a8e3-5b9000a8ca88,5d1a653d-fd53-4ba2-84b7-2935635600c2,乞力马扎,True,1215,186,-0.2,1385
3,7be4d54c-693b-4964-a8e3-5b9000a8ca88,5f6c1e9e-fc52-4083-a6b5-628583a3290f,汽油骑士,True,1209,144,-0.04,1384
3,7be4d54c-693b-4964-a8e3-5b9000a8ca88,5f8a9a5a-1bb8-4c50-ae53-cacf16fd5655,犀牛冲撞,True,1245,125,0.5,1269
3,7be4d54c-693b-4964-a8e3-5b9000a8ca88,5fad88d8-baa7-4417-87d2-ae9891ecaeb7,树懒慢动,True,1236,197,0.14,1235
3,7be4d54c-693b-4964-a8e3-5b9000a8ca88,5fc35b62-65cd-4b6e-b541-7b6a2e457dbf,非洲大象,True,1240,190,0.1,1170
3,7be4d54c-693b-4964-a8e3-5b9000a8ca88,61079441-3609-4686-bb62-bb81657afa5d,紫电龙骑,True,1242,93,0.6,1198
3,7be4d54c-693b-4964-a8e3-5b9000a8ca88,6379ae2d-7248-4295-9756-24db1b0e6379,狼堡沃尔夫,True,1245,124,0.41,940
3,7be4d54c-693b-4964-a8e3-5b9000a8ca88,63d9b101-4c61-4f55-af72-b033617e207b,智利红酒,True,1220,95,0.55,1043
3,7be4d54c-693b-4964-a8e3-5b9000a8ca88,654b8c8f-76d3-4c5e-b619-c6cdedc2e172,流水无痕,True,1246,160,0.47,1193
3,7be4d54c-693b-4964-a8e3-5b9000a8ca88,6668eb8c-0e97-43fd-a539-fce26d1274e1,雪山神鹰,True,1219,124,0.48,1066
3,7be4d54c-693b-4964-a8e3-5b9000a8ca88,668a315b-34fb-4ded-98f5-11afa6abcf7a,沙漠之狐,True,1248,228,-0.19,1223
3,7be4d54c-693b-4964-a8e3-5b9000a8ca88,66cc3143-8ce9-4140-b271-180c1e79b6a2,野马奔腾,True,1247,223,0.36,1161
3,7be4d54c-693b-4964-a8e3-5b9000a8ca88,69477249-2842-45ba-b603-842228a90f0d,纳斯卡线,True,1219,197,0.1,1253
3,7be4d54c-693b-4964-a8e3-5b9000a8ca88,69708198-5783-4805-a6ac-86583c4a5ebc,咖啡起源,True,1233,106,0.4,1272
3,7be4d54c-693b-4964-a8e3-5b9000a8ca88,6a3dd634-c7c8-44a5-9243-9ebd892aba9c,南海蛟龙,True,1220,148,0.25,1246
3,7be4d54c-693b-4964-a8e3-5b9000a8ca88,6b08fc24-e4e1-479b-9cb2-ccfcb0b0c690,巨象踏天,True,1234,179,0.1,1160
3,7be4d54c-693b-4964-a8e3-5b9000a8ca88,6bc1f05f-ded5-4567-b765-b3e667721398,华南虎威,True,1239,121,0.06,1216
3,7be4d54c-693b-4964-a8e3-5b9000a8ca88,6dfc39bd-edfe-488c-aba9-1b0597e6273c,大流士王,True,1257,150,0.62,1283
3,7be4d54c-693b-4964-a8e3-5b9000a8ca88,6fe98b3e-ed26-4810-985a-eda1fca9dcdc,复活节岛,True,1246,131,0.8,1133
3,7be4d54c-693b-4964-a8e3-5b9000a8ca88,70e7411c-a771-4423-a028-0d146ae77b54,药厂勒沃,True,1245,171,0.59,1172
3,7be4d54c-693b-4964-a8e3-5b9000a8ca88,7156e433-7120-4493-bea6-8363fdda5744,阿根廷梦,True,1242,107,0.64,1298
3,7be4d54c-693b-4964-a8e3-5b9000a8ca88,71f5c595-a366-47ff-86e6-86e16270951d,土耳其近,True,1230,211,0.25,1294
3,7be4d54c-693b-4964-a8e3-5b9000a8ca88,72955443-9292-4700-ac2f-944762a93e63,图阿雷格,True,1249,292,0.13,1387
3,7be4d54c-693b-4964-a8e3-5b9000a8ca88,72c803a3-6528-48c0-a813-ec2d069e9412,紫百合佛,True,1242,160,0.35,1215
3,7be4d54c-693b-4964-a8e3-5b9000a8ca88,7553350f-3535-4874-8e73-a0350e98be1e,华山剑客,True,1239,115,0.38,1312
3,7be4d54c-693b-4964-a8e3-5b9000a8ca88,75ba1602-bf6e-436f-9557-2457ed42d5cc,玛瑙石红,True,1243,179,0.57,1189
3,7be4d54c-693b-4964-a8e3-5b9000a8ca88,7601a5b9-c1b8-4b24-8cb6-01c73995b39b,少林武僧,True,1248,141,0.65,1445
3,7be4d54c-693b-4964-a8e3-5b9000a8ca88,775a769a-df59-4d58-9f43-c0bebd4621d9,烈焰红唇,True,1240,166,0.45,1322
3,7be4d54c-693b-4964-a8e3-5b9000a8ca88,790208ab-98f3-46af-91ba-97c51fb9151d,凯门鳄凶,True,1268,155,-0.13,1135
3,7be4d54c-693b-4964-a8e3-5b9000a8ca88,7abb5149-0385-4777-a3d0-36159503c86b,水手桑普,True,1246,178,0.51,1162
3,7be4d54c-693b-4964-a8e3-5b9000a8ca88,7abf99b5-7e60-460b-bf94-66973729251d,蓝衣军团,True,1232,132,0.25,1192
3,7be4d54c-693b-4964-a8e3-5b9000a8ca88,7b13aa4c-072b-4613-8d1e-a97e4b85d607,烈焰狂狮,True,1215,160,0.38,1213
3,7be4d54c-693b-4964-a8e3-5b9000a8ca88,7bf1cfbc-a3ca-40fe-8a4a-eb87aa98f5cd,蓝宝石海,True,1249,157,0.35,1406
3,7be4d54c-693b-4964-a8e3-5b9000a8ca88,7c4ae8da-df33-4f09-885e-c07079445d18,探戈情人,True,1234,159,0.52,1167
3,7be4d54c-693b-4964-a8e3-5b9000a8ca88,7c68c782-acf9-47fd-8f37-466f2eab0786,红狼罗马,True,1256,202,0.05,1263
3,7be4d54c-693b-4964-a8e3-5b9000a8ca88,7c74fdbb-b1cc-48bc-8c68-36c30765f612,武当太极,True,1237,218,-0.01,1422
3,7be4d54c-693b-4964-a8e3-5b9000a8ca88,7d3aa86e-1ba2-48ed-bc3d-50cd37232fd9,太妃糖埃弗,True,1195,127,0.58,1235
3,7be4d54c-693b-4964-a8e3-5b9000a8ca88,7d3e5f96-a64c-4b7d-973f-4bfdf10596c0,南部之星,True,1256,141,0.56,1303
3,7be4d54c-693b-4964-a8e3-5b9000a8ca88,7d60b4dd-8fe5-452f-833f-d48cb9108d9f,能源霸主,True,1241,142,0.37,1128
3,7be4d54c-693b-4964-a8e3-5b9000a8ca88,7f471e07-07b7-4b14-a2fa-1088079b43ca,天方夜谭,True,1218,176,0.19,1164
3,7be4d54c-693b-4964-a8e3-5b9000a8ca88,80868aa4-0c00-4191-9b24-0324d82370b2,热带雨林,True,1232,166,0.41,1218
3,7be4d54c-693b-4964-a8e3-5b9000a8ca88,8229aec2-282a-4c96-9e65-23891997be58,黄色潜水艇,True,1231,165,0.5,1290
3,7be4d54c-693b-4964-a8e3-5b9000a8ca88,82aa826c-6c76-4405-9120-62906b6067cd,寒冰领域,True,1255,122,0.26,1327
3,7be4d54c-693b-4964-a8e3-5b9000a8ca88,8417bb4e-8246-48d8-8062-e1fe3518d9cf,拉普拉塔,True,1225,208,0.54,1150
3,7be4d54c-693b-4964-a8e3-5b9000a8ca88,84745b70-8092-4bfb-b200-aa18a1e72a7e,霍村霍芬,True,1245,186,0.51,1335
3,7be4d54c-693b-4964-a8e3-5b9000a8ca88,8481d007-9823-4dfb-8e3c-6c6db8e053af,清真美食,True,1219,116,0.61,1284
3,7be4d54c-693b-4964-a8e3-5b9000a8ca88,84cbb31b-4adb-43ef-961e-f9b9e53905fa,撒丁岛卡,True,1238,154,0.27,1213
3,7be4d54c-693b-4964-a8e3-5b9000a8ca88,85cac6d1-cb48-4ea5-9a2c-8dc4d1213fb9,图西胡图,True,1242,131,0.36,1314
3,7be4d54c-693b-4964-a8e3-5b9000a8ca88,860ddb9d-ce00-4d10-bde0-142f96a219fa,雷霆万钧,True,1228,134,0.38,1209
3,7be4d54c-693b-4964-a8e3-5b9000a8ca88,86b4939d-2888-427c-9101-8e5a562877e0,沙漠商队,True,1247,236,0.25,1193
3,7be4d54c-693b-4964-a8e3-5b9000a8ca88,8774fee2-cdc4-4659-ab26-23b455bfbd47,天然气王,True,1245,170,0.54,1247
3,7be4d54c-693b-4964-a8e3-5b9000a8ca88,88bee89a-56da-4c1e-ab54-1f677622d41d,斗牛士团,True,1239,100,0.32,1265
3,7be4d54c-693b-4964-a8e3-5b9000a8ca88,88ed5a47-327b-49ee-9acc-a2c6b40897a0,马赛马拉,True,1246,151,0.03,1304
3,7be4d54c-693b-4964-a8e3-5b9000a8ca88,898b3f67-e0e4-405b-916a-a0b3a29f97df,白虎啸天,True,1258,234,0.16,1377
3,7be4d54c-693b-4964-a8e3-5b9000a8ca88,89e78e79-7feb-4227-95aa-4cf5db58220a,绿松石绿,True,1240,183,0.34,1224
3,7be4d54c-693b-4964-a8e3-5b9000a8ca88,8a2d6a07-91ec-4b8e-8acf-ccda6a3eeded,阿拉伯军,True,1231,160,0.68,1120
3,7be4d54c-693b-4964-a8e3-5b9000a8ca88,8aa9ec46-0208-4d28-8bf1-a2efa0472faa,马里帝国,True,1236,176,0.08,1188
3,7be4d54c-693b-4964-a8e3-5b9000a8ca88,8ae3320a-c41c-4cd7-aed2-fa48566ffc3b,塞伦盖蒂,True,1242,126,0.79,1134
3,7be4d54c-693b-4964-a8e3-5b9000a8ca88,8b44aa11-a566-4447-83df-87f5b1b5bb69,非洲猎豹,True,1248,241,0.64,1385
3,7be4d54c-693b-4964-a8e3-5b9000a8ca88,8b9313b3-ae84-4ab5-b1fc-cc6f3e93a578,斑马条纹,True,1173,165,0.74,1151
3,7be4d54c-693b-4964-a8e3-5b9000a8ca88,8bb6c4c8-152e-456c-b7c5-93a3a09115ba,莫莫之王,True,1234,143,0.36,1145
3,7be4d54c-693b-4964-a8e3-5b9000a8ca88,8c09e20b-6a0a-4708-bce3-e13cfa3fde18,玄武镇海,True,1239,182,0.33,1308
3,7be4d54c-693b-4964-a8e3-5b9000a8ca88,8e54a7a7-70d4-4730-937c-b1d1592d21db,波斯勇士,True,1226,184,0.54,1224
3,7be4d54c-693b-4964-a8e3-5b9000a8ca88,8f60d307-ee4f-4996-a3e5-2ae86f1f391b,尼罗河神,True,1242,171,-0.01,1271
3,7be4d54c-693b-4964-a8e3-5b9000a8ca88,91729578-0c0a-4c27-81a6-948c39f12385,麒麟踏云,True,1241,191,0.33,1338
3,7be4d54c-693b-4964-a8e3-5b9000a8ca88,9210c934-37a8-47ab-bbca-6c02f082addf,非洲野牛,True,1255,158,-0.27,1323
3,7be4d54c-693b-4964-a8e3-5b9000a8ca88,9405cf7e-24ad-44c6-a6cc-3edf5d012cae,西班牙人,True,1233,165,0.28,1288
3,7be4d54c-693b-4964-a8e3-5b9000a8ca88,94341c3e-e7e8-4010-ab79-1c3a23a335e5,刚果雨林,True,1237,183,0.19,1311
3,7be4d54c-693b-4964-a8e3-5b9000a8ca88,95ccabcf-4cb0-47ea-9d3d-1531da419d72,双峰巨驼,True,1243,196,0.75,1020
3,7be4d54c-693b-4964-a8e3-5b9000a8ca88,97fd6ca7-1472-494e-8edf-7f739e0493a6,石化巨人,True,1242,171,0.02,1201
3,7be4d54c-693b-4964-a8e3-5b9000a8ca88,98affee8-afcd-49c4-ad9e-dd6551c372f5,快乐足球,True,1231,172,0.36,1177
3,7be4d54c-693b-4964-a8e3-5b9000a8ca88,9958f1ef-0363-4bca-8334-c037d2fa02d3,大黄蜂多,True,1229,179,-0.1,1120
3,7be4d54c-693b-4964-a8e3-5b9000a8ca88,999e6b3e-4cd8-47ef-ab43-e9445c72495a,克鲁格园,True,1252,156,0.79,1279
3,7be4d54c-693b-4964-a8e3-5b9000a8ca88,999ebff0-7816-4019-8efe-fbfe93714a0b,大地之力,True,1234,176,0.68,1291
3,7be4d54c-693b-4964-a8e3-5b9000a8ca88,99f059a8-c995-4fe5-ad7a-9436a1bf8cc7,白虹贯日,True,1230,137,0.55,1288
3,7be4d54c-693b-4964-a8e3-5b9000a8ca88,9a3a43fc-9b3b-411b-8edc-d3a6d162828e,非洲犀牛,True,1220,113,0.35,1152
3,7be4d54c-693b-4964-a8e3-5b9000a8ca88,9a778859-74a3-440c-88f4-01b0719e9807,管道巨头,True,1236,150,0.21,1115
3,7be4d54c-693b-4964-a8e3-5b9000a8ca88,9bc0405a-a028-445a-927b-e4702de93177,金毛狮王,True,1228,68,0.66,1207
3,7be4d54c-693b-4964-a8e3-5b9000a8ca88,9be58122-0ae6-4339-b5fd-92b49deddc58,巴斯克雄,True,1180,167,0.3,1156
3,7be4d54c-693b-4964-a8e3-5b9000a8ca88,9c10636e-35c9-4ddb-8f6c-1b0de4eaed80,阿里巴巴,True,1227,173,0.49,1142
3,7be4d54c-693b-4964-a8e3-5b9000a8ca88,a0c56aac-0fb4-400e-87dc-bda60bfb69f1,非洲雄狮,True,1246,208,0.57,1337
3,7be4d54c-693b-4964-a8e3-5b9000a8ca88,a1cccc1b-6768-48f7-9f11-3f1c7ba2f917,喜鹊纽卡,True,1201,124,0.45,1211
3,7be4d54c-693b-4964-a8e3-5b9000a8ca88,a250faed-a7e1-41e7-beaa-6e10c81c3428,水豚憨态,True,1251,141,0.47,1090
3,7be4d54c-693b-4964-a8e3-5b9000a8ca88,a3f15dc5-648f-42d6-b43f-8c61ae64a31f,金狼逐日,True,1230,147,0.24,1327
3,7be4d54c-693b-4964-a8e3-5b9000a8ca88,a4351983-60a7-4f96-bba7-b19e84c2bfdb,阿拉丁灯,True,1247,203,0.22,1334
3,7be4d54c-693b-4964-a8e3-5b9000a8ca88,a4fd48e2-4141-44db-8c3b-1c8fd4b5a101,金豹捕猎,True,1251,155,0.73,1316
3,7be4d54c-693b-4964-a8e3-5b9000a8ca88,a74d1219-a058-421f-b750-0cb37da06595,小辣椒莱,True,1269,115,0.46,1234
3,7be4d54c-693b-4964-a8e3-5b9000a8ca88,a83686f2-9dd3-45e7-90a6-0c67bb403aa4,蓝月亮城,True,1231,103,0.58,996
3,7be4d54c-693b-4964-a8e3-5b9000a8ca88,a9e9b76c-05a7-480c-9bed-1c4df07aa52e,蝙蝠军团,True,1242,122,0.71,1288
3,7be4d54c-693b-4964-a8e3-5b9000a8ca88,ac42b9e1-0ade-48f3-a87a-3d32ffd2fe8c,红黑恶魔,True,1239,143,0.47,1148
3,7be4d54c-693b-4964-a8e3-5b9000a8ca88,ae256779-bf1a-4132-93e3-68d14882e798,乌拉圭牛,True,1238,153,0.41,1311
3,7be4d54c-693b-4964-a8e3-5b9000a8ca88,ae2c6730-b34a-4e5b-9d21-831a4afbf8c1,石油大亨,True,1227,143,0.34,1152
3,7be4d54c-693b-4964-a8e3-5b9000a8ca88,af4bbaf8-244b-4c5c-9927-efed0ffedd83,大马士革,True,1252,118,0.48,1305
3,7be4d54c-693b-4964-a8e3-5b9000a8ca88,b033831c-a4b9-4c4a-af4d-cac72166a8fc,安第斯山,True,1237,157,0.78,1313
3,7be4d54c-693b-4964-a8e3-5b9000a8ca88,b0d337f6-adfb-4994-80c1-bcfd1efcdc1c,银狼啸天,True,1244,145,0.71,1260
3,7be4d54c-693b-4964-a8e3-5b9000a8ca88,b14de75f-6bae-49f0-ba3e-10c4831db230,钢铁柏林,True,1231,117,0.4,1226
3,7be4d54c-693b-4964-a8e3-5b9000a8ca88,b2e37a98-5ae4-4047-a195-02b8f34f4c16,东方雄狮,True,1258,174,0.01,1249
3,7be4d54c-693b-4964-a8e3-5b9000a8ca88,b55c3837-48ee-47b5-b904-1a3b3a5cc8fa,床单军团,True,1230,123,0.51,1212
3,7be4d54c-693b-4964-a8e3-5b9000a8ca88,b5d0ca4d-cf78-4ff7-8218-7b1e1822e151,高乔骑士,True,1196,161,-0.07,1181
3,7be4d54c-693b-4964-a8e3-5b9000a8ca88,b614f29b-4a72-4de5-b188-dee31d4b0fb5,幽冥鬼狼,True,1233,163,0.7,1135
3,7be4d54c-693b-4964-a8e3-5b9000a8ca88,b6e89032-0a50-4f19-ac63-54cf782bee07,美洲豹王,True,1229,126,0.12,1232
3,7be4d54c-693b-4964-a8e3-5b9000a8ca88,b7035a9f-86b6-4a3a-9e8b-d207c0e710c9,青云直上,True,1267,172,0.55,1268
3,7be4d54c-693b-4964-a8e3-5b9000a8ca88,b7c36782-c6a4-4247-bbc0-0c274ec60641,皇家社会,True,1215,195,-0.02,1261
3,7be4d54c-693b-4964-a8e3-5b9000a8ca88,b808617f-9403-4537-9183-ab47fe14545a,银河战舰,True,1229,106,0.42,1039
3,7be4d54c-693b-4964-a8e3-5b9000a8ca88,bab76802-e164-4864-a91f-184853b50f8d,矿工沙尔,True,1243,124,0.45,1217
3,7be4d54c-693b-4964-a8e3-5b9000a8ca88,babe80e1-f981-46ce-afaf-956e25309932,圣徒南安普,True,1241,152,0.43,1119
3,7be4d54c-693b-4964-a8e3-5b9000a8ca88,bb80fd64-c2d2-4000-8e3c-f9489ba64c4c,阿拉维斯,True,1245,124,0.54,1239
3,7be4d54c-693b-4964-a8e3-5b9000a8ca88,bb847cf7-8731-4ff7-aae5-7e6518e32d9d,冰狼踏雪,True,1223,142,0.41,1195
3,7be4d54c-693b-4964-a8e3-5b9000a8ca88,bc137b05-5035-49bd-a575-924eec62c2cd,凤凰涅槃,True,1252,264,-0.15,1268
3,7be4d54c-693b-4964-a8e3-5b9000a8ca88,bc94c07b-e9c7-41e5-81e0-5d1f83b2dd01,铁翼飞鹰,True,1227,172,0.11,1259
3,7be4d54c-693b-4964-a8e3-5b9000a8ca88,bc9db3c4-a0b1-46d4-b413-2002fb245523,马丘比丘,True,1225,129,0.46,1216
3,7be4d54c-693b-4964-a8e3-5b9000a8ca88,bde4edf5-636c-4ba3-a203-95e5915c10d4,食蚁兽长,True,1235,137,0.12,1244
3,7be4d54c-693b-4964-a8e3-5b9000a8ca88,be52762f-3c13-4505-961a-912e5e378cb5,汉诺威红,True,1228,164,0.59,1339
3,7be4d54c-693b-4964-a8e3-5b9000a8ca88,c268fae0-61b6-4606-9e2a-055a24f89d0e,金石为开,True,1258,160,0.61,1190
3,7be4d54c-693b-4964-a8e3-5b9000a8ca88,c3f2a61c-b89d-4617-9a49-9c37bfb22d85,炼油大师,True,1216,154,0.39,1189
3,7be4d54c-693b-4964-a8e3-5b9000a8ca88,c5eb4370-f52b-480f-8e71-f5b08c58d117,星月传奇,True,1182,97,0.68,1219
3,7be4d54c-693b-4964-a8e3-5b9000a8ca88,c6481d73-46c2-4b0f-9a02-c30ab8c8fbda,科隆山羊,True,1231,163,0.31,1168
3,7be4d54c-693b-4964-a8e3-5b9000a8ca88,c64934de-4ff3-4c7a-86ad-d4c11a6ebea5,设拉子酒,True,1266,199,0.01,1353
3,7be4d54c-693b-4964-a8e3-5b9000a8ca88,c67a3ee1-0034-4ef3-8ffc-5481207ad77d,紫电鹰扬,True,1241,105,0.38,1213
3,7be4d54c-693b-4964-a8e3-5b9000a8ca88,c8c53783-bd41-4227-b05a-bbc9b5c61205,花车巡游,True,1244,158,0.32,1314
3,7be4d54c-693b-4964-a8e3-5b9000a8ca88,cafd80ff-fa4e-4285-bad3-60e970b0c32e,萨尔瓦多,True,1223,134,0.65,1039
3,7be4d54c-693b-4964-a8e3-5b9000a8ca88,cb2e7f23-2fbf-4ffe-b030-1373f46b075e,阿拉伯夜,True,1214,111,0.34,1105
3,7be4d54c-693b-4964-a8e3-5b9000a8ca88,cd355729-024e-4001-9043-edfaa5b49b22,塞维利业,True,1248,142,0.53,1191
3,7be4d54c-693b-4964-a8e3-5b9000a8ca88,cd5dd860-1c7b-4f49-b038-2f07a1a060ea,赫塔菲蓝,True,1243,126,0.59,1257
3,7be4d54c-693b-4964-a8e3-5b9000a8ca88,cf454618-27cf-4310-82cd-7dc2ce8e90e2,三狮军团,True,1231,203,0.62,1334
3,7be4d54c-693b-4964-a8e3-5b9000a8ca88,d2d64811-3eed-4c20-97a5-7030102c4d21,草原战狼,True,1240,165,0.24,1130
3,7be4d54c-693b-4964-a8e3-5b9000a8ca88,d31e24dc-5d0f-4a54-8ca6-8e99b2996794,阿拉伯舞,True,1258,165,0.71,1037
3,7be4d54c-693b-4964-a8e3-5b9000a8ca88,d3ee3b95-03d8-46d3-ad95-ab27a64e8f22,公牛都灵,True,1231,207,0.56,1247
3,7be4d54c-693b-4964-a8e3-5b9000a8ca88,d5f75fd6-2d24-43e3-b91a-9fd48ff309b6,草原猎鹰,True,1225,164,0.22,1104
3,7be4d54c-693b-4964-a8e3-5b9000a8ca88,d6e5e5bb-cba2-431c-a959-0bd8cb8578a0,中原飞虎,True,1261,242,0.05,1250
3,7be4d54c-693b-4964-a8e3-5b9000a8ca88,d6ee3f84-cad2-4c9d-9bb4-e2cedffc8e1e,祖母绿光,True,1224,174,0.79,1304
3,7be4d54c-693b-4964-a8e3-5b9000a8ca88,d8a22718-70a3-4be5-877a-de4b81c14af8,雄鹰法兰,True,1249,169,0.54,1333
3,7be4d54c-693b-4964-a8e3-5b9000a8ca88,d8c6938b-766a-4798-9bbb-12b4e450aad7,真蓝黑亚,True,1259,220,0.0,1205
3,7be4d54c-693b-4964-a8e3-5b9000a8ca88,d967e71e-f3b8-44e3-85a7-05fc52745031,萨拉丁军,True,1245,127,0.62,1258
3,7be4d54c-693b-4964-a8e3-5b9000a8ca88,da99c67f-1c00-4bcb-a9a1-f6d132531fe2,火狼焚原,True,1249,144,0.58,1434
3,7be4d54c-693b-4964-a8e3-5b9000a8ca88,db886966-426e-4192-911b-3df848ce0ca0,西域雪狼,True,1238,141,0.66,1100
3,7be4d54c-693b-4964-a8e3-5b9000a8ca88,dbcb30e7-7ac5-4c50-addf-a2ecd0fbf3c1,十字军东,True,1241,130,0.71,1210
3,7be4d54c-693b-4964-a8e3-5b9000a8ca88,e444b7c8-cc7d-44d0-bed8-7083e8b1d695,累西腓鼓,True,1245,252,-0.45,1259
3,7be4d54c-693b-4964-a8e3-5b9000a8ca88,e45898c4-c0d4-4240-b691-ab8347c86158,日耳曼战,True,1228,136,0.46,1233
3,7be4d54c-693b-4964-a8e3-5b9000a8ca88,e4b985c4-dd27-418d-a9a7-a5d6f35e98a1,骆驼骑士,True,1246,156,0.37,1144
3,7be4d54c-693b-4964-a8e3-5b9000a8ca88,e5e4b950-9450-41ab-be65-c4c2d53dcdad,雪豹冰山,True,1249,132,0.48,1233
3,7be4d54c-693b-4964-a8e3-5b9000a8ca88,e6288dee-df27-4d81-9847-eaf48c0f5031,赤龙焚天,True,1240,153,0.55,1272
3,7be4d54c-693b-4964-a8e3-5b9000a8ca88,e6c22599-ee69-4502-96cf-25d675720e83,红牛莱比,True,1256,189,0.82,1274
3,7be4d54c-693b-4964-a8e3-5b9000a8ca88,e89799c8-ac26-4f18-bedc-46ddf3183972,西海金龙,True,1239,131,0.33,1105
3,7be4d54c-693b-4964-a8e3-5b9000a8ca88,e8e047b2-cb46-427f-9393-4bd30643faf3,猫眼石闪,True,1268,113,0.55,1152
3,7be4d54c-693b-4964-a8e3-5b9000a8ca88,e9627ba7-90a4-4557-aa0e-71fc0c465279,丝路驼铃,True,1240,242,-0.01,1414
3,7be4d54c-693b-4964-a8e3-5b9000a8ca88,e9868e9f-002d-45b4-8225-87d8ed8ff3fa,桑巴学校,True,1234,183,0.25,1299
3,7be4d54c-693b-4964-a8e3-5b9000a8ca88,ea18dcba-0ec9-4619-b122-a0ebba745f41,撒哈拉南,True,1227,136,0.31,1227
3,7be4d54c-693b-4964-a8e3-5b9000a8ca88,ebc08aff-5733-44d5-9d6b-41a4b84c1190,山楂球西布,True,1230,179,0.51,1183
3,7be4d54c-693b-4964-a8e3-5b9000a8ca88,edebcb24-9257-42c8-b5e8-0bd2a817c90b,格拉纳达,True,1254,164,0.57,1207
3,7be4d54c-693b-4964-a8e3-5b9000a8ca88,efa486d0-ab0b-40aa-962a-ff36894f7ef6,沙滩足球,True,1222,93,0.38,1118
3,7be4d54c-693b-4964-a8e3-5b9000a8ca88,f0559506-122f-4f1d-9f64-40d1e9a6d24b,Medina之光,True,1227,124,0.39,1216
3,7be4d54c-693b-4964-a8e3-5b9000a8ca88,f36e23ac-40a8-4176-9f87-36b1aa04482a,潘帕斯草,True,1246,121,0.45,1080
3,7be4d54c-693b-4964-a8e3-5b9000a8ca88,f416d443-dd05-424d-a3dd-9bc6df0912d7,狼队伍尔弗,True,1241,114,0.63,1181
3,7be4d54c-693b-4964-a8e3-5b9000a8ca88,f4fe0530-7f1b-40bb-87dc-a16769b07e43,青金石蓝,True,1246,156,0.44,1291
3,7be4d54c-693b-4964-a8e3-5b9000a8ca88,f566cf98-b62d-41a5-ba97-27ad7aeba008,云豹穿林,True,1252,147,0.44,1177
3,7be4d54c-693b-4964-a8e3-5b9000a8ca88,f836faf5-a634-498f-8090-6222cef3986e,长颈鹿颈,True,1204,167,0.52,1327
3,7be4d54c-693b-4964-a8e3-5b9000a8ca88,f8eb20a5-1e63-4aba-8269-af521e4c48c1,沙漠孤鹰,True,1247,109,0.46,1126
3,7be4d54c-693b-4964-a8e3-5b9000a8ca88,fa393ee5-1dc4-427b-bf79-3bd331e58594,森林之语,True,1241,120,0.12,1373
3,7be4d54c-693b-4964-a8e3-5b9000a8ca88,fa84f6bc-42cc-43fe-bf8d-5d79fca0ca8c,居鲁士帝,True,1234,151,0.51,1219
3,7be4d54c-693b-4964-a8e3-5b9000a8ca88,fb49752c-e650-4dbe-8236-fe1df913c043,亚马逊河,True,1247,162,0.48,1181
3,7be4d54c-693b-4964-a8e3-5b9000a8ca88,fc04ef94-0b19-486c-83fa-370220a1c6cf,北海苍龙,True,1217,71,0.59,1135
3,7be4d54c-693b-4964-a8e3-5b9000a8ca88,fd20dfa3-6820-4763-88fd-7585f19a6416,苍鹰搏兔,True,1232,128,0.4,1280
3,7be4d54c-693b-4964-a8e3-5b9000a8ca88,fd5b12e2-004f-4516-b1b6-50be9591a240,苍穹雄鹰,True,1240,236,0.03,995
3,7be4d54c-693b-4964-a8e3-5b9000a8ca88,fe282816-8715-4495-ad56-10263461f6e8,朱雀焚霞,True,1235,114,0.51,1118
3,7be4d54c-693b-4964-a8e3-5b9000a8ca88,ff000fed-6b04-4242-81a8-7a9f7a000e3f,里约狂欢,True,1224,153,0.85,1227
3,7be4d54c-693b-4964-a8e3-5b9000a8ca88,fffd43d0-1031-4332-94b2-1190bb2e69d2,绿洲驼队,True,1231,127,0.46,1286
