season_number,season_id,team_id,team_name,is_ai,total_sessions,total_breakthroughs,avg_efficiency,total_load_points
1,652de4c5-3ffb-42af-9203-8e06a0c6411a,00983e2e-e8bd-47be-a022-5774b994caa7,蓝黑战士,True,1024,181,0.05,1305
1,652de4c5-3ffb-42af-9203-8e06a0c6411a,0192de1b-b1f4-4f4b-af0f-934452bda0d1,武当太极,True,1025,168,0.58,1335
1,652de4c5-3ffb-42af-9203-8e06a0c6411a,02674860-147a-44e2-843a-da5f0e9f81bc,蓝宝石海,True,1008,88,0.49,1259
1,652de4c5-3ffb-42af-9203-8e06a0c6411a,03832f41-a31c-4d42-a687-158df7a831d7,魔毯飞行,True,1010,106,0.59,1399
1,652de4c5-3ffb-42af-9203-8e06a0c6411a,090b2c3b-fb42-4eaa-a978-2463ed4dc234,玄武镇海,True,1014,104,0.32,1035
1,652de4c5-3ffb-42af-9203-8e06a0c6411a,0a5b6a82-d483-486a-9d11-592a154fbf0c,绿洲驼队,True,1023,70,0.73,1230
1,652de4c5-3ffb-42af-9203-8e06a0c6411a,0fc36386-3ee4-4343-9c56-3b6ccc661da3,猎豹闪电,True,1061,195,0.08,1233
1,652de4c5-3ffb-42af-9203-8e06a0c6411a,1135d594-4576-4c49-8126-ef5d77f4c9de,烈焰狂狮,True,1030,104,0.7,1335
1,652de4c5-3ffb-42af-9203-8e06a0c6411a,11bbc8df-418e-40ea-a638-3ee287139ed6,雪豹冰山,True,1029,175,0.37,1305
1,652de4c5-3ffb-42af-9203-8e06a0c6411a,121a8ce8-a60e-4dbc-8943-f888ae0138df,波斯勇士,True,1022,111,0.74,1380
1,652de4c5-3ffb-42af-9203-8e06a0c6411a,12b9b35d-129c-462a-b966-ec1e353e0928,苍鹰搏兔,True,1009,121,0.6,1306
1,652de4c5-3ffb-42af-9203-8e06a0c6411a,13ff2225-f620-4205-8acb-fc3b5053862a,非洲犀牛,True,1030,129,0.28,1605
1,652de4c5-3ffb-42af-9203-8e06a0c6411a,163b7787-c249-4bfa-8242-a0f2b860d2cf,大地之力,True,1022,203,0.29,1260
1,652de4c5-3ffb-42af-9203-8e06a0c6411a,1737da78-c242-462b-8962-3694873576be,雄鹰法兰,True,1035,92,0.55,1485
1,652de4c5-3ffb-42af-9203-8e06a0c6411a,18090434-c547-4e31-bc35-c7efb038c31d,宇宙巴萨,True,1013,158,0.7,1191
1,652de4c5-3ffb-42af-9203-8e06a0c6411a,1950e07c-a077-441f-b406-16b12daa45c7,西班牙人,True,1025,143,0.29,1275
1,652de4c5-3ffb-42af-9203-8e06a0c6411a,19d4e548-1c7f-4706-a0df-f0446a99c617,金豹捕猎,True,1026,120,0.39,1390
1,652de4c5-3ffb-42af-9203-8e06a0c6411a,1a3f033a-4e73-46cb-8f58-d20c32e04fd2,西域雪狼,True,972,182,0.27,1104
1,652de4c5-3ffb-42af-9203-8e06a0c6411a,1c91e42f-e538-4301-89c5-50c7324055dc,高乔骑士,True,980,72,0.67,1129
1,652de4c5-3ffb-42af-9203-8e06a0c6411a,1e00f974-ec58-4b4c-be20-faf412d9027e,汉诺威红,True,1020,221,0.37,1260
1,652de4c5-3ffb-42af-9203-8e06a0c6411a,1f522e60-e720-4a28-a30d-1352879957b4,弯月之星,True,1120,127,0.4,1438
1,652de4c5-3ffb-42af-9203-8e06a0c6411a,1fc0382f-e8e4-4817-8a9b-86acd3f47e81,冰狼踏雪,True,1125,164,0.43,1470
1,652de4c5-3ffb-42af-9203-8e06a0c6411a,20979679-9c36-4bfc-8639-cd644706a4f1,皇家社会,True,1027,101,0.32,1335
1,652de4c5-3ffb-42af-9203-8e06a0c6411a,2125a9ec-76c0-4c3f-90e8-039afd4c2e5e,山楂球西布,True,1006,305,0.38,1050
1,652de4c5-3ffb-42af-9203-8e06a0c6411a,225a9ffb-e671-4019-93cc-cbc6572216de,草原猎鹰,True,1022,162,0.13,1170
1,652de4c5-3ffb-42af-9203-8e06a0c6411a,23d24ae7-74bc-4ad2-9b70-0df8e9f10c5d,威尼斯假,True,1079,261,0.55,1345
1,652de4c5-3ffb-42af-9203-8e06a0c6411a,242e04d1-fbaf-4773-9832-f963bb36cdbf,贝都因骑,True,980,151,0.4,1334
1,652de4c5-3ffb-42af-9203-8e06a0c6411a,2465461a-8563-46cd-873a-baaa6a467841,大流士王,True,1023,178,0.5,1260
1,652de4c5-3ffb-42af-9203-8e06a0c6411a,246f43f2-0e83-4eb6-8f73-abd9beda391d,蓝月亮城,True,1054,78,0.5,1562
1,652de4c5-3ffb-42af-9203-8e06a0c6411a,249c854a-a6cf-4ef6-b379-4253c33a08f4,非洲猎豹,True,1058,144,0.62,1113
1,652de4c5-3ffb-42af-9203-8e06a0c6411a,24ee4c01-522f-45bb-b7b2-f6a47a1598d3,罗马狼王,True,1026,126,0.54,1395
1,652de4c5-3ffb-42af-9203-8e06a0c6411a,2678b819-3da4-4304-a4fc-0973fd2f630e,塞伦盖蒂,True,1027,171,0.35,1305
1,652de4c5-3ffb-42af-9203-8e06a0c6411a,274fc978-b187-40f1-ab2e-8de5ba54d181,天然气王,True,1018,115,0.34,900
1,652de4c5-3ffb-42af-9203-8e06a0c6411a,27550134-d903-4055-ab54-4af1341d4314,撒哈拉驼,True,987,71,0.15,1020
1,652de4c5-3ffb-42af-9203-8e06a0c6411a,278885b1-f652-4775-92de-8dcd14d9bc93,图阿雷格,True,1018,212,0.4,1440
1,652de4c5-3ffb-42af-9203-8e06a0c6411a,27a76999-b51f-4c41-b3d6-da7989a5c411,黑虎掏心,True,1021,158,0.36,1318
1,652de4c5-3ffb-42af-9203-8e06a0c6411a,296adf8c-b827-4c9d-8bb5-41e1f387f372,水豚憨态,True,1022,158,0.45,1185
1,652de4c5-3ffb-42af-9203-8e06a0c6411a,2aab03b8-1a68-409b-b46b-324058dca0c6,科隆山羊,True,1001,101,0.26,1337
1,652de4c5-3ffb-42af-9203-8e06a0c6411a,2b6cd430-daf3-4110-b52c-78be813d14e5,刚果王国,True,999,293,0.38,1050
1,652de4c5-3ffb-42af-9203-8e06a0c6411a,2d385586-589a-4f5c-8534-6ff244cf310c,阿拉伯夜,True,1010,268,0.36,840
1,652de4c5-3ffb-42af-9203-8e06a0c6411a,2e48ed42-88f4-4899-9cf5-ecad75931d4a,北方苍狼,True,1004,166,0.37,1211
1,652de4c5-3ffb-42af-9203-8e06a0c6411a,2e94468c-2436-4f60-80d5-78d7147a1bb6,石化巨人,True,992,139,0.11,1037
1,652de4c5-3ffb-42af-9203-8e06a0c6411a,2f61c6ea-7c93-4f2f-807a-9c17b26fd688,长颈鹿颈,True,1019,159,0.55,1470
1,652de4c5-3ffb-42af-9203-8e06a0c6411a,2fa52165-4377-45e5-8d06-9e18100f6c99,北海苍龙,True,995,78,0.29,1020
1,652de4c5-3ffb-42af-9203-8e06a0c6411a,317e8d83-dc2d-4179-8a43-55ef610cd565,沙滩足球,True,1018,135,0.53,1350
1,652de4c5-3ffb-42af-9203-8e06a0c6411a,33e39c40-1488-4a7e-8145-00280a237aed,花车巡游,True,1013,202,0.37,1165
1,652de4c5-3ffb-42af-9203-8e06a0c6411a,3616958e-ca58-4b30-91ed-d810a9409d5b,大津巴布,True,1033,276,-0.15,1350
1,652de4c5-3ffb-42af-9203-8e06a0c6411a,37af924e-79a8-4895-8c85-c8c3a43d0ce0,马赛马拉,True,972,34,0.46,1395
1,652de4c5-3ffb-42af-9203-8e06a0c6411a,37d0221b-b783-41ef-ba45-4afbadfcca2e,黑金帝国,True,1006,118,0.62,1286
1,652de4c5-3ffb-42af-9203-8e06a0c6411a,37e823df-a354-48ba-9cb9-a5f2aa80b09e,单峰快驼,True,1017,196,0.28,1240
1,652de4c5-3ffb-42af-9203-8e06a0c6411a,3850a89f-9b56-43e4-886c-b239f5a141b1,喜鹊纽卡,True,963,206,0.34,1061
1,652de4c5-3ffb-42af-9203-8e06a0c6411a,3af34a43-f7c8-4a10-833e-b929ef808f8f,黄色潜水艇,True,1032,167,0.08,1500
1,652de4c5-3ffb-42af-9203-8e06a0c6411a,3b81880a-c267-41f8-842f-be557a392611,累西腓鼓,True,1025,104,0.06,1410
1,652de4c5-3ffb-42af-9203-8e06a0c6411a,3c35e50c-47f9-4e79-bdf1-a0368ab99700,骆驼骑士,True,1011,200,0.05,1155
1,652de4c5-3ffb-42af-9203-8e06a0c6411a,3cf98f89-d3ee-4eb1-add3-d165adc163da,树懒慢动,True,975,191,0.1,1159
1,652de4c5-3ffb-42af-9203-8e06a0c6411a,3d74852b-cef9-4536-90d3-ab20c3f1d39a,青金石蓝,True,1026,77,0.45,1260
1,652de4c5-3ffb-42af-9203-8e06a0c6411a,3d7c7ccd-3c62-49de-af2b-51d1b186ca84,西域猛虎,True,1012,76,0.53,1426
1,652de4c5-3ffb-42af-9203-8e06a0c6411a,3e90263d-9aa2-495f-9391-402267f48e45,水手桑普,True,964,75,0.51,986
1,652de4c5-3ffb-42af-9203-8e06a0c6411a,3f143543-33be-40b5-9675-d1e965a811eb,东方雄狮,True,1034,168,0.04,1395
1,652de4c5-3ffb-42af-9203-8e06a0c6411a,4158ea87-e495-4b6a-a108-54d8bfaaa5e3,野马奔腾,True,1025,136,0.32,1395
1,652de4c5-3ffb-42af-9203-8e06a0c6411a,417aede9-0129-47b2-937c-94eb89a7d0d8,管道巨头,True,1074,68,0.32,1304
1,652de4c5-3ffb-42af-9203-8e06a0c6411a,438bcce8-4e5c-401e-b640-9593bfb14368,咖啡起源,True,1026,134,0.47,1245
1,652de4c5-3ffb-42af-9203-8e06a0c6411a,45ade8e1-b205-4af3-86af-8250a7841af4,麦加朝圣,True,1021,201,0.33,1387
1,652de4c5-3ffb-42af-9203-8e06a0c6411a,45bfbd60-df67-43c9-9d4a-b721c3b9ded4,Medina之光,True,999,95,0.37,1168
1,652de4c5-3ffb-42af-9203-8e06a0c6411a,45e56362-3964-4c3e-8f54-f651ae5c735a,水晶石透,True,1015,167,0.33,1230
1,652de4c5-3ffb-42af-9203-8e06a0c6411a,461cbc97-34f7-4cc7-98c0-f5057949a243,五人制王,True,1006,77,0.61,1233
1,652de4c5-3ffb-42af-9203-8e06a0c6411a,4a8567a0-344b-4573-a764-34d83833628f,雪虎踏山,True,1007,181,0.3,900
1,652de4c5-3ffb-42af-9203-8e06a0c6411a,4a946e10-f770-42df-a073-e0ff24ad6c3f,烈焰红唇,True,1057,196,0.65,1437
1,652de4c5-3ffb-42af-9203-8e06a0c6411a,4a9502a1-912e-4f71-b915-f14f10dc76a2,安第斯山,True,999,117,0.13,1107
1,652de4c5-3ffb-42af-9203-8e06a0c6411a,4bf730ae-744d-4cf9-bfed-069e72cb7222,中原飞虎,True,1005,141,0.52,870
1,652de4c5-3ffb-42af-9203-8e06a0c6411a,4cdd75e5-7d1a-4faa-ba6e-b467d791430a,快乐足球,True,1057,123,0.25,1289
1,652de4c5-3ffb-42af-9203-8e06a0c6411a,4d69f07c-49fa-4fc4-871e-38f57ee93c13,美丽游戏,True,955,113,0.49,1160
1,652de4c5-3ffb-42af-9203-8e06a0c6411a,4d8043ee-95c3-43c9-9652-ff2812f0b778,紫气东来,True,1067,245,0.54,1413
1,652de4c5-3ffb-42af-9203-8e06a0c6411a,4e73d656-18e4-47b7-839f-d07b94c13336,莫莫之王,True,1028,319,0.19,1353
1,652de4c5-3ffb-42af-9203-8e06a0c6411a,4eb8d514-91aa-49bb-a361-7b52f7960471,奥格斯堡,True,1065,115,0.52,1428
1,652de4c5-3ffb-42af-9203-8e06a0c6411a,4f4050d5-a81e-4f2c-9fe4-3b691e3a8bb3,床单军团,True,1017,143,0.26,1321
1,652de4c5-3ffb-42af-9203-8e06a0c6411a,52ac1303-aa48-47c0-abfc-e1565cd83a2c,小辣椒莱,True,1026,94,0.72,1320
1,652de4c5-3ffb-42af-9203-8e06a0c6411a,546f1283-41ba-44fc-8ae4-c2f349eab730,铁甲战狮,True,1025,245,0.13,1185
1,652de4c5-3ffb-42af-9203-8e06a0c6411a,55d3b2ad-6730-4fdb-9a5e-3fa20c0ee991,布宜诺斯,True,990,65,0.39,1030
1,652de4c5-3ffb-42af-9203-8e06a0c6411a,5607bb46-3924-4699-a221-28b6e75fb2ee,智利红酒,True,1050,224,0.06,1385
1,652de4c5-3ffb-42af-9203-8e06a0c6411a,56110445-240a-45bb-8e2f-1dee3d3e7825,金鹰破晓,True,996,124,0.12,1153
1,652de4c5-3ffb-42af-9203-8e06a0c6411a,564a5213-4a71-4545-bd52-b2958bcdcb5c,苍穹雄鹰,True,1001,378,-0.32,1250
1,652de4c5-3ffb-42af-9203-8e06a0c6411a,56a4d6dd-79ee-4536-bf12-9873eff15482,寒冰领域,True,1005,125,0.88,1250
1,652de4c5-3ffb-42af-9203-8e06a0c6411a,576a1500-e80b-488e-84a4-4d30d5c9f8e2,萨尔瓦多,True,1079,177,0.9,1398
1,652de4c5-3ffb-42af-9203-8e06a0c6411a,58c7685d-d70a-4db2-ba81-82ec60565630,流水无痕,True,1014,208,0.49,1339
1,652de4c5-3ffb-42af-9203-8e06a0c6411a,595645b3-210a-45b7-9719-8194d843afcc,桑巴学校,True,996,86,0.73,1240
1,652de4c5-3ffb-42af-9203-8e06a0c6411a,59ddcaef-f19f-464e-b647-87378c8e0340,炼油大师,True,1009,208,0.13,1080
1,652de4c5-3ffb-42af-9203-8e06a0c6411a,5d26cab3-5840-4ddc-911e-96966cd04aed,幽冥鬼狼,True,1026,159,0.11,1126
1,652de4c5-3ffb-42af-9203-8e06a0c6411a,5d916859-a4e4-4f4e-b5f5-183e781c1b9f,云豹穿林,True,1025,97,0.48,1200
1,652de4c5-3ffb-42af-9203-8e06a0c6411a,5dbc0c0c-5cae-47c9-b6cb-c56edc170a86,南海蛟龙,True,1047,87,0.45,1436
1,652de4c5-3ffb-42af-9203-8e06a0c6411a,5e79a306-a1b5-4379-a96b-59bc3b243b7f,桑巴舞者,True,989,162,0.33,1055
1,652de4c5-3ffb-42af-9203-8e06a0c6411a,5edb33b0-4b3b-48b7-bddd-2f6b9065fd7b,金字塔尖,True,1007,91,0.54,885
1,652de4c5-3ffb-42af-9203-8e06a0c6411a,6060f7cb-6bbf-4c2f-b3fc-230422f4ac95,清真美食,True,1063,184,0.13,1174
1,652de4c5-3ffb-42af-9203-8e06a0c6411a,60a04a4b-6df1-4e32-a7bc-68776a385a86,设拉子酒,True,1076,96,0.56,1511
1,652de4c5-3ffb-42af-9203-8e06a0c6411a,61ab2691-a159-4e1a-a1d7-4a16c903ab94,沙漠玫瑰,True,1028,164,0.21,1320
1,652de4c5-3ffb-42af-9203-8e06a0c6411a,620ab27f-f4c9-484d-ad85-b88180b2bf58,马里帝国,True,1032,49,0.48,1305
1,652de4c5-3ffb-42af-9203-8e06a0c6411a,623c06a9-a30a-4bd4-8e29-48f10df92c69,那不勒斯,True,951,206,0.15,1063
1,652de4c5-3ffb-42af-9203-8e06a0c6411a,6389f794-4ebc-4cd5-a507-216bfbad5745,马丘比丘,True,1000,123,0.35,1188
1,652de4c5-3ffb-42af-9203-8e06a0c6411a,6493de21-509e-4109-afcf-ce60120ae37d,里约狂欢,True,1021,178,0.26,1350
1,652de4c5-3ffb-42af-9203-8e06a0c6411a,676a5416-929a-4ae2-aaea-2adafe7e7f70,丝路驼铃,True,1022,84,0.51,1035
1,652de4c5-3ffb-42af-9203-8e06a0c6411a,68694a58-7731-42d2-8dcf-c6f25948a2af,马穆鲁克,True,1029,217,0.48,1410
1,652de4c5-3ffb-42af-9203-8e06a0c6411a,68bf5a52-1c38-4b6c-b3e4-4ab1b7c50cfe,东北虎啸,True,1077,284,0.37,1466
1,652de4c5-3ffb-42af-9203-8e06a0c6411a,6907c429-2dbb-4fbc-9055-1164a7af9ffa,银龙出海,True,1012,178,0.2,1134
1,652de4c5-3ffb-42af-9203-8e06a0c6411a,694d2373-8e8d-498c-a51f-90db06f1ff51,蓝衣军团,True,1017,216,0.17,1188
1,652de4c5-3ffb-42af-9203-8e06a0c6411a,6a5387c1-7798-4d0b-aef5-87865e2df24f,伊斯法罕,True,1017,190,0.51,1445
1,652de4c5-3ffb-42af-9203-8e06a0c6411a,6b4393e6-c532-409b-be86-40c3930ee94b,红宝石矿,True,1024,82,0.61,1335
1,652de4c5-3ffb-42af-9203-8e06a0c6411a,6cce5283-6611-4cb8-8b9d-a747fb9a7b5d,华南虎威,True,1011,97,0.09,1371
1,652de4c5-3ffb-42af-9203-8e06a0c6411a,6e4c18ef-22ee-42dc-996a-5d28e2e51aed,大马士革,True,957,157,0.25,1263
1,652de4c5-3ffb-42af-9203-8e06a0c6411a,6faf8572-3a96-4145-b8f5-3b8304fc486f,白虎啸天,True,1027,96,0.23,1380
1,652de4c5-3ffb-42af-9203-8e06a0c6411a,71c88dd9-84d5-4415-8a2e-0393e0a55b8d,铁锤帮西汉,True,1012,122,0.52,1080
1,652de4c5-3ffb-42af-9203-8e06a0c6411a,727ee9ce-e0e3-48c4-95a3-c8c8e3976150,金刚鹦鹉,True,1020,89,0.52,1380
1,652de4c5-3ffb-42af-9203-8e06a0c6411a,7362d4e1-093b-469d-b35c-3b9df1e7f633,斗牛士团,True,987,156,0.71,1179
1,652de4c5-3ffb-42af-9203-8e06a0c6411a,73ad676d-fae2-4a8a-b69d-06d881cb694c,撒哈拉南,True,1017,266,-0.11,1500
1,652de4c5-3ffb-42af-9203-8e06a0c6411a,76ea894a-a987-4cc7-84b6-efbaa896d142,维多利亚,True,1007,155,0.36,1158
1,652de4c5-3ffb-42af-9203-8e06a0c6411a,77c184eb-17cd-4a60-b1ef-d2d25d067708,绿松石绿,True,1018,16,0.18,1300
1,652de4c5-3ffb-42af-9203-8e06a0c6411a,7987e549-b84a-4aa9-9c81-9eb88cd8e9ab,萨拉丁军,True,1020,142,0.62,1365
1,652de4c5-3ffb-42af-9203-8e06a0c6411a,79ff5611-2f63-4a90-9948-420586063a5f,白虹贯日,True,1025,327,0.06,1245
1,652de4c5-3ffb-42af-9203-8e06a0c6411a,7afb3a3e-6663-4edc-b70c-e13ed8981547,金虎啸月,True,999,34,0.34,1052
1,652de4c5-3ffb-42af-9203-8e06a0c6411a,7b0ab1d7-80c9-4fc1-a7d0-99de970e3d88,星月传奇,True,1019,130,0.29,1380
1,652de4c5-3ffb-42af-9203-8e06a0c6411a,7d71e69b-29f1-4c7d-8de4-bc6a2dccf449,朱雀焚霞,True,1019,95,0.22,1275
1,652de4c5-3ffb-42af-9203-8e06a0c6411a,7dc1a3a9-470b-4a15-af2b-fed9f7ca88a6,十字军东,True,1021,86,0.33,1333
1,652de4c5-3ffb-42af-9203-8e06a0c6411a,7dc3c021-193d-416e-bc57-45e6d3ed8e01,非洲雄狮,True,1019,149,-0.07,1185
1,652de4c5-3ffb-42af-9203-8e06a0c6411a,7fb53f55-06b4-4131-a874-be848d281649,峨眉女侠,True,1061,172,0.41,1234
1,652de4c5-3ffb-42af-9203-8e06a0c6411a,80130085-d12e-47ab-81f1-c0b8fa674a06,街球之王,True,1010,118,0.46,1350
1,652de4c5-3ffb-42af-9203-8e06a0c6411a,8346aebc-cac4-49bf-a1e2-6fdf6fdc9a60,飓风之眼,True,1060,133,0.57,1144
1,652de4c5-3ffb-42af-9203-8e06a0c6411a,84567e7d-096b-4367-b958-4abdbaecad31,乞力马扎,True,1014,162,0.41,1200
1,652de4c5-3ffb-42af-9203-8e06a0c6411a,86036b21-4fa9-47dc-a2fd-9728e0e18feb,红黑恶魔,True,1008,242,0.53,1215
1,652de4c5-3ffb-42af-9203-8e06a0c6411a,8698b7c7-8ee5-457a-beff-b198b61d6c98,南部之星,True,1022,227,0.29,1185
1,652de4c5-3ffb-42af-9203-8e06a0c6411a,8705046a-c699-4ed3-a2a3-bbb9e40e06b3,双峰巨驼,True,1013,172,0.21,1160
1,652de4c5-3ffb-42af-9203-8e06a0c6411a,8900177a-c5ca-40ad-bc40-e240fd6f2d9e,巨象踏天,True,1023,214,0.39,1170
1,652de4c5-3ffb-42af-9203-8e06a0c6411a,89bd5a4e-fd08-4203-b76e-a76e5e40e750,驼峰运输,True,1017,142,0.53,1335
1,652de4c5-3ffb-42af-9203-8e06a0c6411a,8be9eaf8-038f-4155-ab53-13acbff4a34e,凤凰涅槃,True,1025,154,0.67,1245
1,652de4c5-3ffb-42af-9203-8e06a0c6411a,8c09e83c-4838-4d81-ac1d-2fc8970b5996,华山剑客,True,996,125,0.63,1080
1,652de4c5-3ffb-42af-9203-8e06a0c6411a,8c4bd183-3537-499a-a857-36da5ee3fcb8,天方夜谭,True,1028,114,0.62,1440
1,652de4c5-3ffb-42af-9203-8e06a0c6411a,8d55034d-d964-4216-a678-6b492b254d3a,金狼逐日,True,1021,131,0.49,1203
1,652de4c5-3ffb-42af-9203-8e06a0c6411a,90127a81-e457-4c9d-9981-9a1d54ee9dc9,石油大亨,True,1021,66,0.59,1215
1,652de4c5-3ffb-42af-9203-8e06a0c6411a,902585f2-0a29-457b-a8a7-6231e080c089,辛巴达航,True,1014,134,0.29,838
1,652de4c5-3ffb-42af-9203-8e06a0c6411a,9192b63a-62eb-41f8-8294-4e8ed7b21cc4,银狼啸天,True,1000,112,0.61,956
1,652de4c5-3ffb-42af-9203-8e06a0c6411a,93d4a341-f696-4847-9963-39f49030f4c9,太妃糖埃弗,True,1016,143,0.16,1485
1,652de4c5-3ffb-42af-9203-8e06a0c6411a,93f33371-f5bd-4f80-8652-b48419599822,雪山神鹰,True,996,121,0.75,1395
1,652de4c5-3ffb-42af-9203-8e06a0c6411a,95d02f9a-0c37-49b7-9a61-518ac5f7ef2c,复活节岛,True,1014,114,0.43,1198
1,652de4c5-3ffb-42af-9203-8e06a0c6411a,95e4042e-52de-4df6-b5c9-7bc15fe0e2c6,库尔德勇,True,984,124,0.59,1248
1,652de4c5-3ffb-42af-9203-8e06a0c6411a,97bd3ccc-820c-47fd-8ff0-1acbd2dd5b90,水蟒巨蛇,True,963,117,0.4,1261
1,652de4c5-3ffb-42af-9203-8e06a0c6411a,985d0af0-92b6-4101-a859-b4b3ade0c9c4,少林武僧,True,1064,193,0.09,1529
1,652de4c5-3ffb-42af-9203-8e06a0c6411a,98d30838-3492-4b0c-8322-4314995bd393,一千零一夜,True,1017,181,0.12,1230
1,652de4c5-3ffb-42af-9203-8e06a0c6411a,99300516-f774-4dff-8748-c4f8fa826f46,阿根廷梦,True,964,59,0.17,1146
1,652de4c5-3ffb-42af-9203-8e06a0c6411a,998ee0cd-7f64-4845-9225-151320635338,赫塔菲蓝,True,1062,103,0.32,1308
1,652de4c5-3ffb-42af-9203-8e06a0c6411a,99b60819-3bb0-4ea6-a313-e0e25f54fe6b,沙漠商队,True,1019,158,0.1,1230
1,652de4c5-3ffb-42af-9203-8e06a0c6411a,9a5d0d3c-b55b-4916-a8b2-f1259690c986,祖鲁战士,True,1021,58,0.7,1215
1,652de4c5-3ffb-42af-9203-8e06a0c6411a,9b967cfb-d53b-40d1-bafa-aa907b8d0163,凯门鳄凶,True,1067,109,0.59,1358
1,652de4c5-3ffb-42af-9203-8e06a0c6411a,9bbd18bf-ab3c-443c-9ff6-e552d4f5fef6,蓝军切尔西,True,999,67,0.5,1195
1,652de4c5-3ffb-42af-9203-8e06a0c6411a,9c415d32-dffa-4665-a9dd-71efc490b763,清真寺塔,True,1029,161,0.48,1290
1,652de4c5-3ffb-42af-9203-8e06a0c6411a,9cd1ad3c-d8fb-4218-a634-2488d4756d21,尼罗河神,True,950,122,0.36,776
1,652de4c5-3ffb-42af-9203-8e06a0c6411a,9d7bbfa0-9c00-41c4-a6a5-846ae2fdfac4,阿拉伯舞,True,1028,155,0.57,1305
1,652de4c5-3ffb-42af-9203-8e06a0c6411a,9d8b1cbe-4b94-4e17-9c47-a4a902b851d7,非洲大象,True,1026,179,0.2,1335
1,652de4c5-3ffb-42af-9203-8e06a0c6411a,9df8fe36-708a-48f0-907f-d29e4b838083,足球精灵,True,1037,73,0.49,1029
1,652de4c5-3ffb-42af-9203-8e06a0c6411a,a0a40c58-92e7-4ee8-a1bd-d2ea7bfe8908,薛西斯军,True,1025,80,0.4,1155
1,652de4c5-3ffb-42af-9203-8e06a0c6411a,a0c9921b-5fca-46a9-9356-3fc9360e0253,祖母绿光,True,994,178,0.27,1082
1,652de4c5-3ffb-42af-9203-8e06a0c6411a,a2332c17-c381-4780-b589-94c4f12f1991,克鲁格园,True,1134,197,0.31,1601
1,652de4c5-3ffb-42af-9203-8e06a0c6411a,a28c9ba2-440b-487e-bbf2-ccc2d2cfb323,飞驴切沃,True,982,143,0.27,804
1,652de4c5-3ffb-42af-9203-8e06a0c6411a,a4bd10dd-8eb2-4436-af34-ca71729a7606,美因茨红,True,959,165,0.05,1029
1,652de4c5-3ffb-42af-9203-8e06a0c6411a,a4c7a0b3-a574-48a6-8f5b-e87bf47b17bd,药厂勒沃,True,1006,81,0.61,1065
1,652de4c5-3ffb-42af-9203-8e06a0c6411a,a513e312-2947-41ac-8191-76c13178ef90,沙漠孤鹰,True,1004,103,0.45,1260
1,652de4c5-3ffb-42af-9203-8e06a0c6411a,a5671302-f5d6-497a-ae3f-c39c2f4eead3,日耳曼战,True,1042,118,0.55,1501
1,652de4c5-3ffb-42af-9203-8e06a0c6411a,a729c9b9-d105-471a-bb71-ffd3bf626fbf,麒麟踏云,True,1027,82,0.47,1365
1,652de4c5-3ffb-42af-9203-8e06a0c6411a,a77b1305-eb69-4e84-a3b0-a68c1ed073e5,红魔曼联,True,966,120,0.48,842
1,652de4c5-3ffb-42af-9203-8e06a0c6411a,a7997283-358e-4c86-bb5c-1bbe865b736a,农场主富勒,True,990,43,0.52,923
1,652de4c5-3ffb-42af-9203-8e06a0c6411a,a8b4d912-316d-4247-a375-5237b6dd9517,青龙偃月,True,1010,96,0.73,1166
1,652de4c5-3ffb-42af-9203-8e06a0c6411a,a8daeebf-77a6-467b-af74-82520b31d1df,食蚁兽长,True,1008,77,0.63,1293
1,652de4c5-3ffb-42af-9203-8e06a0c6411a,a8f5236d-ed25-4d79-9fbc-2a6e237590f4,阿里巴巴,True,995,249,0.1,855
1,652de4c5-3ffb-42af-9203-8e06a0c6411a,a9abf299-7238-49ce-9147-f3a64cc2ce1b,公牛都灵,True,1019,143,0.39,1346
1,652de4c5-3ffb-42af-9203-8e06a0c6411a,a9b5b0e7-7b38-4883-8a10-f08b6e204fd0,狼堡沃尔夫,True,1031,140,0.27,1365
1,652de4c5-3ffb-42af-9203-8e06a0c6411a,a9e2ee7c-196e-406b-8a61-7a12de641391,猫眼石闪,True,1027,104,0.23,1230
1,652de4c5-3ffb-42af-9203-8e06a0c6411a,aac28b58-decc-4ebb-b817-1a1b4b7ed73a,阿拉维斯,True,1067,130,0.58,1523
1,652de4c5-3ffb-42af-9203-8e06a0c6411a,aadbd3a9-b5b8-40b3-bc10-fa7795c32060,蜜蜂布伦特,True,1022,75,0.55,1245
1,652de4c5-3ffb-42af-9203-8e06a0c6411a,ad25703e-0053-415e-8523-0d2730ac9365,狼队伍尔弗,True,1015,117,0.86,1275
1,652de4c5-3ffb-42af-9203-8e06a0c6411a,ad44aa92-5680-4336-b85b-25d37bcc796f,大黄蜂多,True,1025,117,0.65,1260
1,652de4c5-3ffb-42af-9203-8e06a0c6411a,ae6dc05a-edf4-460a-8f15-00a7210e38db,老鹰水晶宫,True,981,152,0.32,1258
1,652de4c5-3ffb-42af-9203-8e06a0c6411a,ae87bcfc-d77a-4910-8d64-9fc17100da25,角马迁徙,True,1020,86,0.4,1320
1,652de4c5-3ffb-42af-9203-8e06a0c6411a,af0a19de-6d42-4cff-8708-16eb0a12603c,马略卡岛,True,1011,94,-0.15,1474
1,652de4c5-3ffb-42af-9203-8e06a0c6411a,b04ea948-66e6-4998-863f-bcbc9927f0c7,食人鱼群,True,1020,83,0.56,1381
1,652de4c5-3ffb-42af-9203-8e06a0c6411a,b324d8ce-d613-460e-87db-74ad94d92d35,枪手兵工厂,True,1014,188,0.44,1181
1,652de4c5-3ffb-42af-9203-8e06a0c6411a,b4107dca-e269-4f3a-8ab1-a36b3e309113,红军利物浦,True,992,125,0.31,893
1,652de4c5-3ffb-42af-9203-8e06a0c6411a,b4921016-e7cb-4a6a-b6b1-be4c5a053f7b,青云直上,True,1018,250,-0.04,1367
1,652de4c5-3ffb-42af-9203-8e06a0c6411a,b60163ef-97d5-4976-8fed-85ae5dfc5b3f,塞尔塔天,True,1027,123,0.78,1470
1,652de4c5-3ffb-42af-9203-8e06a0c6411a,b6d8396d-19f1-4386-88e0-93a3818eef4a,斑马条纹,True,1068,88,0.63,1289
1,652de4c5-3ffb-42af-9203-8e06a0c6411a,b6dd5442-7f02-480a-9abd-e47600d0cfe6,金石为开,True,1019,135,0.63,1298
1,652de4c5-3ffb-42af-9203-8e06a0c6411a,b757ce5d-d52d-4f60-93fe-8f5613340a47,乌拉圭牛,True,1015,135,0.32,1260
1,652de4c5-3ffb-42af-9203-8e06a0c6411a,b77ab317-4751-4e3a-aca1-21cad5ef5341,狂熊撼地,True,994,179,0.48,1070
1,652de4c5-3ffb-42af-9203-8e06a0c6411a,b9010125-c177-46f0-ac56-eda4ec51d4f8,红尘滚滚,True,1025,218,0.41,1380
1,652de4c5-3ffb-42af-9203-8e06a0c6411a,b9155ad9-e3b9-436a-af60-85e08ee184d9,钢铁柏林,True,1021,138,0.68,1245
1,652de4c5-3ffb-42af-9203-8e06a0c6411a,bc4fdf86-d4fc-406e-b527-32b06cd5f360,印加帝国,True,1021,103,0.46,1245
1,652de4c5-3ffb-42af-9203-8e06a0c6411a,bca64a9c-5aa4-4b59-a840-dccca22ca4ec,美洲豹王,True,1019,127,0.7,1083
1,652de4c5-3ffb-42af-9203-8e06a0c6411a,be2cac80-28c9-42b2-b208-fe897bc8bf38,紫电鹰扬,True,1015,48,0.48,1170
1,652de4c5-3ffb-42af-9203-8e06a0c6411a,bff686b7-f43b-4ee6-ab47-65f08e42f3e7,闪电杰尼,False,1001,99,0.29,1411
1,652de4c5-3ffb-42af-9203-8e06a0c6411a,c2e849d6-e49c-42a2-aded-da25324efa95,潘帕斯草,True,962,109,0.32,1019
1,652de4c5-3ffb-42af-9203-8e06a0c6411a,c3a306c8-0370-4557-b17a-8cdc9b246873,金毛狮王,True,970,191,0.22,928
1,652de4c5-3ffb-42af-9203-8e06a0c6411a,c567348e-56d2-41b5-b3bf-f12c1877cf25,绿茵魔术师,True,1002,48,0.59,915
1,652de4c5-3ffb-42af-9203-8e06a0c6411a,c5695aa8-498f-413e-b73b-3d10e4c4ffff,蝙蝠军团,True,1024,59,0.64,1365
1,652de4c5-3ffb-42af-9203-8e06a0c6411a,c866a5c5-bf7f-4657-927d-b32818896bd3,马赛勇士,True,1026,159,0.64,1125
1,652de4c5-3ffb-42af-9203-8e06a0c6411a,c8c72df5-e356-4b13-8e8f-ec88b7674dd2,紫百合佛,True,1017,245,0.15,1169
1,652de4c5-3ffb-42af-9203-8e06a0c6411a,c9103d51-f0d0-4508-bbbc-cd0e215b80cb,三狮军团,True,990,216,0.13,1059
1,652de4c5-3ffb-42af-9203-8e06a0c6411a,c94a55b6-39c8-4129-81c7-f3b325e407be,沙漠之舟,True,991,167,0.24,1431
1,652de4c5-3ffb-42af-9203-8e06a0c6411a,c9dd425d-59a1-4fa5-83c9-4b7ce2f7f429,巴塔哥尼,True,1015,99,0.56,1217
1,652de4c5-3ffb-42af-9203-8e06a0c6411a,cce953b5-24b2-4111-b169-c7ee24250baa,塞维利业,True,994,297,0.08,1070
1,652de4c5-3ffb-42af-9203-8e06a0c6411a,ced36a6a-ff76-4d6e-b530-155bef975c6f,纳斯卡线,True,1016,97,0.77,1280
1,652de4c5-3ffb-42af-9203-8e06a0c6411a,cf38b978-2024-45a7-8f20-99dfe99fa0b8,格拉纳达,True,1010,298,-0.16,1156
1,652de4c5-3ffb-42af-9203-8e06a0c6411a,cfbaab7e-1b94-4a03-b11d-ffe126ca94ae,刚果雨林,True,990,202,0.31,989
1,652de4c5-3ffb-42af-9203-8e06a0c6411a,d05a7cac-77cc-4fa9-8eba-d3db36881a4f,矿工沙尔,True,1033,122,-0.04,1320
1,652de4c5-3ffb-42af-9203-8e06a0c6411a,d1528662-c97b-4af7-ab2f-e98b795cdda4,斯图加特,True,1034,127,0.42,1350
1,652de4c5-3ffb-42af-9203-8e06a0c6411a,d1c0d939-c777-4a8e-b87d-ede88c6e6abe,火狼焚原,True,1014,122,0.35,1232
1,652de4c5-3ffb-42af-9203-8e06a0c6411a,d20dd201-3871-43d1-afee-f407f87659b4,居鲁士帝,True,1019,67,0.46,1221
1,652de4c5-3ffb-42af-9203-8e06a0c6411a,d3286bd6-52f2-4571-afb5-cd2c361ab8ab,阿拉丁灯,True,967,196,0.67,1073
1,652de4c5-3ffb-42af-9203-8e06a0c6411a,d3b66902-aa7c-408c-a3a8-2343ebc9cbe0,犀牛冲撞,True,961,136,-0.01,1205
1,652de4c5-3ffb-42af-9203-8e06a0c6411a,d4b06680-c802-4b4f-8fd1-33bea289ade2,西海金龙,True,1073,110,0.31,1458
1,652de4c5-3ffb-42af-9203-8e06a0c6411a,d69d7488-960a-4778-a79c-a0330172ef4a,绿白贝蒂,True,1010,180,0.3,990
1,652de4c5-3ffb-42af-9203-8e06a0c6411a,d871b731-c80d-4872-b5b2-59a8a7b126ee,圣保罗彩,True,1022,112,0.47,1305
1,652de4c5-3ffb-42af-9203-8e06a0c6411a,d89a5197-5cc5-4e06-971e-c198e16e5d18,桑布露族,True,1080,44,0.4,1478
1,652de4c5-3ffb-42af-9203-8e06a0c6411a,da33e4ad-66d5-433e-93ba-366a9c2daf3f,非洲野牛,True,1030,159,0.03,1280
1,652de4c5-3ffb-42af-9203-8e06a0c6411a,da7e1fb6-644f-4f12-ac90-d8a9cf2d9645,真蓝黑亚,True,1025,96,0.52,1379
1,652de4c5-3ffb-42af-9203-8e06a0c6411a,de554813-103d-4ab7-a7b0-030d80a26303,阿拉伯军,True,1015,53,0.46,1125
1,652de4c5-3ffb-42af-9203-8e06a0c6411a,de838a52-9057-4623-a707-fd29fd23e02c,霍村霍芬,True,1019,106,0.44,1065
1,652de4c5-3ffb-42af-9203-8e06a0c6411a,df0c3811-9f00-451e-bd0a-4d22f839f910,红狼罗马,True,1022,85,0.61,1234
1,652de4c5-3ffb-42af-9203-8e06a0c6411a,df0cf5b2-3259-4822-b945-261c54e430ba,红牛莱比,True,1034,136,0.72,1335
1,652de4c5-3ffb-42af-9203-8e06a0c6411a,df29d5d7-141c-470c-b226-c2c18994aa4b,蓝鹰拉齐,True,1025,114,0.9,1226
1,652de4c5-3ffb-42af-9203-8e06a0c6411a,e0c9eea6-67ef-4e89-adff-55007cad963b,撒丁岛卡,True,1017,195,0.26,1236
1,652de4c5-3ffb-42af-9203-8e06a0c6411a,e1027b61-123f-401b-b628-e0b3a79eaea6,阿散蒂金,True,989,160,0.61,1428
1,652de4c5-3ffb-42af-9203-8e06a0c6411a,e1c28409-400e-4cae-b1a2-bf81ab44ac90,拉普拉塔,True,1030,171,0.13,1425
1,652de4c5-3ffb-42af-9203-8e06a0c6411a,e1ee3921-d9a9-48ce-a389-3fa4d0dcbf50,草原战狼,True,1013,115,0.52,1020
1,652de4c5-3ffb-42af-9203-8e06a0c6411a,e5e69a4d-63f0-4e62-addb-b51923c6289b,巴斯克雄,True,1015,83,0.56,1515
1,652de4c5-3ffb-42af-9203-8e06a0c6411a,e5f8b687-80b4-4e5b-9398-0f67c674604a,绿洲明珠,True,1005,53,0.43,1020
1,652de4c5-3ffb-42af-9203-8e06a0c6411a,e6003d82-a938-4dc4-864c-b63501f2ae70,尼罗河源,True,1010,129,0.64,1184
1,652de4c5-3ffb-42af-9203-8e06a0c6411a,e8069429-7f4a-4735-a309-c9f73c6a9942,能源霸主,True,1011,92,0.35,1317
1,652de4c5-3ffb-42af-9203-8e06a0c6411a,e87b425e-c078-458e-8712-5812eb2007cd,赤龙焚天,True,1034,137,0.95,1426
1,652de4c5-3ffb-42af-9203-8e06a0c6411a,e94e5257-ab68-4ad7-847b-1173ce6578be,图西胡图,True,1031,203,0.36,1335
1,652de4c5-3ffb-42af-9203-8e06a0c6411a,e9dd35ad-da38-4f78-8495-797e678b3c20,香料之路,True,1021,131,0.36,1080
1,652de4c5-3ffb-42af-9203-8e06a0c6411a,eb2f1e87-4901-4c3f-93e5-4bc8a6a03f06,土耳其近,True,1023,234,-0.0,1395
1,652de4c5-3ffb-42af-9203-8e06a0c6411a,ed5c6eb4-7eaa-4484-8711-9333b2d11b16,波斯地毯,True,968,84,0.56,1291
1,652de4c5-3ffb-42af-9203-8e06a0c6411a,eeb45694-9f5a-4bb9-ab06-6b9b79d06670,紫电龙骑,True,998,71,0.27,1333
1,652de4c5-3ffb-42af-9203-8e06a0c6411a,f040b65b-6bca-4d22-8209-5db13b34e775,探戈情人,True,1011,73,0.25,1207
1,652de4c5-3ffb-42af-9203-8e06a0c6411a,f0be488b-4f4e-4f97-9eb1-8868116d7b93,小海马萨,True,1138,109,0.49,1625
1,652de4c5-3ffb-42af-9203-8e06a0c6411a,f0c2b81f-e7a2-4001-8b08-d92dea47338f,不来梅绿,True,1029,144,0.45,1334
1,652de4c5-3ffb-42af-9203-8e06a0c6411a,f13044b1-6e84-4b16-8f06-e695944e0bb7,亚马逊河,True,990,70,0.56,1222
1,652de4c5-3ffb-42af-9203-8e06a0c6411a,f239bd15-2cb8-4f6d-9d6f-5adea01696ff,圣徒南安普,True,1008,277,-0.0,1230
1,652de4c5-3ffb-42af-9203-8e06a0c6411a,f37aae86-41db-49a2-be9f-d239ed67a9d7,玛瑙石红,True,1029,97,0.42,1350
1,652de4c5-3ffb-42af-9203-8e06a0c6411a,f3ec8fde-fe3c-43c9-aec6-6084ea0ce620,汽油骑士,True,1019,135,0.05,1335
1,652de4c5-3ffb-42af-9203-8e06a0c6411a,f5fab24c-152b-4150-ae51-5faa82e9aff4,白百合热,True,991,81,0.35,1049
1,652de4c5-3ffb-42af-9203-8e06a0c6411a,fb87ae66-a9df-487c-ab8a-5840eeac1d07,雷霆万钧,True,1020,243,0.13,1362
1,652de4c5-3ffb-42af-9203-8e06a0c6411a,fc06cf91-c305-493c-84ba-bd93802991fc,热带雨林,True,1026,141,0.21,1311
1,652de4c5-3ffb-42af-9203-8e06a0c6411a,fd2d0447-d660-47dd-a0dc-12f7ebfc2e65,银河战舰,True,1018,112,0.42,1140
1,652de4c5-3ffb-42af-9203-8e06a0c6411a,fd2f2ffd-b02d-4117-b2aa-f0c1c9b83553,森林之语,True,1027,173,0.34,1380
1,652de4c5-3ffb-42af-9203-8e06a0c6411a,fdb06b8f-684f-4761-b62e-22e64c5971b5,波斯猫王,True,1019,241,-0.07,1350
1,652de4c5-3ffb-42af-9203-8e06a0c6411a,fde969e3-86ac-462d-bbc1-963eab38b504,沙漠之狐,True,1048,168,0.5,1062
1,652de4c5-3ffb-42af-9203-8e06a0c6411a,fe128fb9-67f0-4d49-80e5-bb6292a71be2,铁翼飞鹰,True,1026,118,0.54,1230
1,652de4c5-3ffb-42af-9203-8e06a0c6411a,ff2dd69b-ac4c-4ce3-af23-521daf536eed,斑马军团,True,1078,225,0.49,1339
1,652de4c5-3ffb-42af-9203-8e06a0c6411a,ff55cef1-9862-4d72-9ba4-3d241938741b,巴格达城,True,1013,148,0.19,1299
2,2b6b23bb-e7cd-46fd-b899-a0a9e3a96237,00983e2e-e8bd-47be-a022-5774b994caa7,蓝黑战士,True,1091,196,-0.0,1504
2,2b6b23bb-e7cd-46fd-b899-a0a9e3a96237,0192de1b-b1f4-4f4b-af0f-934452bda0d1,武当太极,True,1086,267,0.53,1424
2,2b6b23bb-e7cd-46fd-b899-a0a9e3a96237,02674860-147a-44e2-843a-da5f0e9f81bc,蓝宝石海,True,1077,217,0.38,1493
2,2b6b23bb-e7cd-46fd-b899-a0a9e3a96237,03832f41-a31c-4d42-a687-158df7a831d7,魔毯飞行,True,1055,188,0.47,1499
2,2b6b23bb-e7cd-46fd-b899-a0a9e3a96237,090b2c3b-fb42-4eaa-a978-2463ed4dc234,玄武镇海,True,1094,213,0.16,1264
2,2b6b23bb-e7cd-46fd-b899-a0a9e3a96237,0a5b6a82-d483-486a-9d11-592a154fbf0c,绿洲驼队,True,1064,166,0.57,1227
2,2b6b23bb-e7cd-46fd-b899-a0a9e3a96237,0fc36386-3ee4-4343-9c56-3b6ccc661da3,猎豹闪电,True,1152,327,0.01,1496
2,2b6b23bb-e7cd-46fd-b899-a0a9e3a96237,1135d594-4576-4c49-8126-ef5d77f4c9de,烈焰狂狮,True,1076,187,0.61,1344
2,2b6b23bb-e7cd-46fd-b899-a0a9e3a96237,11bbc8df-418e-40ea-a638-3ee287139ed6,雪豹冰山,True,1016,208,0.55,1207
2,2b6b23bb-e7cd-46fd-b899-a0a9e3a96237,121a8ce8-a60e-4dbc-8943-f888ae0138df,波斯勇士,True,1077,190,0.54,1463
2,2b6b23bb-e7cd-46fd-b899-a0a9e3a96237,12b9b35d-129c-462a-b966-ec1e353e0928,苍鹰搏兔,True,1080,226,0.53,1472
2,2b6b23bb-e7cd-46fd-b899-a0a9e3a96237,13ff2225-f620-4205-8acb-fc3b5053862a,非洲犀牛,True,1097,261,0.23,1712
2,2b6b23bb-e7cd-46fd-b899-a0a9e3a96237,163b7787-c249-4bfa-8242-a0f2b860d2cf,大地之力,True,1074,255,0.19,1383
2,2b6b23bb-e7cd-46fd-b899-a0a9e3a96237,1737da78-c242-462b-8962-3694873576be,雄鹰法兰,True,1085,186,0.53,1403
2,2b6b23bb-e7cd-46fd-b899-a0a9e3a96237,18090434-c547-4e31-bc35-c7efb038c31d,宇宙巴萨,True,1075,311,0.53,1184
2,2b6b23bb-e7cd-46fd-b899-a0a9e3a96237,1950e07c-a077-441f-b406-16b12daa45c7,西班牙人,True,1089,253,0.36,1360
2,2b6b23bb-e7cd-46fd-b899-a0a9e3a96237,19d4e548-1c7f-4706-a0df-f0446a99c617,金豹捕猎,True,1082,304,0.2,1514
2,2b6b23bb-e7cd-46fd-b899-a0a9e3a96237,1a3f033a-4e73-46cb-8f58-d20c32e04fd2,西域雪狼,True,1046,209,0.17,1125
2,2b6b23bb-e7cd-46fd-b899-a0a9e3a96237,1c91e42f-e538-4301-89c5-50c7324055dc,高乔骑士,True,1087,181,0.48,1440
2,2b6b23bb-e7cd-46fd-b899-a0a9e3a96237,1e00f974-ec58-4b4c-be20-faf412d9027e,汉诺威红,True,1061,293,0.47,1040
2,2b6b23bb-e7cd-46fd-b899-a0a9e3a96237,1f522e60-e720-4a28-a30d-1352879957b4,弯月之星,True,1142,245,0.24,1615
2,2b6b23bb-e7cd-46fd-b899-a0a9e3a96237,1fc0382f-e8e4-4817-8a9b-86acd3f47e81,冰狼踏雪,True,1141,209,0.37,1496
2,2b6b23bb-e7cd-46fd-b899-a0a9e3a96237,20979679-9c36-4bfc-8639-cd644706a4f1,皇家社会,True,1084,210,0.21,1439
2,2b6b23bb-e7cd-46fd-b899-a0a9e3a96237,2125a9ec-76c0-4c3f-90e8-039afd4c2e5e,山楂球西布,True,1082,337,0.37,1312
2,2b6b23bb-e7cd-46fd-b899-a0a9e3a96237,225a9ffb-e671-4019-93cc-cbc6572216de,草原猎鹰,True,1081,236,0.22,1152
2,2b6b23bb-e7cd-46fd-b899-a0a9e3a96237,23d24ae7-74bc-4ad2-9b70-0df8e9f10c5d,威尼斯假,True,1035,266,0.5,897
2,2b6b23bb-e7cd-46fd-b899-a0a9e3a96237,242e04d1-fbaf-4773-9832-f963bb36cdbf,贝都因骑,True,1077,292,0.24,1485
2,2b6b23bb-e7cd-46fd-b899-a0a9e3a96237,2465461a-8563-46cd-873a-baaa6a467841,大流士王,True,1083,338,0.42,1344
2,2b6b23bb-e7cd-46fd-b899-a0a9e3a96237,246f43f2-0e83-4eb6-8f73-abd9beda391d,蓝月亮城,True,1111,116,0.28,1646
2,2b6b23bb-e7cd-46fd-b899-a0a9e3a96237,249c854a-a6cf-4ef6-b379-4253c33a08f4,非洲猎豹,True,1064,223,0.44,1383
2,2b6b23bb-e7cd-46fd-b899-a0a9e3a96237,24ee4c01-522f-45bb-b7b2-f6a47a1598d3,罗马狼王,True,1076,223,0.42,1476
2,2b6b23bb-e7cd-46fd-b899-a0a9e3a96237,2678b819-3da4-4304-a4fc-0973fd2f630e,塞伦盖蒂,True,1060,235,0.5,1344
2,2b6b23bb-e7cd-46fd-b899-a0a9e3a96237,274fc978-b187-40f1-ab2e-8de5ba54d181,天然气王,True,1063,285,0.22,976
2,2b6b23bb-e7cd-46fd-b899-a0a9e3a96237,27550134-d903-4055-ab54-4af1341d4314,撒哈拉驼,True,1059,168,-0.0,1211
2,2b6b23bb-e7cd-46fd-b899-a0a9e3a96237,278885b1-f652-4775-92de-8dcd14d9bc93,图阿雷格,True,1070,354,0.23,1262
2,2b6b23bb-e7cd-46fd-b899-a0a9e3a96237,27a76999-b51f-4c41-b3d6-da7989a5c411,黑虎掏心,True,1136,193,0.37,1510
2,2b6b23bb-e7cd-46fd-b899-a0a9e3a96237,296adf8c-b827-4c9d-8bb5-41e1f387f372,水豚憨态,True,1079,222,0.36,1472
2,2b6b23bb-e7cd-46fd-b899-a0a9e3a96237,2aab03b8-1a68-409b-b46b-324058dca0c6,科隆山羊,True,1015,183,0.19,1339
2,2b6b23bb-e7cd-46fd-b899-a0a9e3a96237,2b6cd430-daf3-4110-b52c-78be813d14e5,刚果王国,True,1081,260,0.44,1328
2,2b6b23bb-e7cd-46fd-b899-a0a9e3a96237,2d385586-589a-4f5c-8534-6ff244cf310c,阿拉伯夜,True,1112,278,0.45,884
2,2b6b23bb-e7cd-46fd-b899-a0a9e3a96237,2e48ed42-88f4-4899-9cf5-ecad75931d4a,北方苍狼,True,1089,227,0.35,1376
2,2b6b23bb-e7cd-46fd-b899-a0a9e3a96237,2e94468c-2436-4f60-80d5-78d7147a1bb6,石化巨人,True,1065,266,-0.16,1362
2,2b6b23bb-e7cd-46fd-b899-a0a9e3a96237,2f61c6ea-7c93-4f2f-807a-9c17b26fd688,长颈鹿颈,True,1052,257,0.42,1503
2,2b6b23bb-e7cd-46fd-b899-a0a9e3a96237,2fa52165-4377-45e5-8d06-9e18100f6c99,北海苍龙,True,1052,176,0.2,1293
2,2b6b23bb-e7cd-46fd-b899-a0a9e3a96237,317e8d83-dc2d-4179-8a43-55ef610cd565,沙滩足球,True,1064,234,0.52,1159
2,2b6b23bb-e7cd-46fd-b899-a0a9e3a96237,33e39c40-1488-4a7e-8145-00280a237aed,花车巡游,True,1072,232,0.26,1357
2,2b6b23bb-e7cd-46fd-b899-a0a9e3a96237,3616958e-ca58-4b30-91ed-d810a9409d5b,大津巴布,True,1143,227,-0.04,1615
2,2b6b23bb-e7cd-46fd-b899-a0a9e3a96237,37af924e-79a8-4895-8c85-c8c3a43d0ce0,马赛马拉,True,1011,210,0.44,1416
2,2b6b23bb-e7cd-46fd-b899-a0a9e3a96237,37d0221b-b783-41ef-ba45-4afbadfcca2e,黑金帝国,True,1146,245,0.42,1606
2,2b6b23bb-e7cd-46fd-b899-a0a9e3a96237,37e823df-a354-48ba-9cb9-a5f2aa80b09e,单峰快驼,True,1088,261,0.26,1408
2,2b6b23bb-e7cd-46fd-b899-a0a9e3a96237,3850a89f-9b56-43e4-886c-b239f5a141b1,喜鹊纽卡,True,1010,219,0.6,1046
2,2b6b23bb-e7cd-46fd-b899-a0a9e3a96237,3af34a43-f7c8-4a10-833e-b929ef808f8f,黄色潜水艇,True,1067,295,0.2,1264
2,2b6b23bb-e7cd-46fd-b899-a0a9e3a96237,3b81880a-c267-41f8-842f-be557a392611,累西腓鼓,True,1079,261,-0.04,1524
2,2b6b23bb-e7cd-46fd-b899-a0a9e3a96237,3c35e50c-47f9-4e79-bdf1-a0368ab99700,骆驼骑士,True,1073,279,-0.08,1360
2,2b6b23bb-e7cd-46fd-b899-a0a9e3a96237,3cf98f89-d3ee-4eb1-add3-d165adc163da,树懒慢动,True,1022,237,0.33,1140
2,2b6b23bb-e7cd-46fd-b899-a0a9e3a96237,3d74852b-cef9-4536-90d3-ab20c3f1d39a,青金石蓝,True,1077,165,0.33,1376
2,2b6b23bb-e7cd-46fd-b899-a0a9e3a96237,3d7c7ccd-3c62-49de-af2b-51d1b186ca84,西域猛虎,True,1059,175,0.54,1132
2,2b6b23bb-e7cd-46fd-b899-a0a9e3a96237,3e90263d-9aa2-495f-9391-402267f48e45,水手桑普,True,1021,137,0.41,1155
2,2b6b23bb-e7cd-46fd-b899-a0a9e3a96237,3f143543-33be-40b5-9675-d1e965a811eb,东方雄狮,True,1016,212,0.18,1305
2,2b6b23bb-e7cd-46fd-b899-a0a9e3a96237,4158ea87-e495-4b6a-a108-54d8bfaaa5e3,野马奔腾,True,1077,270,0.02,1296
2,2b6b23bb-e7cd-46fd-b899-a0a9e3a96237,417aede9-0129-47b2-937c-94eb89a7d0d8,管道巨头,True,1086,111,0.11,1386
2,2b6b23bb-e7cd-46fd-b899-a0a9e3a96237,438bcce8-4e5c-401e-b640-9593bfb14368,咖啡起源,True,1090,212,0.38,1296
2,2b6b23bb-e7cd-46fd-b899-a0a9e3a96237,45ade8e1-b205-4af3-86af-8250a7841af4,麦加朝圣,True,1082,317,0.24,1397
2,2b6b23bb-e7cd-46fd-b899-a0a9e3a96237,45bfbd60-df67-43c9-9d4a-b721c3b9ded4,Medina之光,True,1088,140,0.2,1552
2,2b6b23bb-e7cd-46fd-b899-a0a9e3a96237,45e56362-3964-4c3e-8f54-f651ae5c735a,水晶石透,True,1061,217,0.19,1152
2,2b6b23bb-e7cd-46fd-b899-a0a9e3a96237,461cbc97-34f7-4cc7-98c0-f5057949a243,五人制王,True,1023,184,0.63,888
2,2b6b23bb-e7cd-46fd-b899-a0a9e3a96237,4a8567a0-344b-4573-a764-34d83833628f,雪虎踏山,True,1039,215,0.21,914
2,2b6b23bb-e7cd-46fd-b899-a0a9e3a96237,4a946e10-f770-42df-a073-e0ff24ad6c3f,烈焰红唇,True,1069,175,0.39,1332
2,2b6b23bb-e7cd-46fd-b899-a0a9e3a96237,4a9502a1-912e-4f71-b915-f14f10dc76a2,安第斯山,True,1115,181,0.2,1578
2,2b6b23bb-e7cd-46fd-b899-a0a9e3a96237,4bf730ae-744d-4cf9-bfed-069e72cb7222,中原飞虎,True,1052,263,0.43,971
2,2b6b23bb-e7cd-46fd-b899-a0a9e3a96237,4cdd75e5-7d1a-4faa-ba6e-b467d791430a,快乐足球,True,1121,221,0.18,1314
2,2b6b23bb-e7cd-46fd-b899-a0a9e3a96237,4d69f07c-49fa-4fc4-871e-38f57ee93c13,美丽游戏,True,1005,236,0.51,1101
2,2b6b23bb-e7cd-46fd-b899-a0a9e3a96237,4d8043ee-95c3-43c9-9652-ff2812f0b778,紫气东来,True,1082,343,0.69,1360
2,2b6b23bb-e7cd-46fd-b899-a0a9e3a96237,4e73d656-18e4-47b7-839f-d07b94c13336,莫莫之王,True,1039,337,0.36,894
2,2b6b23bb-e7cd-46fd-b899-a0a9e3a96237,4eb8d514-91aa-49bb-a361-7b52f7960471,奥格斯堡,True,1141,185,0.38,1428
2,2b6b23bb-e7cd-46fd-b899-a0a9e3a96237,4f4050d5-a81e-4f2c-9fe4-3b691e3a8bb3,床单军团,True,1142,197,0.3,1462
2,2b6b23bb-e7cd-46fd-b899-a0a9e3a96237,52ac1303-aa48-47c0-abfc-e1565cd83a2c,小辣椒莱,True,1058,202,0.58,1335
2,2b6b23bb-e7cd-46fd-b899-a0a9e3a96237,546f1283-41ba-44fc-8ae4-c2f349eab730,铁甲战狮,True,1077,232,0.24,1312
2,2b6b23bb-e7cd-46fd-b899-a0a9e3a96237,55d3b2ad-6730-4fdb-9a5e-3fa20c0ee991,布宜诺斯,True,1077,117,-0.03,1392
2,2b6b23bb-e7cd-46fd-b899-a0a9e3a96237,5607bb46-3924-4699-a221-28b6e75fb2ee,智利红酒,True,1068,225,-0.02,1109
2,2b6b23bb-e7cd-46fd-b899-a0a9e3a96237,56110445-240a-45bb-8e2f-1dee3d3e7825,金鹰破晓,True,1088,199,-0.17,1440
2,2b6b23bb-e7cd-46fd-b899-a0a9e3a96237,564a5213-4a71-4545-bd52-b2958bcdcb5c,苍穹雄鹰,True,1085,316,-0.28,1472
2,2b6b23bb-e7cd-46fd-b899-a0a9e3a96237,56a4d6dd-79ee-4536-bf12-9873eff15482,寒冰领域,True,1058,264,0.74,1255
2,2b6b23bb-e7cd-46fd-b899-a0a9e3a96237,576a1500-e80b-488e-84a4-4d30d5c9f8e2,萨尔瓦多,True,1069,206,0.73,1350
2,2b6b23bb-e7cd-46fd-b899-a0a9e3a96237,58c7685d-d70a-4db2-ba81-82ec60565630,流水无痕,True,1015,244,0.61,1322
2,2b6b23bb-e7cd-46fd-b899-a0a9e3a96237,595645b3-210a-45b7-9719-8194d843afcc,桑巴学校,True,1064,183,0.67,1258
2,2b6b23bb-e7cd-46fd-b899-a0a9e3a96237,59ddcaef-f19f-464e-b647-87378c8e0340,炼油大师,True,1021,142,0.26,1350
2,2b6b23bb-e7cd-46fd-b899-a0a9e3a96237,5d26cab3-5840-4ddc-911e-96966cd04aed,幽冥鬼狼,True,1029,153,0.26,1140
2,2b6b23bb-e7cd-46fd-b899-a0a9e3a96237,5d916859-a4e4-4f4e-b5f5-183e781c1b9f,云豹穿林,True,1066,189,0.41,1308
2,2b6b23bb-e7cd-46fd-b899-a0a9e3a96237,5dbc0c0c-5cae-47c9-b6cb-c56edc170a86,南海蛟龙,True,1064,185,0.29,1361
2,2b6b23bb-e7cd-46fd-b899-a0a9e3a96237,5e79a306-a1b5-4379-a96b-59bc3b243b7f,桑巴舞者,True,998,269,0.45,1022
2,2b6b23bb-e7cd-46fd-b899-a0a9e3a96237,5edb33b0-4b3b-48b7-bddd-2f6b9065fd7b,金字塔尖,True,1075,139,0.51,1120
2,2b6b23bb-e7cd-46fd-b899-a0a9e3a96237,6060f7cb-6bbf-4c2f-b3fc-230422f4ac95,清真美食,True,1086,200,0.38,1328
2,2b6b23bb-e7cd-46fd-b899-a0a9e3a96237,60a04a4b-6df1-4e32-a7bc-68776a385a86,设拉子酒,True,1074,153,0.39,1422
2,2b6b23bb-e7cd-46fd-b899-a0a9e3a96237,61ab2691-a159-4e1a-a1d7-4a16c903ab94,沙漠玫瑰,True,1088,283,0.1,1408
2,2b6b23bb-e7cd-46fd-b899-a0a9e3a96237,620ab27f-f4c9-484d-ad85-b88180b2bf58,马里帝国,True,1084,187,0.43,1296
2,2b6b23bb-e7cd-46fd-b899-a0a9e3a96237,623c06a9-a30a-4bd4-8e29-48f10df92c69,那不勒斯,True,1011,279,0.2,1305
2,2b6b23bb-e7cd-46fd-b899-a0a9e3a96237,6389f794-4ebc-4cd5-a507-216bfbad5745,马丘比丘,True,1068,182,0.24,1264
2,2b6b23bb-e7cd-46fd-b899-a0a9e3a96237,6493de21-509e-4109-afcf-ce60120ae37d,里约狂欢,True,1063,283,0.28,1201
2,2b6b23bb-e7cd-46fd-b899-a0a9e3a96237,676a5416-929a-4ae2-aaea-2adafe7e7f70,丝路驼铃,True,1084,161,0.19,1296
2,2b6b23bb-e7cd-46fd-b899-a0a9e3a96237,68694a58-7731-42d2-8dcf-c6f25948a2af,马穆鲁克,True,1087,223,0.53,1502
2,2b6b23bb-e7cd-46fd-b899-a0a9e3a96237,68bf5a52-1c38-4b6c-b3e4-4ab1b7c50cfe,东北虎啸,True,1114,349,0.39,1173
2,2b6b23bb-e7cd-46fd-b899-a0a9e3a96237,6907c429-2dbb-4fbc-9055-1164a7af9ffa,银龙出海,True,1131,282,0.22,1350
2,2b6b23bb-e7cd-46fd-b899-a0a9e3a96237,694d2373-8e8d-498c-a51f-90db06f1ff51,蓝衣军团,True,1075,292,0.1,1330
2,2b6b23bb-e7cd-46fd-b899-a0a9e3a96237,6a5387c1-7798-4d0b-aef5-87865e2df24f,伊斯法罕,True,1070,234,0.35,1456
2,2b6b23bb-e7cd-46fd-b899-a0a9e3a96237,6b4393e6-c532-409b-be86-40c3930ee94b,红宝石矿,True,1063,228,0.58,1342
2,2b6b23bb-e7cd-46fd-b899-a0a9e3a96237,6cce5283-6611-4cb8-8b9d-a747fb9a7b5d,华南虎威,True,1077,203,0.1,1328
2,2b6b23bb-e7cd-46fd-b899-a0a9e3a96237,6e4c18ef-22ee-42dc-996a-5d28e2e51aed,大马士革,True,994,287,0.17,1137
2,2b6b23bb-e7cd-46fd-b899-a0a9e3a96237,6faf8572-3a96-4145-b8f5-3b8304fc486f,白虎啸天,True,1074,215,0.08,1328
2,2b6b23bb-e7cd-46fd-b899-a0a9e3a96237,71c88dd9-84d5-4415-8a2e-0393e0a55b8d,铁锤帮西汉,True,1082,247,0.28,1408
2,2b6b23bb-e7cd-46fd-b899-a0a9e3a96237,727ee9ce-e0e3-48c4-95a3-c8c8e3976150,金刚鹦鹉,True,1077,182,0.42,1484
2,2b6b23bb-e7cd-46fd-b899-a0a9e3a96237,7362d4e1-093b-469d-b35c-3b9df1e7f633,斗牛士团,True,1086,277,0.6,1504
2,2b6b23bb-e7cd-46fd-b899-a0a9e3a96237,73ad676d-fae2-4a8a-b69d-06d881cb694c,撒哈拉南,True,1077,243,-0.02,1600
2,2b6b23bb-e7cd-46fd-b899-a0a9e3a96237,76ea894a-a987-4cc7-84b6-efbaa896d142,维多利亚,True,1010,310,0.24,1227
2,2b6b23bb-e7cd-46fd-b899-a0a9e3a96237,77c184eb-17cd-4a60-b1ef-d2d25d067708,绿松石绿,True,1074,138,0.05,1449
2,2b6b23bb-e7cd-46fd-b899-a0a9e3a96237,7987e549-b84a-4aa9-9c81-9eb88cd8e9ab,萨拉丁军,True,1084,232,0.53,1520
2,2b6b23bb-e7cd-46fd-b899-a0a9e3a96237,79ff5611-2f63-4a90-9948-420586063a5f,白虹贯日,True,1092,336,-0.0,1424
2,2b6b23bb-e7cd-46fd-b899-a0a9e3a96237,7afb3a3e-6663-4edc-b70c-e13ed8981547,金虎啸月,True,1066,188,0.09,928
2,2b6b23bb-e7cd-46fd-b899-a0a9e3a96237,7b0ab1d7-80c9-4fc1-a7d0-99de970e3d88,星月传奇,True,1138,265,0.29,1530
2,2b6b23bb-e7cd-46fd-b899-a0a9e3a96237,7d71e69b-29f1-4c7d-8de4-bc6a2dccf449,朱雀焚霞,True,1016,138,0.23,1205
2,2b6b23bb-e7cd-46fd-b899-a0a9e3a96237,7dc1a3a9-470b-4a15-af2b-fed9f7ca88a6,十字军东,True,1085,201,0.26,1440
2,2b6b23bb-e7cd-46fd-b899-a0a9e3a96237,7dc3c021-193d-416e-bc57-45e6d3ed8e01,非洲雄狮,True,968,241,0.03,1176
2,2b6b23bb-e7cd-46fd-b899-a0a9e3a96237,7fb53f55-06b4-4131-a874-be848d281649,峨眉女侠,True,1088,298,0.35,1312
2,2b6b23bb-e7cd-46fd-b899-a0a9e3a96237,80130085-d12e-47ab-81f1-c0b8fa674a06,街球之王,True,1070,228,0.29,1504
2,2b6b23bb-e7cd-46fd-b899-a0a9e3a96237,8346aebc-cac4-49bf-a1e2-6fdf6fdc9a60,飓风之眼,True,1148,241,0.52,1292
2,2b6b23bb-e7cd-46fd-b899-a0a9e3a96237,84567e7d-096b-4367-b958-4abdbaecad31,乞力马扎,True,959,233,0.57,1313
2,2b6b23bb-e7cd-46fd-b899-a0a9e3a96237,86036b21-4fa9-47dc-a2fd-9728e0e18feb,红黑恶魔,True,1080,223,0.51,1472
2,2b6b23bb-e7cd-46fd-b899-a0a9e3a96237,8698b7c7-8ee5-457a-beff-b198b61d6c98,南部之星,True,1077,302,0.28,1168
2,2b6b23bb-e7cd-46fd-b899-a0a9e3a96237,8705046a-c699-4ed3-a2a3-bbb9e40e06b3,双峰巨驼,True,1081,239,0.16,1248
2,2b6b23bb-e7cd-46fd-b899-a0a9e3a96237,8900177a-c5ca-40ad-bc40-e240fd6f2d9e,巨象踏天,True,1077,242,0.38,1200
2,2b6b23bb-e7cd-46fd-b899-a0a9e3a96237,89bd5a4e-fd08-4203-b76e-a76e5e40e750,驼峰运输,True,1071,224,0.64,1536
2,2b6b23bb-e7cd-46fd-b899-a0a9e3a96237,8be9eaf8-038f-4155-ab53-13acbff4a34e,凤凰涅槃,True,1078,205,0.63,1347
2,2b6b23bb-e7cd-46fd-b899-a0a9e3a96237,8c09e83c-4838-4d81-ac1d-2fc8970b5996,华山剑客,True,1060,319,0.31,1322
2,2b6b23bb-e7cd-46fd-b899-a0a9e3a96237,8c4bd183-3537-499a-a857-36da5ee3fcb8,天方夜谭,True,1060,238,0.59,1368
2,2b6b23bb-e7cd-46fd-b899-a0a9e3a96237,8d55034d-d964-4216-a678-6b492b254d3a,金狼逐日,True,1077,242,0.39,1494
2,2b6b23bb-e7cd-46fd-b899-a0a9e3a96237,90127a81-e457-4c9d-9981-9a1d54ee9dc9,石油大亨,True,1151,185,0.56,1445
2,2b6b23bb-e7cd-46fd-b899-a0a9e3a96237,902585f2-0a29-457b-a8a7-6231e080c089,辛巴达航,True,1078,208,0.21,1154
2,2b6b23bb-e7cd-46fd-b899-a0a9e3a96237,9192b63a-62eb-41f8-8294-4e8ed7b21cc4,银狼啸天,True,1057,174,0.5,1111
2,2b6b23bb-e7cd-46fd-b899-a0a9e3a96237,93d4a341-f696-4847-9963-39f49030f4c9,太妃糖埃弗,True,1018,253,0.29,1425
2,2b6b23bb-e7cd-46fd-b899-a0a9e3a96237,93f33371-f5bd-4f80-8652-b48419599822,雪山神鹰,True,1121,201,0.76,1343
2,2b6b23bb-e7cd-46fd-b899-a0a9e3a96237,95d02f9a-0c37-49b7-9a61-518ac5f7ef2c,复活节岛,True,1084,203,0.17,1427
2,2b6b23bb-e7cd-46fd-b899-a0a9e3a96237,95e4042e-52de-4df6-b5c9-7bc15fe0e2c6,库尔德勇,True,1061,276,0.35,1174
2,2b6b23bb-e7cd-46fd-b899-a0a9e3a96237,97bd3ccc-820c-47fd-8ff0-1acbd2dd5b90,水蟒巨蛇,True,1074,233,0.33,1315
2,2b6b23bb-e7cd-46fd-b899-a0a9e3a96237,985d0af0-92b6-4101-a859-b4b3ade0c9c4,少林武僧,True,1102,254,0.03,1620
2,2b6b23bb-e7cd-46fd-b899-a0a9e3a96237,98d30838-3492-4b0c-8322-4314995bd393,一千零一夜,True,1138,317,0.04,1462
2,2b6b23bb-e7cd-46fd-b899-a0a9e3a96237,99300516-f774-4dff-8748-c4f8fa826f46,阿根廷梦,True,1007,230,0.08,1412
2,2b6b23bb-e7cd-46fd-b899-a0a9e3a96237,998ee0cd-7f64-4845-9225-151320635338,赫塔菲蓝,True,1090,116,0.16,1472
2,2b6b23bb-e7cd-46fd-b899-a0a9e3a96237,99b60819-3bb0-4ea6-a313-e0e25f54fe6b,沙漠商队,True,1085,155,0.01,1344
2,2b6b23bb-e7cd-46fd-b899-a0a9e3a96237,9a5d0d3c-b55b-4916-a8b2-f1259690c986,祖鲁战士,True,1079,139,0.63,1296
2,2b6b23bb-e7cd-46fd-b899-a0a9e3a96237,9b967cfb-d53b-40d1-bafa-aa907b8d0163,凯门鳄凶,True,1073,206,0.42,1339
2,2b6b23bb-e7cd-46fd-b899-a0a9e3a96237,9bbd18bf-ab3c-443c-9ff6-e552d4f5fef6,蓝军切尔西,True,1067,156,0.35,1374
2,2b6b23bb-e7cd-46fd-b899-a0a9e3a96237,9c415d32-dffa-4665-a9dd-71efc490b763,清真寺塔,True,1078,239,0.38,1312
2,2b6b23bb-e7cd-46fd-b899-a0a9e3a96237,9cd1ad3c-d8fb-4218-a634-2488d4756d21,尼罗河神,True,1031,213,0.3,1240
2,2b6b23bb-e7cd-46fd-b899-a0a9e3a96237,9d7bbfa0-9c00-41c4-a6a5-846ae2fdfac4,阿拉伯舞,True,1069,269,0.53,1437
2,2b6b23bb-e7cd-46fd-b899-a0a9e3a96237,9d8b1cbe-4b94-4e17-9c47-a4a902b851d7,非洲大象,True,1024,196,0.12,1290
2,2b6b23bb-e7cd-46fd-b899-a0a9e3a96237,9df8fe36-708a-48f0-907f-d29e4b838083,足球精灵,True,1048,168,0.26,1193
2,2b6b23bb-e7cd-46fd-b899-a0a9e3a96237,a0a40c58-92e7-4ee8-a1bd-d2ea7bfe8908,薛西斯军,True,1064,156,0.33,1171
2,2b6b23bb-e7cd-46fd-b899-a0a9e3a96237,a0c9921b-5fca-46a9-9356-3fc9360e0253,祖母绿光,True,1079,226,0.22,1288
2,2b6b23bb-e7cd-46fd-b899-a0a9e3a96237,a2332c17-c381-4780-b589-94c4f12f1991,克鲁格园,True,1137,226,0.36,1455
2,2b6b23bb-e7cd-46fd-b899-a0a9e3a96237,a28c9ba2-440b-487e-bbf2-ccc2d2cfb323,飞驴切沃,True,1085,204,0.09,1344
2,2b6b23bb-e7cd-46fd-b899-a0a9e3a96237,a4bd10dd-8eb2-4436-af34-ca71729a7606,美因茨红,True,950,165,0.33,1179
2,2b6b23bb-e7cd-46fd-b899-a0a9e3a96237,a4c7a0b3-a574-48a6-8f5b-e87bf47b17bd,药厂勒沃,True,1025,171,0.61,1296
2,2b6b23bb-e7cd-46fd-b899-a0a9e3a96237,a513e312-2947-41ac-8191-76c13178ef90,沙漠孤鹰,True,1073,198,0.34,1488
2,2b6b23bb-e7cd-46fd-b899-a0a9e3a96237,a5671302-f5d6-497a-ae3f-c39c2f4eead3,日耳曼战,True,1143,202,0.5,1611
2,2b6b23bb-e7cd-46fd-b899-a0a9e3a96237,a729c9b9-d105-471a-bb71-ffd3bf626fbf,麒麟踏云,True,1084,214,0.42,1552
2,2b6b23bb-e7cd-46fd-b899-a0a9e3a96237,a77b1305-eb69-4e84-a3b0-a68c1ed073e5,红魔曼联,True,1120,222,0.44,1211
2,2b6b23bb-e7cd-46fd-b899-a0a9e3a96237,a7997283-358e-4c86-bb5c-1bbe865b736a,农场主富勒,True,1046,147,0.43,1314
2,2b6b23bb-e7cd-46fd-b899-a0a9e3a96237,a8b4d912-316d-4247-a375-5237b6dd9517,青龙偃月,True,1059,210,0.58,1120
2,2b6b23bb-e7cd-46fd-b899-a0a9e3a96237,a8daeebf-77a6-467b-af74-82520b31d1df,食蚁兽长,True,1073,175,0.51,1445
2,2b6b23bb-e7cd-46fd-b899-a0a9e3a96237,a8f5236d-ed25-4d79-9fbc-2a6e237590f4,阿里巴巴,True,1080,253,-0.1,1296
2,2b6b23bb-e7cd-46fd-b899-a0a9e3a96237,a9abf299-7238-49ce-9147-f3a64cc2ce1b,公牛都灵,True,1150,330,0.25,1693
2,2b6b23bb-e7cd-46fd-b899-a0a9e3a96237,a9b5b0e7-7b38-4883-8a10-f08b6e204fd0,狼堡沃尔夫,True,1092,226,0.26,1520
2,2b6b23bb-e7cd-46fd-b899-a0a9e3a96237,a9e2ee7c-196e-406b-8a61-7a12de641391,猫眼石闪,True,1081,230,0.13,1302
2,2b6b23bb-e7cd-46fd-b899-a0a9e3a96237,aac28b58-decc-4ebb-b817-1a1b4b7ed73a,阿拉维斯,True,1068,210,0.45,1400
2,2b6b23bb-e7cd-46fd-b899-a0a9e3a96237,aadbd3a9-b5b8-40b3-bc10-fa7795c32060,蜜蜂布伦特,True,1080,122,0.44,1296
2,2b6b23bb-e7cd-46fd-b899-a0a9e3a96237,ad25703e-0053-415e-8523-0d2730ac9365,狼队伍尔弗,True,1063,146,0.64,1312
2,2b6b23bb-e7cd-46fd-b899-a0a9e3a96237,ad44aa92-5680-4336-b85b-25d37bcc796f,大黄蜂多,True,1062,213,0.52,1380
2,2b6b23bb-e7cd-46fd-b899-a0a9e3a96237,ae6dc05a-edf4-460a-8f15-00a7210e38db,老鹰水晶宫,True,1015,196,0.2,1275
2,2b6b23bb-e7cd-46fd-b899-a0a9e3a96237,ae87bcfc-d77a-4910-8d64-9fc17100da25,角马迁徙,True,1069,158,0.28,1408
2,2b6b23bb-e7cd-46fd-b899-a0a9e3a96237,af0a19de-6d42-4cff-8708-16eb0a12603c,马略卡岛,True,1071,252,-0.3,1605
2,2b6b23bb-e7cd-46fd-b899-a0a9e3a96237,b04ea948-66e6-4998-863f-bcbc9927f0c7,食人鱼群,True,1083,203,0.5,1487
2,2b6b23bb-e7cd-46fd-b899-a0a9e3a96237,b324d8ce-d613-460e-87db-74ad94d92d35,枪手兵工厂,True,1051,203,0.32,864
2,2b6b23bb-e7cd-46fd-b899-a0a9e3a96237,b4107dca-e269-4f3a-8ab1-a36b3e309113,红军利物浦,True,988,172,0.22,795
2,2b6b23bb-e7cd-46fd-b899-a0a9e3a96237,b4921016-e7cb-4a6a-b6b1-be4c5a053f7b,青云直上,True,1088,309,0.28,1488
2,2b6b23bb-e7cd-46fd-b899-a0a9e3a96237,b60163ef-97d5-4976-8fed-85ae5dfc5b3f,塞尔塔天,True,1048,311,0.74,1104
2,2b6b23bb-e7cd-46fd-b899-a0a9e3a96237,b6d8396d-19f1-4386-88e0-93a3818eef4a,斑马条纹,True,1143,212,0.62,1396
2,2b6b23bb-e7cd-46fd-b899-a0a9e3a96237,b6dd5442-7f02-480a-9abd-e47600d0cfe6,金石为开,True,1067,227,0.57,1252
2,2b6b23bb-e7cd-46fd-b899-a0a9e3a96237,b757ce5d-d52d-4f60-93fe-8f5613340a47,乌拉圭牛,True,1055,259,0.17,1267
2,2b6b23bb-e7cd-46fd-b899-a0a9e3a96237,b77ab317-4751-4e3a-aca1-21cad5ef5341,狂熊撼地,True,1080,273,0.27,1538
2,2b6b23bb-e7cd-46fd-b899-a0a9e3a96237,b9010125-c177-46f0-ac56-eda4ec51d4f8,红尘滚滚,True,1060,321,0.23,1184
2,2b6b23bb-e7cd-46fd-b899-a0a9e3a96237,b9155ad9-e3b9-436a-af60-85e08ee184d9,钢铁柏林,True,1040,257,0.62,1278
2,2b6b23bb-e7cd-46fd-b899-a0a9e3a96237,bc4fdf86-d4fc-406e-b527-32b06cd5f360,印加帝国,True,1083,250,0.34,1376
2,2b6b23bb-e7cd-46fd-b899-a0a9e3a96237,bca64a9c-5aa4-4b59-a840-dccca22ca4ec,美洲豹王,True,1067,224,0.66,1024
2,2b6b23bb-e7cd-46fd-b899-a0a9e3a96237,be2cac80-28c9-42b2-b208-fe897bc8bf38,紫电鹰扬,True,1078,175,0.33,1184
2,2b6b23bb-e7cd-46fd-b899-a0a9e3a96237,bff686b7-f43b-4ee6-ab47-65f08e42f3e7,闪电杰尼,False,1005,214,0.0,1388
2,2b6b23bb-e7cd-46fd-b899-a0a9e3a96237,c2e849d6-e49c-42a2-aded-da25324efa95,潘帕斯草,True,1033,196,0.27,1442
2,2b6b23bb-e7cd-46fd-b899-a0a9e3a96237,c3a306c8-0370-4557-b17a-8cdc9b246873,金毛狮王,True,1062,259,0.24,1422
2,2b6b23bb-e7cd-46fd-b899-a0a9e3a96237,c567348e-56d2-41b5-b3bf-f12c1877cf25,绿茵魔术师,True,1065,120,0.61,1223
2,2b6b23bb-e7cd-46fd-b899-a0a9e3a96237,c5695aa8-498f-413e-b73b-3d10e4c4ffff,蝙蝠军团,True,1083,180,0.57,1488
2,2b6b23bb-e7cd-46fd-b899-a0a9e3a96237,c866a5c5-bf7f-4657-927d-b32818896bd3,马赛勇士,True,1087,260,0.55,1440
2,2b6b23bb-e7cd-46fd-b899-a0a9e3a96237,c8c72df5-e356-4b13-8e8f-ec88b7674dd2,紫百合佛,True,967,188,0.52,1204
2,2b6b23bb-e7cd-46fd-b899-a0a9e3a96237,c9103d51-f0d0-4508-bbbc-cd0e215b80cb,三狮军团,True,1115,304,0.11,1411
2,2b6b23bb-e7cd-46fd-b899-a0a9e3a96237,c94a55b6-39c8-4129-81c7-f3b325e407be,沙漠之舟,True,1066,262,0.21,1413
2,2b6b23bb-e7cd-46fd-b899-a0a9e3a96237,c9dd425d-59a1-4fa5-83c9-4b7ce2f7f429,巴塔哥尼,True,1053,153,0.49,925
2,2b6b23bb-e7cd-46fd-b899-a0a9e3a96237,cce953b5-24b2-4111-b169-c7ee24250baa,塞维利业,True,994,209,0.19,945
2,2b6b23bb-e7cd-46fd-b899-a0a9e3a96237,ced36a6a-ff76-4d6e-b530-155bef975c6f,纳斯卡线,True,1068,188,0.64,1204
2,2b6b23bb-e7cd-46fd-b899-a0a9e3a96237,cf38b978-2024-45a7-8f20-99dfe99fa0b8,格拉纳达,True,967,143,0.18,1176
2,2b6b23bb-e7cd-46fd-b899-a0a9e3a96237,cfbaab7e-1b94-4a03-b11d-ffe126ca94ae,刚果雨林,True,1059,299,0.11,1445
2,2b6b23bb-e7cd-46fd-b899-a0a9e3a96237,d05a7cac-77cc-4fa9-8eba-d3db36881a4f,矿工沙尔,True,1055,185,0.11,1030
2,2b6b23bb-e7cd-46fd-b899-a0a9e3a96237,d1528662-c97b-4af7-ab2f-e98b795cdda4,斯图加特,True,1071,236,0.28,1373
2,2b6b23bb-e7cd-46fd-b899-a0a9e3a96237,d1c0d939-c777-4a8e-b87d-ede88c6e6abe,火狼焚原,True,1084,215,0.27,1520
2,2b6b23bb-e7cd-46fd-b899-a0a9e3a96237,d20dd201-3871-43d1-afee-f407f87659b4,居鲁士帝,True,1052,181,0.38,1027
2,2b6b23bb-e7cd-46fd-b899-a0a9e3a96237,d3286bd6-52f2-4571-afb5-cd2c361ab8ab,阿拉丁灯,True,1025,326,0.62,1230
2,2b6b23bb-e7cd-46fd-b899-a0a9e3a96237,d3b66902-aa7c-408c-a3a8-2343ebc9cbe0,犀牛冲撞,True,1022,255,-0.01,1146
2,2b6b23bb-e7cd-46fd-b899-a0a9e3a96237,d4b06680-c802-4b4f-8fd1-33bea289ade2,西海金龙,True,1090,144,0.4,1632
2,2b6b23bb-e7cd-46fd-b899-a0a9e3a96237,d69d7488-960a-4778-a79c-a0330172ef4a,绿白贝蒂,True,1073,252,0.5,1061
2,2b6b23bb-e7cd-46fd-b899-a0a9e3a96237,d871b731-c80d-4872-b5b2-59a8a7b126ee,圣保罗彩,True,1078,205,0.35,1530
2,2b6b23bb-e7cd-46fd-b899-a0a9e3a96237,d89a5197-5cc5-4e06-971e-c198e16e5d18,桑布露族,True,1087,102,0.33,1488
2,2b6b23bb-e7cd-46fd-b899-a0a9e3a96237,da33e4ad-66d5-433e-93ba-366a9c2daf3f,非洲野牛,True,1075,190,0.02,1383
2,2b6b23bb-e7cd-46fd-b899-a0a9e3a96237,da7e1fb6-644f-4f12-ac90-d8a9cf2d9645,真蓝黑亚,True,1095,238,0.51,1536
2,2b6b23bb-e7cd-46fd-b899-a0a9e3a96237,de554813-103d-4ab7-a7b0-030d80a26303,阿拉伯军,True,1080,168,0.48,1565
2,2b6b23bb-e7cd-46fd-b899-a0a9e3a96237,de838a52-9057-4623-a707-fd29fd23e02c,霍村霍芬,True,1070,230,0.29,1158
2,2b6b23bb-e7cd-46fd-b899-a0a9e3a96237,df0c3811-9f00-451e-bd0a-4d22f839f910,红狼罗马,True,1093,210,0.49,1360
2,2b6b23bb-e7cd-46fd-b899-a0a9e3a96237,df0cf5b2-3259-4822-b945-261c54e430ba,红牛莱比,True,1060,246,0.64,1339
2,2b6b23bb-e7cd-46fd-b899-a0a9e3a96237,df29d5d7-141c-470c-b226-c2c18994aa4b,蓝鹰拉齐,True,1084,191,0.67,1392
2,2b6b23bb-e7cd-46fd-b899-a0a9e3a96237,e0c9eea6-67ef-4e89-adff-55007cad963b,撒丁岛卡,True,1080,216,0.2,1312
2,2b6b23bb-e7cd-46fd-b899-a0a9e3a96237,e1027b61-123f-401b-b628-e0b3a79eaea6,阿散蒂金,True,1137,293,0.51,1757
2,2b6b23bb-e7cd-46fd-b899-a0a9e3a96237,e1c28409-400e-4cae-b1a2-bf81ab44ac90,拉普拉塔,True,1017,237,0.1,1275
2,2b6b23bb-e7cd-46fd-b899-a0a9e3a96237,e1ee3921-d9a9-48ce-a389-3fa4d0dcbf50,草原战狼,True,1087,182,0.29,1440
2,2b6b23bb-e7cd-46fd-b899-a0a9e3a96237,e5e69a4d-63f0-4e62-addb-b51923c6289b,巴斯克雄,True,1065,182,0.55,1459
2,2b6b23bb-e7cd-46fd-b899-a0a9e3a96237,e5f8b687-80b4-4e5b-9398-0f67c674604a,绿洲明珠,True,1128,138,0.31,1411
2,2b6b23bb-e7cd-46fd-b899-a0a9e3a96237,e6003d82-a938-4dc4-864c-b63501f2ae70,尼罗河源,True,1020,242,0.66,1140
2,2b6b23bb-e7cd-46fd-b899-a0a9e3a96237,e8069429-7f4a-4735-a309-c9f73c6a9942,能源霸主,True,1075,196,0.25,1104
2,2b6b23bb-e7cd-46fd-b899-a0a9e3a96237,e87b425e-c078-458e-8712-5812eb2007cd,赤龙焚天,True,1055,225,0.86,1206
2,2b6b23bb-e7cd-46fd-b899-a0a9e3a96237,e94e5257-ab68-4ad7-847b-1173ce6578be,图西胡图,True,1087,342,0.35,1504
2,2b6b23bb-e7cd-46fd-b899-a0a9e3a96237,e9dd35ad-da38-4f78-8495-797e678b3c20,香料之路,True,1075,216,0.31,1104
2,2b6b23bb-e7cd-46fd-b899-a0a9e3a96237,eb2f1e87-4901-4c3f-93e5-4bc8a6a03f06,土耳其近,True,1142,376,0.02,1601
2,2b6b23bb-e7cd-46fd-b899-a0a9e3a96237,ed5c6eb4-7eaa-4484-8711-9333b2d11b16,波斯地毯,True,1078,215,0.56,1414
2,2b6b23bb-e7cd-46fd-b899-a0a9e3a96237,eeb45694-9f5a-4bb9-ab06-6b9b79d06670,紫电龙骑,True,1070,219,-0.06,1520
2,2b6b23bb-e7cd-46fd-b899-a0a9e3a96237,f040b65b-6bca-4d22-8209-5db13b34e775,探戈情人,True,1064,175,0.18,1200
2,2b6b23bb-e7cd-46fd-b899-a0a9e3a96237,f0be488b-4f4e-4f97-9eb1-8868116d7b93,小海马萨,True,1144,235,0.37,1666
2,2b6b23bb-e7cd-46fd-b899-a0a9e3a96237,f0c2b81f-e7a2-4001-8b08-d92dea47338f,不来梅绿,True,1103,291,0.37,1585
2,2b6b23bb-e7cd-46fd-b899-a0a9e3a96237,f13044b1-6e84-4b16-8f06-e695944e0bb7,亚马逊河,True,1069,190,0.54,1141
2,2b6b23bb-e7cd-46fd-b899-a0a9e3a96237,f239bd15-2cb8-4f6d-9d6f-5adea01696ff,圣徒南安普,True,1085,268,-0.02,1527
2,2b6b23bb-e7cd-46fd-b899-a0a9e3a96237,f37aae86-41db-49a2-be9f-d239ed67a9d7,玛瑙石红,True,1082,158,0.37,1440
2,2b6b23bb-e7cd-46fd-b899-a0a9e3a96237,f3ec8fde-fe3c-43c9-aec6-6084ea0ce620,汽油骑士,True,1067,225,0.04,1136
2,2b6b23bb-e7cd-46fd-b899-a0a9e3a96237,f5fab24c-152b-4150-ae51-5faa82e9aff4,白百合热,True,1055,282,0.17,1282
2,2b6b23bb-e7cd-46fd-b899-a0a9e3a96237,fb87ae66-a9df-487c-ab8a-5840eeac1d07,雷霆万钧,True,1061,201,0.28,1407
2,2b6b23bb-e7cd-46fd-b899-a0a9e3a96237,fc06cf91-c305-493c-84ba-bd93802991fc,热带雨林,True,1082,280,0.15,1312
2,2b6b23bb-e7cd-46fd-b899-a0a9e3a96237,fd2d0447-d660-47dd-a0dc-12f7ebfc2e65,银河战舰,True,1061,181,0.34,1171
2,2b6b23bb-e7cd-46fd-b899-a0a9e3a96237,fd2f2ffd-b02d-4117-b2aa-f0c1c9b83553,森林之语,True,1091,293,0.35,1584
2,2b6b23bb-e7cd-46fd-b899-a0a9e3a96237,fdb06b8f-684f-4761-b62e-22e64c5971b5,波斯猫王,True,1034,235,0.18,1275
2,2b6b23bb-e7cd-46fd-b899-a0a9e3a96237,fde969e3-86ac-462d-bbc1-963eab38b504,沙漠之狐,True,1138,298,0.32,1309
2,2b6b23bb-e7cd-46fd-b899-a0a9e3a96237,fe128fb9-67f0-4d49-80e5-bb6292a71be2,铁翼飞鹰,True,1076,207,0.27,1296
2,2b6b23bb-e7cd-46fd-b899-a0a9e3a96237,ff2dd69b-ac4c-4ce3-af23-521daf536eed,斑马军团,True,1088,233,0.28,1344
2,2b6b23bb-e7cd-46fd-b899-a0a9e3a96237,ff55cef1-9862-4d72-9ba4-3d241938741b,巴格达城,True,1124,224,0.27,1287
3,cb06dd19-381c-4513-8a9b-17b6e349adde,00983e2e-e8bd-47be-a022-5774b994caa7,蓝黑战士,True,1079,217,-0.25,1550
3,cb06dd19-381c-4513-8a9b-17b6e349adde,0192de1b-b1f4-4f4b-af0f-934452bda0d1,武当太极,True,1140,293,0.39,1694
3,cb06dd19-381c-4513-8a9b-17b6e349adde,02674860-147a-44e2-843a-da5f0e9f81bc,蓝宝石海,True,1156,228,0.14,1666
3,cb06dd19-381c-4513-8a9b-17b6e349adde,03832f41-a31c-4d42-a687-158df7a831d7,魔毯飞行,True,1130,244,0.51,1620
3,cb06dd19-381c-4513-8a9b-17b6e349adde,090b2c3b-fb42-4eaa-a978-2463ed4dc234,玄武镇海,True,1079,255,0.11,1040
3,cb06dd19-381c-4513-8a9b-17b6e349adde,0a5b6a82-d483-486a-9d11-592a154fbf0c,绿洲驼队,True,1137,145,0.52,1366
3,cb06dd19-381c-4513-8a9b-17b6e349adde,0fc36386-3ee4-4343-9c56-3b6ccc661da3,猎豹闪电,True,1143,295,-0.03,1487
3,cb06dd19-381c-4513-8a9b-17b6e349adde,1135d594-4576-4c49-8126-ef5d77f4c9de,烈焰狂狮,True,1079,161,0.21,1444
3,cb06dd19-381c-4513-8a9b-17b6e349adde,11bbc8df-418e-40ea-a638-3ee287139ed6,雪豹冰山,True,1073,251,0.52,1251
3,cb06dd19-381c-4513-8a9b-17b6e349adde,121a8ce8-a60e-4dbc-8943-f888ae0138df,波斯勇士,True,1071,207,0.53,1376
3,cb06dd19-381c-4513-8a9b-17b6e349adde,12b9b35d-129c-462a-b966-ec1e353e0928,苍鹰搏兔,True,1080,176,0.32,1423
3,cb06dd19-381c-4513-8a9b-17b6e349adde,13ff2225-f620-4205-8acb-fc3b5053862a,非洲犀牛,True,1138,295,0.26,1547
3,cb06dd19-381c-4513-8a9b-17b6e349adde,163b7787-c249-4bfa-8242-a0f2b860d2cf,大地之力,True,1072,309,-0.1,1410
3,cb06dd19-381c-4513-8a9b-17b6e349adde,1737da78-c242-462b-8962-3694873576be,雄鹰法兰,True,1131,226,0.38,1661
3,cb06dd19-381c-4513-8a9b-17b6e349adde,18090434-c547-4e31-bc35-c7efb038c31d,宇宙巴萨,True,1085,275,0.32,1280
3,cb06dd19-381c-4513-8a9b-17b6e349adde,1950e07c-a077-441f-b406-16b12daa45c7,西班牙人,True,1077,254,0.27,1347
3,cb06dd19-381c-4513-8a9b-17b6e349adde,19d4e548-1c7f-4706-a0df-f0446a99c617,金豹捕猎,True,1088,289,0.13,1488
3,cb06dd19-381c-4513-8a9b-17b6e349adde,1a3f033a-4e73-46cb-8f58-d20c32e04fd2,西域雪狼,True,1028,184,-0.0,1054
3,cb06dd19-381c-4513-8a9b-17b6e349adde,1c91e42f-e538-4301-89c5-50c7324055dc,高乔骑士,True,1032,203,0.47,1025
3,cb06dd19-381c-4513-8a9b-17b6e349adde,1e00f974-ec58-4b4c-be20-faf412d9027e,汉诺威红,True,1091,188,0.14,1440
3,cb06dd19-381c-4513-8a9b-17b6e349adde,1f522e60-e720-4a28-a30d-1352879957b4,弯月之星,True,1118,209,0.26,1224
3,cb06dd19-381c-4513-8a9b-17b6e349adde,1fc0382f-e8e4-4817-8a9b-86acd3f47e81,冰狼踏雪,True,1065,165,0.18,1225
3,cb06dd19-381c-4513-8a9b-17b6e349adde,20979679-9c36-4bfc-8639-cd644706a4f1,皇家社会,True,1124,188,0.31,1397
3,cb06dd19-381c-4513-8a9b-17b6e349adde,2125a9ec-76c0-4c3f-90e8-039afd4c2e5e,山楂球西布,True,1082,255,0.32,1312
3,cb06dd19-381c-4513-8a9b-17b6e349adde,225a9ffb-e671-4019-93cc-cbc6572216de,草原猎鹰,True,1072,239,0.01,1136
3,cb06dd19-381c-4513-8a9b-17b6e349adde,23d24ae7-74bc-4ad2-9b70-0df8e9f10c5d,威尼斯假,True,1088,223,0.44,1504
3,cb06dd19-381c-4513-8a9b-17b6e349adde,242e04d1-fbaf-4773-9832-f963bb36cdbf,贝都因骑,True,1041,229,-0.07,1509
3,cb06dd19-381c-4513-8a9b-17b6e349adde,2465461a-8563-46cd-873a-baaa6a467841,大流士王,True,1077,348,0.31,1248
3,cb06dd19-381c-4513-8a9b-17b6e349adde,246f43f2-0e83-4eb6-8f73-abd9beda391d,蓝月亮城,True,1113,111,0.11,1663
3,cb06dd19-381c-4513-8a9b-17b6e349adde,249c854a-a6cf-4ef6-b379-4253c33a08f4,非洲猎豹,True,1114,259,0.49,1171
3,cb06dd19-381c-4513-8a9b-17b6e349adde,24ee4c01-522f-45bb-b7b2-f6a47a1598d3,罗马狼王,True,1146,215,0.48,1581
3,cb06dd19-381c-4513-8a9b-17b6e349adde,2678b819-3da4-4304-a4fc-0973fd2f630e,塞伦盖蒂,True,1073,175,0.39,1389
3,cb06dd19-381c-4513-8a9b-17b6e349adde,274fc978-b187-40f1-ab2e-8de5ba54d181,天然气王,True,1073,341,-0.13,1152
3,cb06dd19-381c-4513-8a9b-17b6e349adde,27550134-d903-4055-ab54-4af1341d4314,撒哈拉驼,True,1038,194,-0.0,1158
3,cb06dd19-381c-4513-8a9b-17b6e349adde,278885b1-f652-4775-92de-8dcd14d9bc93,图阿雷格,True,1065,367,0.18,1232
3,cb06dd19-381c-4513-8a9b-17b6e349adde,27a76999-b51f-4c41-b3d6-da7989a5c411,黑虎掏心,True,1123,220,0.59,1354
3,cb06dd19-381c-4513-8a9b-17b6e349adde,296adf8c-b827-4c9d-8bb5-41e1f387f372,水豚憨态,True,1091,237,0.28,1424
3,cb06dd19-381c-4513-8a9b-17b6e349adde,2aab03b8-1a68-409b-b46b-324058dca0c6,科隆山羊,True,999,209,0.32,1307
3,cb06dd19-381c-4513-8a9b-17b6e349adde,2b6cd430-daf3-4110-b52c-78be813d14e5,刚果王国,True,1120,221,0.26,1371
3,cb06dd19-381c-4513-8a9b-17b6e349adde,2d385586-589a-4f5c-8534-6ff244cf310c,阿拉伯夜,True,1135,237,0.22,1377
3,cb06dd19-381c-4513-8a9b-17b6e349adde,2e48ed42-88f4-4899-9cf5-ecad75931d4a,北方苍狼,True,1084,182,0.06,1360
3,cb06dd19-381c-4513-8a9b-17b6e349adde,2e94468c-2436-4f60-80d5-78d7147a1bb6,石化巨人,True,1085,313,-0.26,1296
3,cb06dd19-381c-4513-8a9b-17b6e349adde,2f61c6ea-7c93-4f2f-807a-9c17b26fd688,长颈鹿颈,True,1082,271,0.44,1392
3,cb06dd19-381c-4513-8a9b-17b6e349adde,2fa52165-4377-45e5-8d06-9e18100f6c99,北海苍龙,True,1118,255,0.21,1309
3,cb06dd19-381c-4513-8a9b-17b6e349adde,317e8d83-dc2d-4179-8a43-55ef610cd565,沙滩足球,True,1034,243,0.2,1393
3,cb06dd19-381c-4513-8a9b-17b6e349adde,33e39c40-1488-4a7e-8145-00280a237aed,花车巡游,True,1084,197,0.03,1472
3,cb06dd19-381c-4513-8a9b-17b6e349adde,3616958e-ca58-4b30-91ed-d810a9409d5b,大津巴布,True,1144,244,0.07,1479
3,cb06dd19-381c-4513-8a9b-17b6e349adde,37af924e-79a8-4895-8c85-c8c3a43d0ce0,马赛马拉,True,1079,181,0.35,1536
3,cb06dd19-381c-4513-8a9b-17b6e349adde,37d0221b-b783-41ef-ba45-4afbadfcca2e,黑金帝国,True,1074,202,0.18,1447
3,cb06dd19-381c-4513-8a9b-17b6e349adde,37e823df-a354-48ba-9cb9-a5f2aa80b09e,单峰快驼,True,1128,298,0.45,1169
3,cb06dd19-381c-4513-8a9b-17b6e349adde,3850a89f-9b56-43e4-886c-b239f5a141b1,喜鹊纽卡,True,1096,233,0.72,1203
3,cb06dd19-381c-4513-8a9b-17b6e349adde,3af34a43-f7c8-4a10-833e-b929ef808f8f,黄色潜水艇,True,1132,270,0.15,1670
3,cb06dd19-381c-4513-8a9b-17b6e349adde,3b81880a-c267-41f8-842f-be557a392611,累西腓鼓,True,1080,206,-0.19,1488
3,cb06dd19-381c-4513-8a9b-17b6e349adde,3c35e50c-47f9-4e79-bdf1-a0368ab99700,骆驼骑士,True,1149,296,-0.25,1751
3,cb06dd19-381c-4513-8a9b-17b6e349adde,3cf98f89-d3ee-4eb1-add3-d165adc163da,树懒慢动,True,1076,208,0.16,1393
3,cb06dd19-381c-4513-8a9b-17b6e349adde,3d74852b-cef9-4536-90d3-ab20c3f1d39a,青金石蓝,True,1144,189,0.11,1666
3,cb06dd19-381c-4513-8a9b-17b6e349adde,3d7c7ccd-3c62-49de-af2b-51d1b186ca84,西域猛虎,True,1143,119,0.37,1462
3,cb06dd19-381c-4513-8a9b-17b6e349adde,3e90263d-9aa2-495f-9391-402267f48e45,水手桑普,True,1071,133,0.34,1200
3,cb06dd19-381c-4513-8a9b-17b6e349adde,3f143543-33be-40b5-9675-d1e965a811eb,东方雄狮,True,1084,232,0.2,1444
3,cb06dd19-381c-4513-8a9b-17b6e349adde,4158ea87-e495-4b6a-a108-54d8bfaaa5e3,野马奔腾,True,1132,178,-0.02,1374
3,cb06dd19-381c-4513-8a9b-17b6e349adde,417aede9-0129-47b2-937c-94eb89a7d0d8,管道巨头,True,1042,160,-0.12,1066
3,cb06dd19-381c-4513-8a9b-17b6e349adde,438bcce8-4e5c-401e-b640-9593bfb14368,咖啡起源,True,1081,254,0.3,1344
3,cb06dd19-381c-4513-8a9b-17b6e349adde,45ade8e1-b205-4af3-86af-8250a7841af4,麦加朝圣,True,1087,282,0.06,1479
3,cb06dd19-381c-4513-8a9b-17b6e349adde,45bfbd60-df67-43c9-9d4a-b721c3b9ded4,Medina之光,True,1068,150,0.07,1433
3,cb06dd19-381c-4513-8a9b-17b6e349adde,45e56362-3964-4c3e-8f54-f651ae5c735a,水晶石透,True,1144,256,0.46,1496
3,cb06dd19-381c-4513-8a9b-17b6e349adde,461cbc97-34f7-4cc7-98c0-f5057949a243,五人制王,True,1086,178,0.41,1472
3,cb06dd19-381c-4513-8a9b-17b6e349adde,4a8567a0-344b-4573-a764-34d83833628f,雪虎踏山,True,1137,209,0.08,1428
3,cb06dd19-381c-4513-8a9b-17b6e349adde,4a946e10-f770-42df-a073-e0ff24ad6c3f,烈焰红唇,True,1081,156,0.5,1322
3,cb06dd19-381c-4513-8a9b-17b6e349adde,4a9502a1-912e-4f71-b915-f14f10dc76a2,安第斯山,True,1111,206,0.36,1532
3,cb06dd19-381c-4513-8a9b-17b6e349adde,4bf730ae-744d-4cf9-bfed-069e72cb7222,中原飞虎,True,993,203,0.49,804
3,cb06dd19-381c-4513-8a9b-17b6e349adde,4cdd75e5-7d1a-4faa-ba6e-b467d791430a,快乐足球,True,1131,209,0.02,1320
3,cb06dd19-381c-4513-8a9b-17b6e349adde,4d69f07c-49fa-4fc4-871e-38f57ee93c13,美丽游戏,True,1061,279,0.39,1165
3,cb06dd19-381c-4513-8a9b-17b6e349adde,4d8043ee-95c3-43c9-9652-ff2812f0b778,紫气东来,True,1142,330,0.66,1428
3,cb06dd19-381c-4513-8a9b-17b6e349adde,4e73d656-18e4-47b7-839f-d07b94c13336,莫莫之王,True,1078,210,0.41,1312
3,cb06dd19-381c-4513-8a9b-17b6e349adde,4eb8d514-91aa-49bb-a361-7b52f7960471,奥格斯堡,True,1157,177,0.25,1513
3,cb06dd19-381c-4513-8a9b-17b6e349adde,4f4050d5-a81e-4f2c-9fe4-3b691e3a8bb3,床单军团,True,1068,288,0.49,1264
3,cb06dd19-381c-4513-8a9b-17b6e349adde,52ac1303-aa48-47c0-abfc-e1565cd83a2c,小辣椒莱,True,1056,160,0.32,1091
3,cb06dd19-381c-4513-8a9b-17b6e349adde,546f1283-41ba-44fc-8ae4-c2f349eab730,铁甲战狮,True,1068,257,0.58,1145
3,cb06dd19-381c-4513-8a9b-17b6e349adde,55d3b2ad-6730-4fdb-9a5e-3fa20c0ee991,布宜诺斯,True,1121,185,-0.07,1430
3,cb06dd19-381c-4513-8a9b-17b6e349adde,5607bb46-3924-4699-a221-28b6e75fb2ee,智利红酒,True,1113,220,0.06,1071
3,cb06dd19-381c-4513-8a9b-17b6e349adde,56110445-240a-45bb-8e2f-1dee3d3e7825,金鹰破晓,True,1074,157,0.15,1296
3,cb06dd19-381c-4513-8a9b-17b6e349adde,564a5213-4a71-4545-bd52-b2958bcdcb5c,苍穹雄鹰,True,1147,287,0.2,1581
3,cb06dd19-381c-4513-8a9b-17b6e349adde,56a4d6dd-79ee-4536-bf12-9873eff15482,寒冰领域,True,1080,232,0.58,1216
3,cb06dd19-381c-4513-8a9b-17b6e349adde,576a1500-e80b-488e-84a4-4d30d5c9f8e2,萨尔瓦多,True,1077,173,0.52,1344
3,cb06dd19-381c-4513-8a9b-17b6e349adde,58c7685d-d70a-4db2-ba81-82ec60565630,流水无痕,True,1089,231,0.44,1504
3,cb06dd19-381c-4513-8a9b-17b6e349adde,595645b3-210a-45b7-9719-8194d843afcc,桑巴学校,True,1119,195,0.55,1353
3,cb06dd19-381c-4513-8a9b-17b6e349adde,59ddcaef-f19f-464e-b647-87378c8e0340,炼油大师,True,1125,230,0.36,1567
3,cb06dd19-381c-4513-8a9b-17b6e349adde,5d26cab3-5840-4ddc-911e-96966cd04aed,幽冥鬼狼,True,1067,186,0.32,1159
3,cb06dd19-381c-4513-8a9b-17b6e349adde,5d916859-a4e4-4f4e-b5f5-183e781c1b9f,云豹穿林,True,1130,180,0.27,1380
3,cb06dd19-381c-4513-8a9b-17b6e349adde,5dbc0c0c-5cae-47c9-b6cb-c56edc170a86,南海蛟龙,True,1083,193,0.33,1274
3,cb06dd19-381c-4513-8a9b-17b6e349adde,5e79a306-a1b5-4379-a96b-59bc3b243b7f,桑巴舞者,True,1124,234,0.65,1276
3,cb06dd19-381c-4513-8a9b-17b6e349adde,5edb33b0-4b3b-48b7-bddd-2f6b9065fd7b,金字塔尖,True,1067,122,0.44,1117
3,cb06dd19-381c-4513-8a9b-17b6e349adde,6060f7cb-6bbf-4c2f-b3fc-230422f4ac95,清真美食,True,1153,246,0.34,1275
3,cb06dd19-381c-4513-8a9b-17b6e349adde,60a04a4b-6df1-4e32-a7bc-68776a385a86,设拉子酒,True,1082,180,0.29,1456
3,cb06dd19-381c-4513-8a9b-17b6e349adde,61ab2691-a159-4e1a-a1d7-4a16c903ab94,沙漠玫瑰,True,1141,338,-0.06,1496
3,cb06dd19-381c-4513-8a9b-17b6e349adde,620ab27f-f4c9-484d-ad85-b88180b2bf58,马里帝国,True,1122,182,0.21,1472
3,cb06dd19-381c-4513-8a9b-17b6e349adde,623c06a9-a30a-4bd4-8e29-48f10df92c69,那不勒斯,True,1077,271,0.52,1328
3,cb06dd19-381c-4513-8a9b-17b6e349adde,6389f794-4ebc-4cd5-a507-216bfbad5745,马丘比丘,True,1077,272,0.04,1200
3,cb06dd19-381c-4513-8a9b-17b6e349adde,6493de21-509e-4109-afcf-ce60120ae37d,里约狂欢,True,1143,298,0.35,1394
3,cb06dd19-381c-4513-8a9b-17b6e349adde,676a5416-929a-4ae2-aaea-2adafe7e7f70,丝路驼铃,True,1139,200,0.31,1407
3,cb06dd19-381c-4513-8a9b-17b6e349adde,68694a58-7731-42d2-8dcf-c6f25948a2af,马穆鲁克,True,1133,230,0.74,1544
3,cb06dd19-381c-4513-8a9b-17b6e349adde,68bf5a52-1c38-4b6c-b3e4-4ab1b7c50cfe,东北虎啸,True,1125,279,0.39,1513
3,cb06dd19-381c-4513-8a9b-17b6e349adde,6907c429-2dbb-4fbc-9055-1164a7af9ffa,银龙出海,True,1113,258,0.46,1084
3,cb06dd19-381c-4513-8a9b-17b6e349adde,694d2373-8e8d-498c-a51f-90db06f1ff51,蓝衣军团,True,1081,268,-0.01,1335
3,cb06dd19-381c-4513-8a9b-17b6e349adde,6a5387c1-7798-4d0b-aef5-87865e2df24f,伊斯法罕,True,1144,176,0.21,1683
3,cb06dd19-381c-4513-8a9b-17b6e349adde,6b4393e6-c532-409b-be86-40c3930ee94b,红宝石矿,True,1118,208,0.55,1395
3,cb06dd19-381c-4513-8a9b-17b6e349adde,6cce5283-6611-4cb8-8b9d-a747fb9a7b5d,华南虎威,True,1077,231,0.09,1472
3,cb06dd19-381c-4513-8a9b-17b6e349adde,6e4c18ef-22ee-42dc-996a-5d28e2e51aed,大马士革,True,1083,295,0.31,1632
3,cb06dd19-381c-4513-8a9b-17b6e349adde,6faf8572-3a96-4145-b8f5-3b8304fc486f,白虎啸天,True,1056,222,0.22,1456
3,cb06dd19-381c-4513-8a9b-17b6e349adde,71c88dd9-84d5-4415-8a2e-0393e0a55b8d,铁锤帮西汉,True,1144,202,0.35,1479
3,cb06dd19-381c-4513-8a9b-17b6e349adde,727ee9ce-e0e3-48c4-95a3-c8c8e3976150,金刚鹦鹉,True,1085,215,0.28,1616
3,cb06dd19-381c-4513-8a9b-17b6e349adde,7362d4e1-093b-469d-b35c-3b9df1e7f633,斗牛士团,True,1088,191,0.45,1568
3,cb06dd19-381c-4513-8a9b-17b6e349adde,73ad676d-fae2-4a8a-b69d-06d881cb694c,撒哈拉南,True,1134,201,0.03,1700
3,cb06dd19-381c-4513-8a9b-17b6e349adde,76ea894a-a987-4cc7-84b6-efbaa896d142,维多利亚,True,1084,343,0.42,1424
3,cb06dd19-381c-4513-8a9b-17b6e349adde,77c184eb-17cd-4a60-b1ef-d2d25d067708,绿松石绿,True,1021,241,0.25,1401
3,cb06dd19-381c-4513-8a9b-17b6e349adde,7987e549-b84a-4aa9-9c81-9eb88cd8e9ab,萨拉丁军,True,1084,224,0.46,1520
3,cb06dd19-381c-4513-8a9b-17b6e349adde,79ff5611-2f63-4a90-9948-420586063a5f,白虹贯日,True,1133,322,0.24,1419
3,cb06dd19-381c-4513-8a9b-17b6e349adde,7afb3a3e-6663-4edc-b70c-e13ed8981547,金虎啸月,True,1079,141,0.13,1399
3,cb06dd19-381c-4513-8a9b-17b6e349adde,7b0ab1d7-80c9-4fc1-a7d0-99de970e3d88,星月传奇,True,1134,276,0.29,1615
3,cb06dd19-381c-4513-8a9b-17b6e349adde,7d71e69b-29f1-4c7d-8de4-bc6a2dccf449,朱雀焚霞,True,1126,207,0.24,1438
3,cb06dd19-381c-4513-8a9b-17b6e349adde,7dc1a3a9-470b-4a15-af2b-fed9f7ca88a6,十字军东,True,1140,266,0.18,1498
3,cb06dd19-381c-4513-8a9b-17b6e349adde,7dc3c021-193d-416e-bc57-45e6d3ed8e01,非洲雄狮,True,1082,279,0.03,1392
3,cb06dd19-381c-4513-8a9b-17b6e349adde,7fb53f55-06b4-4131-a874-be848d281649,峨眉女侠,True,1132,259,0.22,1417
3,cb06dd19-381c-4513-8a9b-17b6e349adde,80130085-d12e-47ab-81f1-c0b8fa674a06,街球之王,True,1103,216,0.22,1390
3,cb06dd19-381c-4513-8a9b-17b6e349adde,8346aebc-cac4-49bf-a1e2-6fdf6fdc9a60,飓风之眼,True,1128,222,0.34,1310
3,cb06dd19-381c-4513-8a9b-17b6e349adde,84567e7d-096b-4367-b958-4abdbaecad31,乞力马扎,True,1079,270,0.44,1539
3,cb06dd19-381c-4513-8a9b-17b6e349adde,86036b21-4fa9-47dc-a2fd-9728e0e18feb,红黑恶魔,True,1125,192,0.39,1532
3,cb06dd19-381c-4513-8a9b-17b6e349adde,8698b7c7-8ee5-457a-beff-b198b61d6c98,南部之星,True,1061,316,0.11,1328
3,cb06dd19-381c-4513-8a9b-17b6e349adde,8705046a-c699-4ed3-a2a3-bbb9e40e06b3,双峰巨驼,True,1080,250,0.18,1248
3,cb06dd19-381c-4513-8a9b-17b6e349adde,8900177a-c5ca-40ad-bc40-e240fd6f2d9e,巨象踏天,True,1148,176,0.17,1428
3,cb06dd19-381c-4513-8a9b-17b6e349adde,89bd5a4e-fd08-4203-b76e-a76e5e40e750,驼峰运输,True,1122,281,0.63,1343
3,cb06dd19-381c-4513-8a9b-17b6e349adde,8be9eaf8-038f-4155-ab53-13acbff4a34e,凤凰涅槃,True,1071,195,0.44,1232
3,cb06dd19-381c-4513-8a9b-17b6e349adde,8c09e83c-4838-4d81-ac1d-2fc8970b5996,华山剑客,True,1128,230,0.41,1377
3,cb06dd19-381c-4513-8a9b-17b6e349adde,8c4bd183-3537-499a-a857-36da5ee3fcb8,天方夜谭,True,1081,222,0.39,1392
3,cb06dd19-381c-4513-8a9b-17b6e349adde,8d55034d-d964-4216-a678-6b492b254d3a,金狼逐日,True,1056,269,0.18,1272
3,cb06dd19-381c-4513-8a9b-17b6e349adde,90127a81-e457-4c9d-9981-9a1d54ee9dc9,石油大亨,True,1131,210,0.49,1309
3,cb06dd19-381c-4513-8a9b-17b6e349adde,902585f2-0a29-457b-a8a7-6231e080c089,辛巴达航,True,1055,209,0.27,1072
3,cb06dd19-381c-4513-8a9b-17b6e349adde,9192b63a-62eb-41f8-8294-4e8ed7b21cc4,银狼啸天,True,1122,214,0.39,1105
3,cb06dd19-381c-4513-8a9b-17b6e349adde,93d4a341-f696-4847-9963-39f49030f4c9,太妃糖埃弗,True,1137,255,0.21,1717
3,cb06dd19-381c-4513-8a9b-17b6e349adde,93f33371-f5bd-4f80-8652-b48419599822,雪山神鹰,True,1135,172,0.59,1728
3,cb06dd19-381c-4513-8a9b-17b6e349adde,95d02f9a-0c37-49b7-9a61-518ac5f7ef2c,复活节岛,True,1059,212,0.43,1267
3,cb06dd19-381c-4513-8a9b-17b6e349adde,95e4042e-52de-4df6-b5c9-7bc15fe0e2c6,库尔德勇,True,1063,224,0.0,1430
3,cb06dd19-381c-4513-8a9b-17b6e349adde,97bd3ccc-820c-47fd-8ff0-1acbd2dd5b90,水蟒巨蛇,True,1139,226,0.29,1580
3,cb06dd19-381c-4513-8a9b-17b6e349adde,985d0af0-92b6-4101-a859-b4b3ade0c9c4,少林武僧,True,1125,297,-0.09,1646
3,cb06dd19-381c-4513-8a9b-17b6e349adde,98d30838-3492-4b0c-8322-4314995bd393,一千零一夜,True,1131,294,0.38,1309
3,cb06dd19-381c-4513-8a9b-17b6e349adde,99300516-f774-4dff-8748-c4f8fa826f46,阿根廷梦,True,1032,238,0.09,1367
3,cb06dd19-381c-4513-8a9b-17b6e349adde,998ee0cd-7f64-4845-9225-151320635338,赫塔菲蓝,True,1107,166,0.1,1312
3,cb06dd19-381c-4513-8a9b-17b6e349adde,99b60819-3bb0-4ea6-a313-e0e25f54fe6b,沙漠商队,True,1043,149,-0.05,959
3,cb06dd19-381c-4513-8a9b-17b6e349adde,9a5d0d3c-b55b-4916-a8b2-f1259690c986,祖鲁战士,True,1122,145,0.57,1190
3,cb06dd19-381c-4513-8a9b-17b6e349adde,9b967cfb-d53b-40d1-bafa-aa907b8d0163,凯门鳄凶,True,1058,197,0.12,1378
3,cb06dd19-381c-4513-8a9b-17b6e349adde,9bbd18bf-ab3c-443c-9ff6-e552d4f5fef6,蓝军切尔西,True,1107,175,0.29,1426
3,cb06dd19-381c-4513-8a9b-17b6e349adde,9c415d32-dffa-4665-a9dd-71efc490b763,清真寺塔,True,1085,231,0.16,1280
3,cb06dd19-381c-4513-8a9b-17b6e349adde,9cd1ad3c-d8fb-4218-a634-2488d4756d21,尼罗河神,True,1013,232,0.1,1145
3,cb06dd19-381c-4513-8a9b-17b6e349adde,9d7bbfa0-9c00-41c4-a6a5-846ae2fdfac4,阿拉伯舞,True,1056,238,0.3,1067
3,cb06dd19-381c-4513-8a9b-17b6e349adde,9d8b1cbe-4b94-4e17-9c47-a4a902b851d7,非洲大象,True,1085,236,0.48,1408
3,cb06dd19-381c-4513-8a9b-17b6e349adde,9df8fe36-708a-48f0-907f-d29e4b838083,足球精灵,True,1050,184,0.1,1191
3,cb06dd19-381c-4513-8a9b-17b6e349adde,a0a40c58-92e7-4ee8-a1bd-d2ea7bfe8908,薛西斯军,True,1139,151,0.18,1352
3,cb06dd19-381c-4513-8a9b-17b6e349adde,a0c9921b-5fca-46a9-9356-3fc9360e0253,祖母绿光,True,1126,255,0.24,1264
3,cb06dd19-381c-4513-8a9b-17b6e349adde,a2332c17-c381-4780-b589-94c4f12f1991,克鲁格园,True,1089,210,0.26,1452
3,cb06dd19-381c-4513-8a9b-17b6e349adde,a28c9ba2-440b-487e-bbf2-ccc2d2cfb323,飞驴切沃,True,1082,260,0.28,1435
3,cb06dd19-381c-4513-8a9b-17b6e349adde,a4bd10dd-8eb2-4436-af34-ca71729a7606,美因茨红,True,1085,240,0.31,1392
3,cb06dd19-381c-4513-8a9b-17b6e349adde,a4c7a0b3-a574-48a6-8f5b-e87bf47b17bd,药厂勒沃,True,1031,146,0.5,1021
3,cb06dd19-381c-4513-8a9b-17b6e349adde,a513e312-2947-41ac-8191-76c13178ef90,沙漠孤鹰,True,1084,196,0.17,1632
3,cb06dd19-381c-4513-8a9b-17b6e349adde,a5671302-f5d6-497a-ae3f-c39c2f4eead3,日耳曼战,True,1024,167,0.42,1403
3,cb06dd19-381c-4513-8a9b-17b6e349adde,a729c9b9-d105-471a-bb71-ffd3bf626fbf,麒麟踏云,True,1146,212,0.32,1581
3,cb06dd19-381c-4513-8a9b-17b6e349adde,a77b1305-eb69-4e84-a3b0-a68c1ed073e5,红魔曼联,True,1119,185,0.36,1205
3,cb06dd19-381c-4513-8a9b-17b6e349adde,a7997283-358e-4c86-bb5c-1bbe865b736a,农场主富勒,True,1112,150,0.23,1304
3,cb06dd19-381c-4513-8a9b-17b6e349adde,a8b4d912-316d-4247-a375-5237b6dd9517,青龙偃月,True,1067,139,0.59,1200
3,cb06dd19-381c-4513-8a9b-17b6e349adde,a8daeebf-77a6-467b-af74-82520b31d1df,食蚁兽长,True,1088,159,0.42,1472
3,cb06dd19-381c-4513-8a9b-17b6e349adde,a8f5236d-ed25-4d79-9fbc-2a6e237590f4,阿里巴巴,True,1085,268,-0.33,1328
3,cb06dd19-381c-4513-8a9b-17b6e349adde,a9abf299-7238-49ce-9147-f3a64cc2ce1b,公牛都灵,True,1076,246,0.17,1427
3,cb06dd19-381c-4513-8a9b-17b6e349adde,a9b5b0e7-7b38-4883-8a10-f08b6e204fd0,狼堡沃尔夫,True,1137,245,0.08,1618
3,cb06dd19-381c-4513-8a9b-17b6e349adde,a9e2ee7c-196e-406b-8a61-7a12de641391,猫眼石闪,True,1120,275,0.35,1099
3,cb06dd19-381c-4513-8a9b-17b6e349adde,aac28b58-decc-4ebb-b817-1a1b4b7ed73a,阿拉维斯,True,1139,193,0.44,1764
3,cb06dd19-381c-4513-8a9b-17b6e349adde,aadbd3a9-b5b8-40b3-bc10-fa7795c32060,蜜蜂布伦特,True,1052,125,0.25,1181
3,cb06dd19-381c-4513-8a9b-17b6e349adde,ad25703e-0053-415e-8523-0d2730ac9365,狼队伍尔弗,True,1133,158,0.66,1292
3,cb06dd19-381c-4513-8a9b-17b6e349adde,ad44aa92-5680-4336-b85b-25d37bcc796f,大黄蜂多,True,1086,219,0.33,1488
3,cb06dd19-381c-4513-8a9b-17b6e349adde,ae6dc05a-edf4-460a-8f15-00a7210e38db,老鹰水晶宫,True,1029,183,0.33,943
3,cb06dd19-381c-4513-8a9b-17b6e349adde,ae87bcfc-d77a-4910-8d64-9fc17100da25,角马迁徙,True,1083,166,0.08,1448
3,cb06dd19-381c-4513-8a9b-17b6e349adde,af0a19de-6d42-4cff-8708-16eb0a12603c,马略卡岛,True,1150,258,-0.36,1717
3,cb06dd19-381c-4513-8a9b-17b6e349adde,b04ea948-66e6-4998-863f-bcbc9927f0c7,食人鱼群,True,1133,189,0.37,1565
3,cb06dd19-381c-4513-8a9b-17b6e349adde,b324d8ce-d613-460e-87db-74ad94d92d35,枪手兵工厂,True,1125,168,0.25,1370
3,cb06dd19-381c-4513-8a9b-17b6e349adde,b4107dca-e269-4f3a-8ab1-a36b3e309113,红军利物浦,True,1059,231,0.16,864
3,cb06dd19-381c-4513-8a9b-17b6e349adde,b4921016-e7cb-4a6a-b6b1-be4c5a053f7b,青云直上,True,1133,213,0.31,1496
3,cb06dd19-381c-4513-8a9b-17b6e349adde,b60163ef-97d5-4976-8fed-85ae5dfc5b3f,塞尔塔天,True,1061,245,0.6,1280
3,cb06dd19-381c-4513-8a9b-17b6e349adde,b6d8396d-19f1-4386-88e0-93a3818eef4a,斑马条纹,True,1124,253,0.65,1496
3,cb06dd19-381c-4513-8a9b-17b6e349adde,b6dd5442-7f02-480a-9abd-e47600d0cfe6,金石为开,True,1148,257,0.34,1564
3,cb06dd19-381c-4513-8a9b-17b6e349adde,b757ce5d-d52d-4f60-93fe-8f5613340a47,乌拉圭牛,True,1067,279,-0.04,1264
3,cb06dd19-381c-4513-8a9b-17b6e349adde,b77ab317-4751-4e3a-aca1-21cad5ef5341,狂熊撼地,True,1103,212,0.39,1122
3,cb06dd19-381c-4513-8a9b-17b6e349adde,b9010125-c177-46f0-ac56-eda4ec51d4f8,红尘滚滚,True,1146,278,0.07,1615
3,cb06dd19-381c-4513-8a9b-17b6e349adde,b9155ad9-e3b9-436a-af60-85e08ee184d9,钢铁柏林,True,1041,225,0.47,1376
3,cb06dd19-381c-4513-8a9b-17b6e349adde,bc4fdf86-d4fc-406e-b527-32b06cd5f360,印加帝国,True,1155,233,0.17,1615
3,cb06dd19-381c-4513-8a9b-17b6e349adde,bca64a9c-5aa4-4b59-a840-dccca22ca4ec,美洲豹王,True,1070,168,0.54,1216
3,cb06dd19-381c-4513-8a9b-17b6e349adde,be2cac80-28c9-42b2-b208-fe897bc8bf38,紫电鹰扬,True,1060,198,0.29,1037
3,cb06dd19-381c-4513-8a9b-17b6e349adde,bff686b7-f43b-4ee6-ab47-65f08e42f3e7,闪电杰尼,False,1006,306,-0.28,1396
3,cb06dd19-381c-4513-8a9b-17b6e349adde,c2e849d6-e49c-42a2-aded-da25324efa95,潘帕斯草,True,987,142,0.19,1035
3,cb06dd19-381c-4513-8a9b-17b6e349adde,c3a306c8-0370-4557-b17a-8cdc9b246873,金毛狮王,True,1078,272,0.42,1548
3,cb06dd19-381c-4513-8a9b-17b6e349adde,c567348e-56d2-41b5-b3bf-f12c1877cf25,绿茵魔术师,True,1079,172,0.49,1232
3,cb06dd19-381c-4513-8a9b-17b6e349adde,c5695aa8-498f-413e-b73b-3d10e4c4ffff,蝙蝠军团,True,1083,180,0.38,1536
3,cb06dd19-381c-4513-8a9b-17b6e349adde,c866a5c5-bf7f-4657-927d-b32818896bd3,马赛勇士,True,1141,258,0.42,1520
3,cb06dd19-381c-4513-8a9b-17b6e349adde,c8c72df5-e356-4b13-8e8f-ec88b7674dd2,紫百合佛,True,1029,229,0.75,1245
3,cb06dd19-381c-4513-8a9b-17b6e349adde,c9103d51-f0d0-4508-bbbc-cd0e215b80cb,三狮军团,True,1125,283,0.15,1547
3,cb06dd19-381c-4513-8a9b-17b6e349adde,c94a55b6-39c8-4129-81c7-f3b325e407be,沙漠之舟,True,1060,243,-0.11,1534
3,cb06dd19-381c-4513-8a9b-17b6e349adde,c9dd425d-59a1-4fa5-83c9-4b7ce2f7f429,巴塔哥尼,True,1074,150,0.21,1296
3,cb06dd19-381c-4513-8a9b-17b6e349adde,cce953b5-24b2-4111-b169-c7ee24250baa,塞维利业,True,1140,248,0.34,1513
3,cb06dd19-381c-4513-8a9b-17b6e349adde,ced36a6a-ff76-4d6e-b530-155bef975c6f,纳斯卡线,True,1133,174,0.52,1394
3,cb06dd19-381c-4513-8a9b-17b6e349adde,cf38b978-2024-45a7-8f20-99dfe99fa0b8,格拉纳达,True,1073,227,0.52,1200
3,cb06dd19-381c-4513-8a9b-17b6e349adde,cfbaab7e-1b94-4a03-b11d-ffe126ca94ae,刚果雨林,True,1108,270,0.24,1300
3,cb06dd19-381c-4513-8a9b-17b6e349adde,d05a7cac-77cc-4fa9-8eba-d3db36881a4f,矿工沙尔,True,1072,185,-0.18,1417
3,cb06dd19-381c-4513-8a9b-17b6e349adde,d1528662-c97b-4af7-ab2f-e98b795cdda4,斯图加特,True,1088,263,0.13,1488
3,cb06dd19-381c-4513-8a9b-17b6e349adde,d1c0d939-c777-4a8e-b87d-ede88c6e6abe,火狼焚原,True,1082,246,0.04,1520
3,cb06dd19-381c-4513-8a9b-17b6e349adde,d20dd201-3871-43d1-afee-f407f87659b4,居鲁士帝,True,1086,182,0.31,1360
3,cb06dd19-381c-4513-8a9b-17b6e349adde,d3286bd6-52f2-4571-afb5-cd2c361ab8ab,阿拉丁灯,True,1050,241,0.65,832
3,cb06dd19-381c-4513-8a9b-17b6e349adde,d3b66902-aa7c-408c-a3a8-2343ebc9cbe0,犀牛冲撞,True,1072,315,0.0,1476
3,cb06dd19-381c-4513-8a9b-17b6e349adde,d4b06680-c802-4b4f-8fd1-33bea289ade2,西海金龙,True,1146,173,0.28,1751
3,cb06dd19-381c-4513-8a9b-17b6e349adde,d69d7488-960a-4778-a79c-a0330172ef4a,绿白贝蒂,True,1083,260,0.31,1152
3,cb06dd19-381c-4513-8a9b-17b6e349adde,d871b731-c80d-4872-b5b2-59a8a7b126ee,圣保罗彩,True,1133,193,0.37,1377
3,cb06dd19-381c-4513-8a9b-17b6e349adde,d89a5197-5cc5-4e06-971e-c198e16e5d18,桑布露族,True,1120,130,0.19,1542
3,cb06dd19-381c-4513-8a9b-17b6e349adde,da33e4ad-66d5-433e-93ba-366a9c2daf3f,非洲野牛,True,1147,211,-0.04,1508
3,cb06dd19-381c-4513-8a9b-17b6e349adde,da7e1fb6-644f-4f12-ac90-d8a9cf2d9645,真蓝黑亚,True,1075,207,0.31,1454
3,cb06dd19-381c-4513-8a9b-17b6e349adde,de554813-103d-4ab7-a7b0-030d80a26303,阿拉伯军,True,1158,256,0.32,1666
3,cb06dd19-381c-4513-8a9b-17b6e349adde,de838a52-9057-4623-a707-fd29fd23e02c,霍村霍芬,True,1081,215,0.32,1120
3,cb06dd19-381c-4513-8a9b-17b6e349adde,df0c3811-9f00-451e-bd0a-4d22f839f910,红狼罗马,True,1085,161,0.34,1440
3,cb06dd19-381c-4513-8a9b-17b6e349adde,df0cf5b2-3259-4822-b945-261c54e430ba,红牛莱比,True,1084,229,0.4,1456
3,cb06dd19-381c-4513-8a9b-17b6e349adde,df29d5d7-141c-470c-b226-c2c18994aa4b,蓝鹰拉齐,True,1141,189,0.6,1394
3,cb06dd19-381c-4513-8a9b-17b6e349adde,e0c9eea6-67ef-4e89-adff-55007cad963b,撒丁岛卡,True,1086,202,0.07,1408
3,cb06dd19-381c-4513-8a9b-17b6e349adde,e1027b61-123f-401b-b628-e0b3a79eaea6,阿散蒂金,True,1129,273,0.32,1746
3,cb06dd19-381c-4513-8a9b-17b6e349adde,e1c28409-400e-4cae-b1a2-bf81ab44ac90,拉普拉塔,True,1065,162,0.14,1296
3,cb06dd19-381c-4513-8a9b-17b6e349adde,e1ee3921-d9a9-48ce-a389-3fa4d0dcbf50,草原战狼,True,1058,143,0.19,1204
3,cb06dd19-381c-4513-8a9b-17b6e349adde,e5e69a4d-63f0-4e62-addb-b51923c6289b,巴斯克雄,True,1083,145,0.39,1616
3,cb06dd19-381c-4513-8a9b-17b6e349adde,e5f8b687-80b4-4e5b-9398-0f67c674604a,绿洲明珠,True,1127,215,0.35,1224
3,cb06dd19-381c-4513-8a9b-17b6e349adde,e6003d82-a938-4dc4-864c-b63501f2ae70,尼罗河源,True,1082,193,0.47,1280
3,cb06dd19-381c-4513-8a9b-17b6e349adde,e8069429-7f4a-4735-a309-c9f73c6a9942,能源霸主,True,1086,207,-0.03,1439
3,cb06dd19-381c-4513-8a9b-17b6e349adde,e87b425e-c078-458e-8712-5812eb2007cd,赤龙焚天,True,1077,132,0.68,1312
3,cb06dd19-381c-4513-8a9b-17b6e349adde,e94e5257-ab68-4ad7-847b-1173ce6578be,图西胡图,True,1143,369,0.25,1578
3,cb06dd19-381c-4513-8a9b-17b6e349adde,e9dd35ad-da38-4f78-8495-797e678b3c20,香料之路,True,1027,230,0.42,1170
3,cb06dd19-381c-4513-8a9b-17b6e349adde,eb2f1e87-4901-4c3f-93e5-4bc8a6a03f06,土耳其近,True,1139,408,0.12,1609
3,cb06dd19-381c-4513-8a9b-17b6e349adde,ed5c6eb4-7eaa-4484-8711-9333b2d11b16,波斯地毯,True,1093,252,0.59,1552
3,cb06dd19-381c-4513-8a9b-17b6e349adde,eeb45694-9f5a-4bb9-ab06-6b9b79d06670,紫电龙骑,True,1064,207,-0.17,1460
3,cb06dd19-381c-4513-8a9b-17b6e349adde,f040b65b-6bca-4d22-8209-5db13b34e775,探戈情人,True,1060,168,0.12,1233
3,cb06dd19-381c-4513-8a9b-17b6e349adde,f0be488b-4f4e-4f97-9eb1-8868116d7b93,小海马萨,True,1078,168,0.24,1408
3,cb06dd19-381c-4513-8a9b-17b6e349adde,f0c2b81f-e7a2-4001-8b08-d92dea47338f,不来梅绿,True,1097,262,0.41,1372
3,cb06dd19-381c-4513-8a9b-17b6e349adde,f13044b1-6e84-4b16-8f06-e695944e0bb7,亚马逊河,True,1075,192,0.3,1370
3,cb06dd19-381c-4513-8a9b-17b6e349adde,f239bd15-2cb8-4f6d-9d6f-5adea01696ff,圣徒南安普,True,1142,219,0.37,1615
3,cb06dd19-381c-4513-8a9b-17b6e349adde,f37aae86-41db-49a2-be9f-d239ed67a9d7,玛瑙石红,True,1085,176,0.23,1440
3,cb06dd19-381c-4513-8a9b-17b6e349adde,f3ec8fde-fe3c-43c9-aec6-6084ea0ce620,汽油骑士,True,1129,235,0.29,1479
3,cb06dd19-381c-4513-8a9b-17b6e349adde,f5fab24c-152b-4150-ae51-5faa82e9aff4,白百合热,True,1028,245,0.2,1084
3,cb06dd19-381c-4513-8a9b-17b6e349adde,fb87ae66-a9df-487c-ab8a-5840eeac1d07,雷霆万钧,True,1084,229,0.34,1472
3,cb06dd19-381c-4513-8a9b-17b6e349adde,fc06cf91-c305-493c-84ba-bd93802991fc,热带雨林,True,1141,330,-0.0,1552
3,cb06dd19-381c-4513-8a9b-17b6e349adde,fd2d0447-d660-47dd-a0dc-12f7ebfc2e65,银河战舰,True,1085,196,0.17,1264
3,cb06dd19-381c-4513-8a9b-17b6e349adde,fd2f2ffd-b02d-4117-b2aa-f0c1c9b83553,森林之语,True,1083,247,0.53,1360
3,cb06dd19-381c-4513-8a9b-17b6e349adde,fdb06b8f-684f-4761-b62e-22e64c5971b5,波斯猫王,True,1088,253,0.27,1392
3,cb06dd19-381c-4513-8a9b-17b6e349adde,fde969e3-86ac-462d-bbc1-963eab38b504,沙漠之狐,True,1109,293,0.35,952
3,cb06dd19-381c-4513-8a9b-17b6e349adde,fe128fb9-67f0-4d49-80e5-bb6292a71be2,铁翼飞鹰,True,1134,245,0.22,1377
3,cb06dd19-381c-4513-8a9b-17b6e349adde,ff2dd69b-ac4c-4ce3-af23-521daf536eed,斑马军团,True,1062,239,0.4,1136
3,cb06dd19-381c-4513-8a9b-17b6e349adde,ff55cef1-9862-4d72-9ba4-3d241938741b,巴格达城,True,1142,256,0.42,1462
